Rank,Institution,Type,City,Website,Deposits,Assets,Biz card?,Card link,0% intro,Terms,Underwriter,UW evidence,Apply,Apply link,Bureau (quick),No-doc (quick),ChexSystems,EWS,LexisNexis/SageStream,Other secondary,Live-check note,Sources,Screen date
1,"Bank of America, National Association",Out-of-state bank with CA branches (SOD),Charlotte,https://business.bankofamerica.com,422113884,2672192000,YES,https://business.bankofamerica.com/en/credit-cards/business-advantage-unlimited-cash-rewards,⭐ YES (intro APR on purchases offered; cycle count rendered dynamically on page — prior: 0% 7-9 cycles),"3 Business Advantage cards (Unlimited Cash 1.5%, Customized Cash 3%, Travel); $0 AF on all; $500/50K bonuses",SELF,Apply-now buttons go to BofA secure portal on bankofamerica.com; no agent-bank tells,Online,https://business.bankofamerica.com/en/credit-cards,Not visible on live pages (prior: Experian-dominant in CA),⭐ Not visible live (prior: PG yes via SSN; no tax returns for cards),"No — does not pull (DoC 2025-08-07, 9 DPs; comment 2026-03-06) [DOC-LIST + COMMUNITY-DP; 2026-05-22] (https://www.doctorofcredit.com/banks-credit-unions-dodont-pull-chexsystems/)",Yes — pulls (EWS co-owner; DoC ×4 DPs) [DOC-LIST + COMMUNITY-DP; 2026-05-22] (https://www.doctorofcredit.com/banks-credit-unions-dodont-pull-early-warning-services/#comment-2326911),Yes — uses SageStream 'Credit Optics' score data for CREDIT decisions (cards/loans); 'extremely unlikely to deny for frozen SageStream' unless thin traditional file [DOC-LIST; article 2016-08-08] (https://www.doctorofcredit.com/bank-america-now-uses-sagestream-credit-optics-score-data-credit-decisions/),UNKNOWN,LIVE-CONFIRMS-PRIOR,https://business.bankofamerica.com/en/credit-cards; https://business.bankofamerica.com/en/credit-cards/business-advantage-unlimited-cash-rewards,2026-06-11
2,"Wells Fargo Bank, National Association",Out-of-state bank with CA branches (SOD),Sioux Falls,https://www.wellsfargo.com,299560094,1852239000,YES,https://creditcards.wellsfargo.com/business-credit-cards/signify-business-cash-credit-card/,⭐ 0% 12 months (purchases),$0 AF; 2% unlimited cash rewards; 16.74-24.74% var after intro; $500 bonus @ $5K/3mo,SELF,Hosted on creditcards.wellsfargo.com; WF-issued Signify card; biz credit-cards index 301-redirects straight to Signify page (only new-app card),Online (also branch by appt),https://creditcards.wellsfargo.com/business-credit-cards/signify-business-cash-credit-card/,Not visible,Not visible,"No — mostly (DoC 'mixed' 34-no vs 1-yes, 2025-08-07; DP 2026-04-14) [DOC-LIST + COMMUNITY-DP; 2026-05-22] (https://www.doctorofcredit.com/banks-credit-unions-dodont-pull-chexsystems/)","Yes — pulls (EWS co-owner; BIZ app hits owner's EWS, DP 2019-01-12) [DOC-LIST + COMMUNITY-DP; 2026-05-22] (https://www.doctorofcredit.com/banks-credit-unions-dodont-pull-early-warning-services/#comment-2326911)",UNKNOWN,UNKNOWN,LIVE-CONFIRMS (Signify only card for new apps; 0% 12 mo; $0 AF; 2%; live adds $500 SUB and APR band 16.74-24.74%),https://www.wellsfargo.com/biz/business-credit/credit-cards/ | https://creditcards.wellsfargo.com/business-credit-cards/signify-business-cash-credit-card/,2026-06-11
3,"JPMorgan Chase Bank, National Association",Out-of-state bank with CA branches (SOD),Columbus,https://www.chase.com,287153152,4016571000,YES,https://creditcards.chase.com/business-credit-cards,⭐ Yes - 12 mo on purchases (Ink Unlimited & Ink Cash),Ink Unlimited/Cash $0 AF + 0% 12mo; Ink Preferred $95; Ink Premier $195,SELF,Chase is the issuer on its own chase.com domain; cards branded Ink by Chase,Online,https://creditcards.chase.com/business-credit-cards,—,—,No — does not pull (DoC list 2025-08-07; Chex-report DP 2026-04-14; biz also no-pull ×4) [DOC-LIST + COMMUNITY-DP; 2026-05-22] (https://www.doctorofcredit.com/banks-credit-unions-dodont-pull-chexsystems/),Yes — pulls + reports (EWS co-owner; DPs 2026-05-22) [DOC-LIST + COMMUNITY-DP; 2026-05-22] (https://www.doctorofcredit.com/banks-credit-unions-dodont-pull-early-warning-services/#comment-2326911),UNKNOWN,UNKNOWN,Fresh screen (single pass; not in live re-verify set),https://creditcards.chase.com/business-credit-cards,2026-06-11
4,U.S. Bank National Association,Out-of-state bank with CA branches (SOD),Cincinnati,https://www.usbank.com,114337732,683379960,YES,https://www.usbank.com/business-banking/business-credit-cards/business-triple-cash-back-credit-card.html,⭐ 0% intro APR purchases+BT 12 billing cycles (Triple Cash & Business Shield),Triple Cash: $0 AF; 3% gas/EV(<=$200)/office supply/cell/restaurants; $100 software credit; BT fee 5% min $5,SELF,Footer: 'U.S. Bank National Association' issues pursuant to Visa/MC license; apply routes to onboarding.usbank.com,Online,https://www.usbank.com/business-banking/business-credit-cards.html,—,—,"Yes — pulls, incl. business (Chex-report DP 2025-05/2026-05-08; biz DP 2025-10-17, not sensitive) [DOC-LIST + COMMUNITY-DP; 2026-05-22] (https://www.doctorofcredit.com/banks-credit-unions-dodont-pull-chexsystems/)",Yes — pulls (EWS co-owner; 'US Bank & Elan' inquiries DP 2026-05-22) [DOC-LIST + COMMUNITY-DP; 2026-05-22] (https://www.doctorofcredit.com/banks-credit-unions-dodont-pull-early-warning-services/#comment-2326911),Yes — soft-pulls SageStream (now LexisNexis Risk Solutions); can DENY on it; freeze before applying [COMMUNITY-DP/project-fact; 2026-06] (https://ficoforums.myfico.com/t5/Business-Credit/ (Triple Cash DPs; v7 funding table row 'U.S. Bank')),"ARS (Advanced Resolution Services, CBC/Innovis affiliate) — soft-pulled alongside SageStream; can deny [COMMUNITY-DP/project-fact; 2026-06]","PRIOR-RICHER (live confirms 0% 12 cyc Triple Cash/Shield, $0 AF, 3% cats, self-issued, online; prior's 'up to 18 cyc in-branch' not visible on live pages)",https://www.usbank.com/business-banking/business-credit-cards.html; https://www.usbank.com/business-banking/business-credit-cards/business-triple-cash-back-credit-card.html,2026-06-11
5,CITY NATIONAL BANK,Bank,Los Angeles,https://www.cnb.com,81067113,99947369,YES,https://www.cnb.com/business-banking/lending/credit-cards/commercial.html,NO,Visa Commercial Card; commercial-only (no small-biz card); rewards points; AF not shown on page,SELF,No third-party/Elan markers on cnb.com card page; CNB-branded commercial program,Contact-form/banker,https://www.cnb.com/business-banking/lending/credit-cards/commercial.html,—,—,"Consumer: Yes-probable — DoC 'City National Bank' does pull (2 DPs), NOT sensitive (approved 15+/12mo); CAUTION some DPs may be CNB West Virginia twin; own Personal Disclosures (46pp) name NO vendor, only generic 'consumer reporting agencies, account information services' | BUSINESS: Signer-auth — VERIFIED own BUSINESS Deposit Disclosures (ID 174, 63pp): 'to consider a request to open an account... we may request information from consumer reporting agencies' — identical generic clause, NO Chex/EWS named [2026-06-11 (docs fetched)] (https://www.cnb.com/content/dam/cnb/business-banking/accounts/documents/business-accounts-deposit-account-agreement-174.pdf)",Consumer: No mention own docs; no EWS DPs (lean-no) | BUSINESS: No mention (lean-no) [2026-06-11 (docs fetched)] (https://www.cnb.com/content/dam/cnb/business-banking/accounts/documents/business-accounts-deposit-account-agreement-174.pdf),UNKNOWN,UNKNOWN,LIVE-CONFIRMS,https://www.cnb.com/business-banking/lending/credit-cards/commercial.html,2026-06-11
6,"Citibank, National Association",Out-of-state bank with CA branches (SOD),Sioux Falls,https://www.citi.com,72004000,1933622000,YES,https://www.citi.com/credit-cards/compare/business-credit-cards,No,2 biz cards: Citi/AAdvantage Business ($0 intro AF then $99) and Costco Anywhere Visa Business ($0 AF w/ Costco membership); neither advertises 0% intro APR,SELF,Major national issuer; own-domain citi.com card pages and Apply Now buttons,Online,https://www.citi.com/credit-cards/compare/business-credit-cards,Not stated on page,Not stated on page,Yes — but approves with FROZEN Chex (DoC 2025-08-07 31 DPs; freeze-OK DPs 2026-04-14 + 2026-06-04) [DOC-LIST + COMMUNITY-DP; 2026-05-22] (https://www.doctorofcredit.com/banks-credit-unions-dodont-pull-chexsystems/),Yes — pulls (DoC ×3; DP 2026-05-22) [DOC-LIST + COMMUNITY-DP; 2026-05-22] (https://www.doctorofcredit.com/banks-credit-unions-dodont-pull-early-warning-services/#comment-2326911),UNKNOWN,UNKNOWN,Fresh screen (single pass; not in live re-verify set),https://www.citi.com/credit-cards/compare/business-credit-cards,2026-06-11
7,EAST WEST BANK,Bank,Pasadena,https://www.eastwestbank.com,69086073,82474471,YES,https://www.eastwestbank.com/en/small-mid-size-businesses/disbursements-and-payments,NO (none shown; corporate One Card),One Card corporate card; APR/fees set by Elan; consumer-style terms not published,Elan,Live page: issued by Elan Financial Services pursuant to Visa USA license; Elan may change APRs/fees,Phone/banker,tel:888-761-3967 (no online apply),—,—,"Yes — Crediful: uses Chex to screen checking applicants; own Deposit Agreement (eff. 2024-06-01) 'New Account Verification' = generic 'check or credit reporting agency', vendor UNNAMED [COMMUNITY-DP (Crediful) + Generic-CRA-clause (own doc); 2026-06-12] (https://www.crediful.com/chexsystems/east-west-bank/)",Generic-CRA-clause (vendor unnamed) — own Deposit Agreement names no EWS; 0 'Early Warning' hits in 60-pg doc [VERIFIED-absence; 2026-06-12] (https://www.eastwestbank.com/content/dam/ewb-dotcom/docs/terms-and-conditions/Deposit_Account_Agreement.pdf),Not named in own 60-pg Deposit Agreement [VERIFIED-absence; 2026-06-12] — inquiry-side UNKNOWN (https://www.eastwestbank.com/content/dam/ewb-dotcom/docs/terms-and-conditions/Deposit_Account_Agreement.pdf),UNKNOWN,"LIVE-CONFIRMS (commercial-only One Card, Elan, no online apply)",https://www.eastwestbank.com/en/small-mid-size-businesses/disbursements-and-payments,2026-06-11
8,First-Citizens Bank & Trust Company,Out-of-state bank with CA branches (SOD),Raleigh,https://www.firstcitizens.com,49197599,235521000,YES,https://www.firstcitizens.com/small-business/credit-financing/credit-cards,"⭐ YES — 0% 12mo (Low-Interest Business Visa); 0% 9mo (Rewards & Cash Rewards Business Visa), purchases + BT","Low-Interest: 0% 12mo then 13.49-22.49% var, $0 AF; Rewards/Cash Rewards: 0% 9mo then 15.49-24.49% var; BT fee 3% ($5 min); new-account only (no FCB card in prior 15mo). Site 403s to bots — terms verified via live Google results/snippets of firstcitizens.com product pages",SELF,First Citizens issues own branded Business Visas on firstcitizens.com product pages (no Elan/FNBO/TCM portal); prior self-issue finding consistent with live results,In-person,https://www.firstcitizens.com/small-business/credit-financing/credit-cards/compare,—,—,Yes — pulls (DoC 2025-08-07; Crediful 2025-10-07) [DOC-LIST + COMMUNITY-DP; 2022-11-20] (https://www.doctorofcredit.com/banks-credit-unions-dodont-pull-chexsystems/),N/M (not on DoC EWS list) [DOC-LIST + COMMUNITY-DP; 2022-11-20] (https://www.doctorofcredit.com/banks-credit-unions-dodont-pull-early-warning-services/#comment-1492418),UNKNOWN,UNKNOWN,LIVE-CONFIRMS,https://www.firstcitizens.com/small-business/credit-financing/credit-cards; https://www.firstcitizens.com/small-business/credit-financing/credit-cards/lowest-interest,2026-06-11
9,BMO Bank National Association,Out-of-state bank with CA branches (SOD),Chicago,https://www.bmo.com,35458327,251964731,YES,https://www.bmo.com/en-us/main/business-banking/credit-cards/platinum/,⭐ 0% 18 mo purchases+BT (Business Platinum),$0 AF; 12.74-21.74% var after intro; Business Platinum Rewards variant also offered,SELF,BMO-branded card pages + BMO-hosted Summary of Credit Terms PDF (bmo.com/en-us/pdf/credit/BMOBusinessPlatinumRewards.pdf); BMO Bank N.A. self-issues,Online,https://www.bmo.com/en-us/main/business-banking/credit-cards/platinum/,not visible live (prior DP: TransUnion),not visible live,"Yes — pulls (DoC 2025-08-07, 18+ DPs; Crediful 2025-10-22); historically NOT inquiry-sensitive [DOC-LIST + COMMUNITY-DP; 2026-05-22] (https://www.doctorofcredit.com/banks-credit-unions-dodont-pull-chexsystems/)",N/M (not on DoC EWS list) [DOC-LIST + COMMUNITY-DP; 2026-05-22] (https://www.doctorofcredit.com/banks-credit-unions-dodont-pull-early-warning-services/#comment-2326911),UNKNOWN,UNKNOWN,LIVE-CONFIRMS (0% 18mo $0 AF Platinum; bmo.com 503-blocked direct fetch — confirmed via indexed bmo.com pages/PDF + reviews),https://www.bmo.com/en-us/main/business-banking/credit-cards/platinum/ | https://www.hustlermoneyblog.com/bmo-business-platinum-mastercard-review/,2026-06-11
10,SCHOOLSFIRST FEDERAL CREDIT UNION,Credit Union,Santa Ana,https://www.schoolsfirstfcu.org,31586618,36737429,NO,,—,Consumer-only lineup: Inspire / Rewards / School Employee / Share-Secured Mastercard — no business cards or business banking anywhere in nav,—,n/a — no card program [raw: UNKNOWN],n/a,,n/a,n/a,"Yes — VERIFIED own product pages: 'ChexSystems verification and $25 minimum opening deposit required' (Free Checking, Investment Checking; Liquid Advantage MM = Chex + $2,000) [VERIFIED (own site); 2026-06-12] (https://www.schoolsfirstfcu.org/products/checking-savings/checking/free-checking/)",No screening evidence — only Zelle (EWS-owned product) infrastructure on site [searched 2026-06-12; UNKNOWN],UNKNOWN,UNKNOWN,LIVE-CONFIRMS-PRIOR (educator CU; consumer cards only),https://www.schoolsfirstfcu.org/products/credit-cards-personal-loans/credit-cards/; google SERP,2026-06-11
11,BANC OF CALIFORNIA,Bank,Los Angeles,https://bancofcal.com,27440681,34642892,YES,https://bancofcal.com/business-banking/business-credit-cards/,⭐ 0% 20 billing cycles purch+BT (third-party; official site 403 to fetcher),$0 AF; FX fee 2% USD / 3% foreign; ongoing APR not visible live,Elan,Apply link domain online1.elancard.com (hustlermoneyblog review); Banc of California LAFC card Elan-issued (NerdWallet); official page blocked (HTTP 403),Online (Elan portal),online1.elancard.com (per review; official page 403 to fetcher),Not visible,Not visible,Consumer: Yes — VERIFIED own DAAD eff. 2026-01-01: 'new accounts are subject to verification through ChexSystems' | BUSINESS: Yes (signer) — VERIFIED: same DAAD governs business accounts ('All other accounts shall be considered business accounts') and screening triggers 'by becoming an authorized signer'; closures reported to Chex [2026-06-11 (doc eff. 2026-01-01)] (https://dam.bancofcal.com/m/7ac537b3b4b71842/original/Deposit-Account-Agreement-and-Disclosure-DAAD-1-1-26.pdf),Consumer: No mention — 0 EWS hits in 34-pg DAAD (lean-no) | BUSINESS: No mention (lean-no) [2026-06-11 (doc eff. 2026-01-01)] (https://dam.bancofcal.com/m/7ac537b3b4b71842/original/Deposit-Account-Agreement-and-Disclosure-DAAD-1-1-26.pdf),UNKNOWN,UNKNOWN,LIVE-CONFIRMS (Elan + 0% 20 cycles + $0 AF stand; caveat: bancofcal.com serves 403 to fetcher - verified via search-indexed official page title + third party; card page URL now /business-banking/business-credit-cards/),https://bancofcal.com/business-banking/business-credit-cards/ | https://www.hustlermoneyblog.com/banc-of-california-business-card/,2026-06-11
12,FIRST TECHNOLOGY FEDERAL CREDIT UNION,Credit Union,San Jose,https://www.firsttechfed.com,24592589,28579914,UNCLEAR,https://www.firsttechfed.com/help/cardholder-benefits,NO (none published),Mastercard Business Credit Card benefits listed 'for existing card holders only'; no rates/AF published; site returned 503 to direct fetch - verified via Google-indexed firsttechfed.com pages,UNKNOWN,No issuer/portal disclosed for the business Mastercard; benefits page only (Mastercard Easy Savings/Receipt Mgmt boilerplate),Phone/branch (no online app for business card),,—,—,Pull: Mixed (4 yes / 3 no) — SENSITIVE [DOC-LIST; 2025-08-07] (https://www.doctorofcredit.com/banks-credit-unions-dodont-pull-chexsystems/),UNKNOWN,UNKNOWN,UNKNOWN,"LIVE-CONFIRMS (business MC exists but existing-cardholders-only, no online app, no published terms)",https://www.firsttechfed.com/help/cardholder-benefits; https://www.firsttechfed.com/borrow/credit-cards,2026-06-11
13,AXOS BANK,Savings Institution (Federal Savings Bank),San Diego,https://www.axosbank.com,22684696,28237712,YES,https://www.axosbank.com/commercial/banking/global-treasury-management/commercial-credit-card,NO,Visa Commercial Credit Card (1% cash back) + Visa Commercial Charge Card (up to 1.75%); $0 AF both; commercial/consult channel,UNKNOWN,Page names no issuer; eZBusiness/eZCardInfo is servicing portal only — agent-platform marker but underwriter not decodable,Schedule-a-call/consult,https://www.axosbank.com/commercial/banking/global-treasury-management/commercial-credit-card,—,—,"Yes — UPGRADE to VERIFIED: own support FAQ: 'Axos will not be able to process or approve your application with a ChexSystems freeze in place' — applies to PERSONAL and BUSINESS accounts; DoC: 6 DPs, NOT inquiry-sensitive (approved 50+/12mo) [VERIFIED (own FAQ) + DOC-LIST; 2026-06-12] (https://www.axosbank.com/business/support/faqs)",UNKNOWN,UNKNOWN,UNKNOWN,LIVE-CONFIRMS,https://www.axosbank.com/commercial/banking/global-treasury-management/commercial-credit-card,2026-06-11
14,CATHAY BANK,Bank,El Monte,https://www.cathaybank.com,20697975,24035136,YES,https://www.cathaybank.com/business/credit-cards,"⭐ YES — intro APR 6 mo (Mastercard Business Platinum, purchases+BT; rate not shown)","MC Business Platinum (low rate, 6-mo intro) + Business Platinum Rewards (1% cash back unlimited); APR/AF on Elan storefront",Elan,Live footer: creditor and issuer of these cards is Elan Financial Services (Visa/Mastercard licenses),Online,https://www.mycardapply.com/synindex/?ecdma-lc=36055&ecid=OTHE_25940&offertype=0#business,—,—,Generic-CRA-clause (vendor unnamed) — own Deposit Account Agreement (consumer+business) sec.50 'Use of Consumer Reporting Agencies': 'third party services to verify... previous banking relationships'; ChexSystems never named; one weak undated forum claim of NO Chex stands [VERIFIED-absence (own doc) + weak COMMUNITY-DP; 2026-06-12] (https://www.cathaybank.com/documents/personal/digital-account-opening/deposit-account-agreement.pdf),Generic-CRA-clause (vendor unnamed) — 0 EWS hits in 40-pg agreement [VERIFIED-absence; 2026-06-12] (https://www.cathaybank.com/documents/personal/digital-account-opening/deposit-account-agreement.pdf),Not named in own agreement [VERIFIED-absence; 2026-06-12] — inquiry-side UNKNOWN (https://www.cathaybank.com/documents/personal/digital-account-opening/deposit-account-agreement.pdf),UNKNOWN,"LIVE-CONFIRMS (Elan, 6-mo intro, 1% cash back, online apply)",https://www.cathaybank.com/business/credit-cards,2026-06-11
15,THE GOLDEN 1 CREDIT UNION,Credit Union,Sacramento,https://www.golden1.com,19512114,21737187,NO,—,—,Card lineup is consumer-only: Member First (secured) / Member Cash Rewards+ / Member Rate Advantage; business services page (deposit-side) 503'd to bot but search of golden1.com shows no business card product,—,golden1.com/credit-cards lists only 3 personal cards; no business card page found on domain [raw: None (self-issues personal cards only)],No,—,—,—,Yes — pulls Chex and is INQUIRY-SENSITIVE ('signing up for lots of bank bonuses => struggle to be approved for membership') [DOC-LIST; 2026-06-12 search] (https://www.doctorofcredit.com/banks-credit-unions-chexsystems-inquiry-sensitive/),UNKNOWN,UNKNOWN,"Equifax HARD pull just to join (credit bureau, noted for completeness) [COMMUNITY-DP; 2026-06-12] (https://www.doctorofcredit.com/banks-credit-unions-dodont-pull-chexsystems/)",LIVE-CONFIRMS,https://www.golden1.com/credit-cards,2026-06-11
16,MECHANICS BANK,Bank,Walnut Creek,https://www.mymechanics.com,18251541,21403986,YES,https://www.mymechanics.com/business/loans-credit/business-credit-cards/,⭐ 0% 12 billing cycles (Cash Preferred; purchases+BT); 0% 6 cycles (Real Rewards),Cash Preferred: 17.24-26.24% after intro $0 AF 3% gas/EV/cell/office/dining; Smart Business Rewards $0 intro then $95 AF; Real Rewards 1.5X $0 AF,Elan,"Verbatim on bank page: ""The creditor and issuer of these cards is Elan Financial Services""",Online,https://creditcardlearnmore.com/11t3/index?ecdma-lc=23692&ecid=OTHE_25940,not visible live (prior: TransUnion varies),not visible live,Yes — VERIFIED own Personal Account Agreement (doc dated 2026-03-23): 'new accounts are subject to verification through ChexSystems (the Reporting Agency) and may be declined based in whole or in part on information obtained in a report' [VERIFIED (own doc); 2026-06-12] (https://www.mechanicsbank.com/contentassets/9e0348bebd2b44b2a8fa059267bcab78/1200-personal-account-agreement-disclosure-mkt10000-v3-final-mkt-copy.pdf),Not named in own 20-pg Personal Account Agreement [VERIFIED-absence; 2026-06-12] — inquiry-side UNKNOWN (https://www.mechanicsbank.com/contentassets/9e0348bebd2b44b2a8fa059267bcab78/1200-personal-account-agreement-disclosure-mkt10000-v3-final-mkt-copy.pdf),Not named in own agreement [VERIFIED-absence; 2026-06-12] (https://www.mechanicsbank.com/contentassets/9e0348bebd2b44b2a8fa059267bcab78/1200-personal-account-agreement-disclosure-mkt10000-v3-final-mkt-copy.pdf),UNKNOWN,LIVE-CONFIRMS (Elan; 0% 12 cycles; 17.24-26.24%; $0 AF; 3% categories all match prior),https://www.mymechanics.com/business/loans-credit/business-credit-cards/ | https://creditcardlearnmore.com/11t3/index?ecdma-lc=23692&ecid=OTHE_25940,2026-06-11
17,Western Alliance Bank,Out-of-state bank with CA branches (SOD),Phoenix,https://www.westernalliancebancorporation.com,17032527,98766387,YES,https://www.westernalliancebancorporation.com/small-business/credit-cards/business-plus-credit-card,NO (no intro offer shown live),"Visa Business Plus: revolving, 1pt/$1, low fees, balance transfers, eZBusiness mgmt; APR not published; also commercial ONE Card / Commercial Plus",SELF,Live page: 'This card is issued by Western Alliance Bank... pursuant to a license from Visa USA Inc.',Online form -> banker callback in 2-3 business days (not instant online decision),https://www.westernalliancebancorporation.com/small-business/credit-cards/business-plus-credit-card,Not visible live (prior mentor DP: TransUnion - unverified),Not visible live (prior: PG conditional; financials at banker discretion),"Consumer: Yes — Crediful (2025-10-24): 'uses ChexSystems when reviewing new account applications'; no second-chance product | BUSINESS: Signer-auth — VERIFIED own DAA (eff. 2023-10, covers Business Account type): 'obtain... consumer and/or credit reports about any Account owner or authorized signer... considering your application'; vendor NOT named in doc [2026-06-11 (doc fetched; Crediful 2025-10-24)] (https://www.westernalliancebancorporation.com/sites/default/files/2024-01/wab-deposit-account-agreement-and-disclosure.pdf)",Consumer: No mention in 50-pg DAA; not on DoC EWS list (lean-no) | BUSINESS: No mention (lean-no) [2026-06-11 (doc fetched; Crediful 2025-10-24)] (https://www.westernalliancebancorporation.com/sites/default/files/2024-01/wab-deposit-account-agreement-and-disclosure.pdf),UNKNOWN,UNKNOWN,LIVE-CONFIRMS-PRIOR (minor: apply is web form + banker contact rather than pure in-person),https://www.westernalliancebancorporation.com/small-business/credit-cards/business-plus-credit-card; https://www.westernalliancebancorporation.com/small-business/business-credit-cards,2026-06-11
18,BANK OF HOPE,Bank,Los Angeles,https://www.bankofhope.com,15771705,18652384,YES,https://www.bankofhope.com/business-banking/credit-cards,Not visible on live page (prior: 0% 9 cycles),Low-rate / cash-back / rewards buckets; free employee cards; terms behind Elan apply portal,Elan,"Live quote: ""The creditor and issuer of these cards is Elan Financial Services, pursuant to separate licenses from Visa U.S.A. Inc., and Mastercard International Incorporated.""",Online (Elan portal via LEARN MORE),https://www.mycardapply.com/synindex/?ecdma-lc=37106&ecid=OTHE_25940&offertype=0#business,Not visible,Not visible,Pull: Yes — SENSITIVE (want <5/12mo) [DOC-LIST; fetched 2026-06-10] (https://www.doctorofcredit.com/banks-credit-unions-dodont-pull-chexsystems/),UNKNOWN,UNKNOWN,UNKNOWN,LIVE-CONTRADICTS (prior apply=In-person; live LEARN MORE goes to online Elan apply portal mycardapply.com). Elan confirmed; 0% 9 cycles not visible live (prior richer on terms),https://www.bankofhope.com/business-banking/credit-cards | https://www.mycardapply.com/synindex/?ecdma-lc=37106&ecid=OTHE_25940&offertype=0#business,2026-06-11
19,"HSBC Bank USA, National Association",Out-of-state bank with CA branches (SOD),Tysons,https://www.us.hsbc.com,15549922,167705510,NO,,NO,"Commercial/corporate cards only (Corporate Card, One Card, Purchasing Card, Virtual Card) for CMB clients; no small-business credit card; no published APR/terms",—,"'Issued by HSBC Bank USA, N.A. and its affiliates'; subject to credit approval (corporate programs) [raw: SELF]",In-person/contact (commercial RM),https://www.business.us.hsbc.com/en/contact-hsbc,—,—,Mixed DPs (DoC 2025-08-07) [DOC-LIST; 2025-08-07] (https://www.doctorofcredit.com/banks-credit-unions-dodont-pull-chexsystems/),"Yes — pulls, multiple DPs (DoC EWS list, acc. 2026-06-10) [DOC-LIST; 2025-08-07] (https://www.doctorofcredit.com/banks-credit-unions-dodont-pull-early-warning-services/)",UNKNOWN,UNKNOWN,LIVE-CONFIRMS (commercial-only; no SMB card; prior's $100M+ revenue threshold not stated on live page - PRIOR-RICHER on that detail),https://www.business.us.hsbc.com/en/products/corporate-cards,2026-06-11
20,"Zions Bancorporation, N.A.",Out-of-state bank with CA branches (SOD),Salt Lake City,https://www.calbanktrust.com,15529542,87956932,YES,https://www.calbanktrust.com/business/business-credit-cards/,⭐ YES,AmaZing Rate: 0% intro 6mo then 13.75% variable; $0 AF; AmaZing Cash 3/2/1% + $500 bonus; AmaZing Rewards 3x/2x/1x + 50K pts; commercial card also offered,SELF,Issuer stated as California Bank & Trust a division of Zions Bancorporation N.A.; apply flow on secureapps-b.calbanktrust.com (own stack),Online,https://secureapps-b.calbanktrust.com/zbc/naop/form/render?productLine=CREDIT_CARD&dc=SELF_SERVICE&ipq=false&customerType=Commercial&formType=NewBusinessAccount&affiliateNumber=140&productId=184,—,—,Consumer: Yes — VERIFIED own charter-wide Deposit Agreement (eff. 2026-07-20): 'status reports by a credit reporting or check reporting agency' at opening; Crediful-Zions 2025-10-08 pulls Chex; Chex dispute address in doc | BUSINESS: Likely-Yes (signer) — same agreement governs 'CONSUMER ACCOUNTS... OR BUSINESS ACCOUNTS AND SERVICES'; verification clause is account-type-agnostic; no biz carve-out [2026-06-11 (doc eff. 2026-07-20; Crediful 2025-10-08)] (https://www.zionsbank.com/content/dam/zbna/disclosures/shared/general/depositagreement.pdf (charter-wide incl. CB&T)),"Consumer: Furnishes-YES (doc: 'request a copy of your consumer report... earlywarning.com'); inquiry-side UNKNOWN | BUSINESS: Furnishes likely (same doc, biz in scope); inquiry UNKNOWN [2026-06-11 (doc eff. 2026-07-20; Crediful 2025-10-08)] (https://www.zionsbank.com/content/dam/zbna/disclosures/shared/general/depositagreement.pdf (charter-wide incl. CB&T))",UNKNOWN,UNKNOWN,LIVE-CONFIRMS,https://www.calbanktrust.com/business/business-credit-cards/ | https://www.calbanktrust.com/business/business-credit-cards/amazing-rate-card/,2026-06-11
21,Comerica Bank,Out-of-state bank with CA branches (SOD),Dallas,https://www.comerica.com/small-business/banking-and-services/business-credit-cards.html,14908067,80052000,YES,https://branchoffer.com/11t1/smart-business-rewards?bankercode=seg313&ecdma-lc=09077&ecid=OTHE_26646,NO on Smart Business Rewards (no 0% intro APR; $0 intro AF yr1). Prior 0% 12cyc Business Cash not re-verifiable (comerica.com 503),"Smart Business Rewards: 2X top-2 categories, 20K pts/$500 SUB, $95 AF after yr1, 18.24-25.24% var; ExtendPay",Elan,Live branchoffer page: issued by Elan Financial Services; Elan storefront platform,Online,https://branchoffer.com/11t1/smart-business-rewards?bankercode=seg313&ecdma-lc=09077&ecid=OTHE_26646,—,—,Pull: Yes (3 DPs; NOT sensitive — approved 80+/24mo) [DOC-LIST + COMMUNITY-DP; 2024-05-05] (https://www.doctorofcredit.com/banks-credit-unions-dodont-pull-chexsystems/),Pull: Yes [DOC-LIST + COMMUNITY-DP; 2024-05-05] (https://www.doctorofcredit.com/banks-credit-unions-dodont-pull-early-warning-services/#comment-1196492),UNKNOWN,UNKNOWN,PRIOR-RICHER (Smart Biz Rewards $95-after-yr1 + Elan LIVE-CONFIRMED; Business Cash 0% 12cyc from prior only — comerica.com 503-blocked),https://branchoffer.com/11t1/smart-business-rewards?bankercode=seg313&ecdma-lc=09077&ecid=OTHE_26646,2026-06-11
22,"Pacific Premier Bank, National Association",Out-of-state bank with CA branches (SOD),Irvine,https://www.ppbi.com (redirects to columbiabank.com/ppbi),13467773,17783977,NO,—,—,DEFUNCT confirmed live: ppbi.com/business-banking/business-services/business-credit-card.html returns 302 → columbiabank.com/ppbi; PPBI systems transitioned to Columbia Bank 2026-01-26; legacy cards continued under Columbia; successor Columbia Bank biz cards offered through Elan,—,"Live 302 redirect observed; Columbia Bank biz card page discloses cards 'offered through Elan Financial Services... not FDIC insured', serviced at card.myaccountaccess.com [raw: None (brand retired; successor Columbia Bank = Elan)]",No,—,—,—,UNKNOWN,UNKNOWN,UNKNOWN,UNKNOWN,LIVE-CONFIRMS,https://www.columbiabank.com/ppbi; https://www.columbiabank.com/business-banking/credit-cards; https://www.columbiabank.com/columbia-bank-to-acquire-pacific-premier-bank/pacific-premier-joins-columbia/faq/,2026-06-11
23,"BANK OF AMERICA CALIFORNIA, NATIONAL ASSOCIATION",Bank,San Francisco,https://www.bankofamerica.com,12639000,15126000,NO,,—,Subsidiary charter has no own card program; all BofA business cards issued by parent Bank of America N.A. (CFPB agreement database lists Bank of America N.A. as issuer),—,CFPB credit card agreement DB + business.bankofamerica.com card pages all name Bank of America N.A. as issuer [raw: N/M],N/M,,N/M,N/M,UNKNOWN,UNKNOWN,UNKNOWN,UNKNOWN,LIVE-CONFIRMS (no card from CA subsidiary; parent self-issues),https://business.bankofamerica.com/en/credit-cards | https://www.consumerfinance.gov/credit-cards/agreements/issuer/bank-of-america-national-association/,2026-06-11
24,"CITIZENS BUSINESS BANK, NATIONAL ASSOCIATION",Bank,Ontario,https://www.cbbank.com,12002449,15511016,YES,https://www.cbbank.com/banking/credit-debit-commercial-cards/,Not shown on bank page (prior via Elan offer page: 0% 12 cycles -> 17.24-26.24%),Mastercard Business Card via Elan (rewards/cash back/balance paydown options) + One Card commercial; terms not on bank site,Elan,Live bank page: 'issued by Elan Financial Services'; apply via creditcardlearnmore.com; mgmt at clientaccess.elanfinancialservices.com,Online,https://www.creditcardlearnmore.com (linked from cbbank.com cards page),Not visible live (prior: TransUnion typical for Elan),⭐ Not visible live (prior: PG yes; no tax returns <$25K),"Consumer: UNKNOWN — every 'Citizens' Chex DP online is a NAME-TWIN (Citizens Bank RI/citizensbank.com, Citizens NM, GA) — none apply to cbbank.com; no own-doc deposit agreement indexed | BUSINESS: UNKNOWN — same; biz-first bank, RM channel [2026-06-11 (searched, twins only)] (https://www.cbbank.com/ (no agmt indexed))","Consumer: UNKNOWN — DoC EWS 'Citizens Bank (RI)' entry is the twin, NOT this bank | BUSINESS: UNKNOWN [2026-06-11 (searched, twins only)] (https://www.cbbank.com/ (no agmt indexed))",UNKNOWN,UNKNOWN,LIVE-CONFIRMS-PRIOR,https://www.cbbank.com/banking/credit-debit-commercial-cards/,2026-06-11
25,FARMERS AND MERCHANTS BANK OF LONG BEACH,Bank,Long Beach,https://www.fmb.com,8938167,11856598,YES,https://www.fmb.com/business/business-credit-card,"⭐ 0% 12 billing cycles (Business Cash Preferred, purch+BT; live Elan portal)",Cash Preferred: 17.24-26.24% var; $0 AF; bonus now $25 first-purchase + $100 annual credit. Also Smart Business Rewards ($0/$95 AF) and Real Rewards (0% 6 cyc),Elan,Prior apply link creditcardlearnmore.com/11t3/?ecdma-lc=31463 resolves live to Elan business card offers; Elan Program Rules disclosure on portal,Online (Elan portal),https://creditcardlearnmore.com/11t3/index?ecdma-lc=31463&ecid=OTHE_25940,Not visible,Not visible,Consumer: Yes — VERIFIED own T&C (eff. Apr 2024): 'new accounts are subject to verification through ChexSystems®' | BUSINESS: Yes — VERIFIED: same T&C explicitly 'apply to both personal account owners... and business account owners'; CREDIT VERIFICATION section is account-type-agnostic; also reports closures to Chex [2026-06-11 (doc eff. 2024-04)] (https://www.fmb.com/-/media/terms-and-conditions/fmb-termsandconditions.pdf),"Consumer: No mention — 0 'Early Warning' hits in 48-pg T&C (lean-no, not conclusive) | BUSINESS: No mention (lean-no, same doc) [2026-06-11 (doc eff. 2024-04)] (https://www.fmb.com/-/media/terms-and-conditions/fmb-termsandconditions.pdf)",UNKNOWN,UNKNOWN,LIVE-CONTRADICTS (SUB changed: prior $350 SUB; live Cash Preferred bonus = $25 after first purchase + $100 annual statement credit. Core 0% 12 cyc / 17.24-26.24% / $0 AF CONFIRMED),https://www.fmb.com/business/business-credit-card | https://creditcardlearnmore.com/11t3/index?ecdma-lc=31463&ecid=OTHE_25940,2026-06-11
26,FIRST FOUNDATION BANK,Bank,Irvine,https://www.firstfoundationinc.com,8783466,11343543,UNCLEAR,https://www.firstfoundationinc.com/business-banking/business-lending/business-credit-cards,NO (none published),"Page still up but sparse: 'a number of credit card options for businesses'; no card names/terms; banner: 'First Foundation Bank is now Sunflower Bank, N.A.'",UNKNOWN,No Elan/myaccountaccess link visible on live page (prior's Elan evidence not reproducible live); merger banner to Sunflower Bank confirmed,In-person ('Contact your local branch'),,—,—,UNKNOWN,Pull: Yes [COMMUNITY-DP; 2021-05-26] (https://www.doctorofcredit.com/banks-credit-unions-dodont-pull-early-warning-services/#comment-1196492),UNKNOWN,UNKNOWN,LIVE-CONFIRMS merger (now Sunflower Bank NA); PRIOR-RICHER on Elan attribution (no live portal link found),https://www.firstfoundationinc.com/business-banking/business-lending/business-credit-cards,2026-06-11
27,REDWOOD CREDIT UNION,Credit Union,Santa Rosa,https://www.redwoodcu.org,8560969,9946470,YES,https://www.redwoodcu.org/business/cards/business-visa-platinum/,NO,Business Visa Platinum Preferred (shared line) + Select (per-cardholder limits); $0 AF; 1x pts; no 0% intro; lowest-rate positioning; NorCal-county HQ required,SELF,RCU is issuer (NCUA-insured CU card on own site; no third-party portal markers),Online,https://www.redwoodcu.org/business/cards/business-visa-platinum/,—,NO — requires current business income statement + business federal tax returns (full-doc),UNKNOWN,UNKNOWN,UNKNOWN,UNKNOWN,LIVE-CONFIRMS,https://www.redwoodcu.org/business/cards/business-visa-platinum/,2026-06-11
28,TRI COUNTIES BANK,Bank,Chico,https://www.tcbk.com,8408678,9946447,YES,https://www.tcbk.com/business/credit-cards,NO (no 0% intro on live page),"Visa Business / Business Platinum (1.5% cash back, $0 AF) / Commercial / Purchasing / Fleet; APR N/M",SELF,Live page own-branded Visa lineup; no Elan/TCM/FNBO/agent named; no Elan storefront link; web search finds no Elan tie,Branch/banker,In branch or 1-800-922-8742 (no online apply on page),—,—,"Consumer: Yes-SOFT — VERIFIED own online-account FAQ: 'We perform a soft inquiry through ChexSystems, which does not impact your credit score' | BUSINESS: UNKNOWN — business checking is BRANCH-ONLY (no online biz opener); soft-Chex FAQ statement covers online PERSONAL accounts only; no biz DP [2026-06-11 (FAQ verified v6 2026-06-10)] (https://www.tcbk.com/personal/online-accounts-personal)",Consumer: UNKNOWN — no mention/DPs (lean-no) | BUSINESS: UNKNOWN [2026-06-11 (FAQ verified v6 2026-06-10)] (https://www.tcbk.com/personal/online-accounts-personal),UNKNOWN,UNKNOWN,"LIVE-CONFIRMS (self-issued, no 0%, $0 AF, 1.5% Platinum, in-person apply)",https://www.tcbk.com/business/credit-cards,2026-06-11
29,PATELCO CREDIT UNION,Credit Union,Dublin,https://www.patelco.org,8288036,9617000,YES,https://www.patelco.org/business-banking/business-rewards-card,NO — no 0% intro; intro bonus instead (20k pts/$200 after $1.5K in 3mo),⭐ Mastercard Business Rewards: 10.65-20.15% var APR; $0 AF; 1.5 pts/$1; limit up to $40K; business must be established 2+ years,SELF,"Live page: issuer = Patelco Credit Union (NCUA, NMLS #506373); no Elan/TCM/FNBO branding",Assisted,https://www.patelco.org/business-banking/business-rewards-card ('Get Started Now' / Virtual Branch),—,—,Pull: Yes — SENSITIVE [VERIFIED (vendor adoption) + DOC-LIST; 2004 (adoption); sens DPs later] (https://www.americanbanker.com/news/authentication-patelco-chooses-chexsystems-to-combat-id-fraud),UNKNOWN,UNKNOWN,UNKNOWN,LIVE-CONFIRMS (live adds $40K limit detail),https://www.patelco.org/business-banking/business-rewards-card,2026-06-11
30,STAR ONE CREDIT UNION,Credit Union,Sunnyvale,https://www.starone.org,8244608,9584478,NO,,—,Consumer-only Visa Signature/Platinum Rewards/Platinum; no business cards or business banking on site,—,starone.org/borrow/credit-cards lists only 3 consumer Visa cards; no business section [raw: N/M],N/M,,N/M,N/M,Pull: Yes [DOC-LIST; 2025-08-07] (https://www.doctorofcredit.com/banks-credit-unions-dodont-pull-chexsystems/),UNKNOWN,UNKNOWN,UNKNOWN,LIVE-CONFIRMS (consumer-only; no business card),https://www.starone.org/borrow/credit-cards,2026-06-11
31,LOGIX FEDERAL CREDIT UNION,Credit Union,Valencia,https://www.logixbanking.com,8192822,9716130,YES,https://www.logixbanking.com/business/credit-card,NO (5.99% intro APR 6 months — not 0%),Smart Business Cashback Mastercard: 5.99% intro 6mo -> 17.99%; $0 AF; 1.5 pts/$1 redeemable as cashback,SELF,Live page: Logix FCU issues directly; no Elan/TCM/FNBO tells anywhere on page,Appointment (schedule with business banking team; no direct online app),https://www.logixbanking.com/business/credit-card,Not visible live (prior: consumer lawsuit alleged EQ+TU),Not visible live (prior: PG inferred),Membership: Yes — pulls Chex but LENIENT (second-chance reviews; may approve with single negative; secondary source undated) | BUSINESS: UNKNOWN — biz checking eligibility = location/industry gated; deposit-screen type not published [2026-06-10/11 (secondary undated)] (https://www.logixbanking.com/business/accounts/eligibility),Membership: UNKNOWN | BUSINESS: UNKNOWN [2026-06-10/11 (secondary undated)] (https://www.logixbanking.com/business/accounts/eligibility),UNKNOWN,UNKNOWN,LIVE-CONFIRMS-PRIOR,https://www.logixbanking.com/business/credit-card,2026-06-11
32,"FIRST AMERICAN TRUST, FSB",Savings Institution (Federal Savings Bank),Santa Ana,https://www.firstamtrust.com,7801359,8323217,NO,,—,"Trust/wealth/title-escrow bank: trust services, investments, wealth planning, deposit/treasury only; no credit products",—,No card program (nav has zero credit-card mention),No,,—,Not applicable,UNKNOWN,UNKNOWN,UNKNOWN,UNKNOWN,LIVE-CONFIRMS (no card; trust/escrow bank - product set matches prior),https://www.firstamtrust.com/,2026-06-11
33,"PNC Bank, National Association",Out-of-state bank with CA branches (SOD),Wilmington,https://www.pnc.com,7798464,567948516,YES,https://www.pnc.com/en/small-business/borrowing/business-credit-cards/pnc-visa-business-credit-card.html,⭐ 0% intro APR purchases+BT 13 billing cycles (Visa Business; BT within first 90 days),"⭐ Visa Business: $0 AF, no rewards, then 16.24-26.24% var, BT fee 5%/$5; BusinessOptions: pay-in-full option, limit up to $250K; pnc.com blocked direct fetch (503) - confirmed via Google-indexed pnc.com pages + reviews",SELF,PNC-branded cards on pnc.com small-business pages; no third-party portal; apply on pnc.com,Online,https://www.pnc.com/en/small-business/borrowing/business-credit-cards.html,Soft pull Equifax reported for BusinessOptions (myFICO user reports; not official PNC language),—,Yes — mixed DPs (DoC 2025-08-07; Crediful 2025-10-22) [DOC-LIST + COMMUNITY-DP; 2026-05-22] (https://www.doctorofcredit.com/banks-credit-unions-dodont-pull-chexsystems/),Yes — pulls (EWS co-owner; DoC ×5 DPs) [DOC-LIST + COMMUNITY-DP; 2026-05-22] (https://www.doctorofcredit.com/banks-credit-unions-dodont-pull-early-warning-services/#comment-2326911),UNKNOWN,UNKNOWN,"LIVE-CONFIRMS (0% 13 cyc Visa Business; BusinessOptions $250K; soft-pull claim only corroborated by forum reports, not official page - PRIOR-RICHER on bureau detail)",https://www.pnc.com/en/small-business/borrowing/business-credit-cards/pnc-visa-business-credit-card.html; https://ficoforums.myfico.com/t5/Business-Credit/PNC-BizOptions-Visa-Signature-and-a-LOC-Approved/td-p/6589727,2026-06-11
34,SAN DIEGO COUNTY CREDIT UNION,Credit Union,San Diego,https://www.sdccu.com,7569256,9382858,YES,https://www.sdccu.com/business/business-credit-card/,NO,⭐ Low-rate Visa Business; limits $5k-$20k; $25 AF waived w/ $10k+/yr spend,SELF,Card page and APPLY ONLINE on sdccu.com; no third-party servicer mentioned,Online,https://www.sdccu.com/business/business-credit-card/,—,—,"Yes — uses/furnishes (own FAQ 'bad credit or ChexSystems list... visit a branch' + hosts Chex dispute form, 2026-06-09) [v6 existing cell]",UNKNOWN,UNKNOWN,UNKNOWN,Fresh screen (single pass; not in live re-verify set),https://www.sdccu.com/business/business-credit-card/,2026-06-11
35,Umpqua Bank,Out-of-state bank with CA branches (SOD),Roseburg,https://www.umpquabank.com,7124985,66011146,YES,https://branchoffer.com/11t2/business-platinum2103,⭐ YES,Business Platinum: 0% intro 18 billing cycles (purch+BT) then ~16.99-25.99%; Business Real Rewards 0% 6 cycles; $0 AF; umpquabank.com card page 403-blocked to bots but Elan offer pages live,Elan,branchoffer.com page title 'Business Platinum Card - Branch Offer - Elan'; Elan offer/index pages for Umpqua on branchoffer.com/creditcardlearnmore.com,Online,https://branchoffer.com/11t2/business-platinum2103,—,—,UNKNOWN,UNKNOWN,UNKNOWN,UNKNOWN,LIVE-CONFIRMS,https://branchoffer.com/11t2/business-platinum2103 | https://creditcardlearnmore.com/11t3/index,2026-06-11
36,HANMI BANK,Bank,Los Angeles,https://www.hanmi.com,6801918,7789627,YES,https://www.hanmi.com/business/business-credit-cards/,⭐ YES — Business Zero+ 0% up to 18 billing cycles (purch+BT); Business Real Rewards 0% 6 cycles,"4 Elan cards: Zero+, Real Rewards, Cash Preferred, Smart Business Rewards; AF not on page; note: a Google snippet for same URL cites World/World Elite issued by Fifth Third (possible newer commercial program) but live page shows Elan lineup",Elan,Live page: creditor and issuer of these cards is Elan Financial Services; apply links to mycardapply.com,Online,"https://www.mycardapply.com (per-card links from hanmi.com page, ecdma-lc=36069)",—,—,Pull: Yes (NOT sensitive — approved 10+/12mo) [DOC-LIST; fetched 2026-06-10] (https://www.doctorofcredit.com/banks-credit-unions-chexsystems-inquiry-sensitive/),UNKNOWN,UNKNOWN,UNKNOWN,"LIVE-CONFIRMS (Elan, Business Zero+ 0% 18 cycles, online apply)",https://www.hanmi.com/business/business-credit-cards/,2026-06-11
37,SMBC MANUBANK,Bank,Los Angeles,https://www.smbcmanubank.com,6731415,7728868,NO,—,—,"Business-credit-cards URL still resolves but is now a nav-only shell: NO card products, NO Elan/creditcardlearnmore/apply links anywhere on page; site nav 'Borrow' lists only loans/LOC/SBA/CRE/ABL — credit card entry removed; banner: SMBC selling Commercial Banking Unit of SMBC MANUBANK to Bank of Hope",—,Full link/heading dump of live page (2 fetches): zero credit-card content; prior Elan 0% 18mo offer not present [raw: UNKNOWN (Elan offer no longer on live site)],No,—,—,—,UNKNOWN,UNKNOWN,UNKNOWN,UNKNOWN,LIVE-CONTRADICTS (prior: Elan biz cards 0% 18mo → live: card content stripped from site amid Bank of Hope sale; product appears withdrawn),https://www.smbcmanubank.com/business-and-commercial/borrow/business-lending/business-credit-cards,2026-06-11
38,PREFERRED BANK,Bank,Los Angeles,https://www.preferredbank.com,6432233,7655086,YES,https://www.preferredbank.com/business/loans-and-credit/credit-cards,⭐ 0% 12 billing cycles (Cash Preferred; purchases+BT); 0% 6 cycles (Real Rewards),Cash Preferred: 17.24-26.24% after intro $0 AF 3% gas/EV/cell/office/dining + $100 software credit; Smart Business Rewards $95 AF after yr1; Real Rewards 1.5X $0 AF,Elan,"Verbatim on bank page: ""The creditor and issuer of these cards is Elan Financial Services""",Online,https://creditcardlearnmore.com/11t3/index?ecdma-lc=25483&ecid=OTHE_25940#business,not visible live (prior: TransUnion varies),not visible live,UNKNOWN,UNKNOWN,UNKNOWN,UNKNOWN,LIVE-CONFIRMS (Elan verbatim; 0% 12 cycles; 17.24-26.24%; $0 AF),https://www.preferredbank.com/business/loans-and-credit/credit-cards | https://creditcardlearnmore.com/11t3/index?ecdma-lc=25483&ecid=OTHE_25940#business,2026-06-11
39,MISSION FEDERAL CREDIT UNION,Credit Union,San Diego,https://www.missionfed.com,6318213,7232363,NO,,—,Small-business page offers business checking / loans / merchant services + consumer Mastercards (Premier World / Preferred Platinum) only — NO business credit card,—,n/a — no business card program found on missionfed.com [raw: UNKNOWN],n/a,,n/a,n/a,Pull: Yes [DOC-LIST; 2025-08-07] (https://www.doctorofcredit.com/banks-credit-unions-dodont-pull-chexsystems/),UNKNOWN,UNKNOWN,UNKNOWN,"LIVE-CONTRADICTS-PRIOR — TWIN CONFUSION: prior row cited missionbank.bank + TCM mycommunitycc link, which belong to MISSION BANK (Bakersfield, missionbank.bank/business/business-credit-cards, TCM-issued). Mission FEDERAL CU (San Diego) shows no business card live | TWIN: FAIL in prior (prior site = missionbank.bank = Mission Bank Bakersfield; correct site = missionfed.com San Diego)",https://www.missionfed.com/business/; https://www.missionbank.bank/business/business-credit-cards; google SERP,2026-06-11
40,POPPY BANK,Bank,Santa Rosa,https://www.poppy.bank,6015080,7796215,YES,https://www.poppy.bank/business-checking-accounts/#business_credit_cards,Not shown on bank page (prior: 0% 12 cycles via Elan portal),Low-rate / cash-back / flexible-rewards buckets; no fee employee cards; terms on Elan portal,Elan,"Live quote: ""The creditor and issuer of these cards is Elan Financial Services, pursuant to separate licenses from Visa U.S.A. Inc., and Mastercard International Incorporated."" + myaccountaccess.com manage link (loc=7362)",Online (Elan portal),https://creditcardlearnmore.com/11t3/index?ecdma-lc=07362&ecid=OTHE_25940#business,Not visible,Not visible,UNKNOWN,UNKNOWN,UNKNOWN,UNKNOWN,LIVE-CONFIRMS (Elan + identical apply link ecdma-lc=07362; card section moved onto business-checking-accounts page; 0% 12cyc terms live on Elan portal per F&M same-portal check),https://www.poppy.bank/business-checking-accounts/ | https://www.poppy.bank/sitemap/,2026-06-11
41,KINECTA FEDERAL CREDIT UNION,Credit Union,Manhattan Beach,https://www.kinecta.org,5720278,6443715,YES,https://www.kinecta.org/credit-card/mypro,NO (live page: no intro APR offered),"MyPro Business MC: 13.49-18.00% purchases/BT (3% min BT fee); $0 AF; 3% office/fuel/EV, 2% travel/dining, 1% other; up to 20% relationship bonus",SELF,Kinecta FCU is issuer/servicer per own card page; no third-party portal,In-person/phone (book appointment or 800.854.9846; no online app),https://www.kinecta.org/credit-card/mypro,—,—,Pull: Yes [VERIFIED (own doc) + COMMUNITY-DP; fetched 2026-06-10] (https://www.kinecta.org/Kinecta/media/Kinecta/Forms/Fraud%20and%20Theft%20and%20Dispute%20Forms/consumer_credit_reporting_dispute.pdf),UNKNOWN,UNKNOWN,UNKNOWN,LIVE-CONTRADICTS (prior: 0% 18 cyc on BTs + 12.24-18% APR; live page now shows NO intro APR and 13.49-18.00% range; $0 AF + 3/2/1 cash back + in-person confirmed),https://www.kinecta.org/credit-card/mypro,2026-06-11
42,RIVER CITY BANK,Bank,Sacramento,https://rivercitybank.com,5386542,6047747,NO,,—,,—,No credit card in business/commercial nav (Commercial Lending/Cash Management/Deposits only); only card is personal debit Mastercard [raw: NONE],—,,—,—,UNKNOWN,UNKNOWN,UNKNOWN,UNKNOWN,LIVE-CONFIRMS,https://rivercitybank.com,2026-06-11
43,FREMONT BANK,Bank,Fremont,https://www.fremontbank.com,5269655,5915963,YES,https://www.fremontbank.com/business/credit/platinum-credit-card,⭐ YES — 0% 6 months purchases+BT (Business Platinum),"Business Platinum: 0% 6mo then 12.49-20.49% var, $0 AF any year, 3%/$10 BT fee; also Platinum Low Rate (Prime+2.99), Platinum Rewards, World Elite; customers only",SELF,Fremont Bank is creditor; applications/servicing via fremontbank.myapexcard.com (CorServ Apex); no Elan/TCM/FNBO,Online,https://fremontbank.myapexcard.com/apply?id=&pid=2610388620,—,—,Pull: Yes — SENSITIVE [DOC-LIST; fetched 2026-06-10] (https://www.doctorofcredit.com/banks-credit-unions-chexsystems-inquiry-sensitive/),UNKNOWN,UNKNOWN,UNKNOWN,"LIVE-CONFIRMS (0% 6mo, 12.49-20.49%, $0 AF, Apex/CorServ, online)",https://www.fremontbank.com/business/credit/platinum-credit-card; https://www.fremontbank.com/business/credit,2026-06-11
44,FARMERS & MERCHANTS BANK OF CENTRAL CALIFORNIA,Bank,Lodi,https://www.fmbonline.com,5120775,5836466,YES,https://www.fmbonline.com/loans/credit-cards/business-credit-cards.html,NO — no intro APR mentioned on live page,Visa Business Credit Card w/ Simply Rewards: 3x grocery/discount/gas/restaurant + 1x other; APR 'competitive' (not published); AF not disclosed; free employee cards,UMB,Live page verbatim: 'Cards issued by UMB Bank n.a.',Form,https://www.fmbonline.com/applications/request-info.html?page=263088 ('Request Info' web form),—,—,UNKNOWN,UNKNOWN,UNKNOWN,UNKNOWN,"LIVE-CONFIRMS (apply nuance: live shows Request-Info web form, not strictly in-person)",https://www.fmbonline.com/loans/credit-cards/business-credit-cards.html,2026-06-11
45,CALIFORNIA FEDERAL CREDIT UNION,Credit Union,Glendale,https://www.ccu.com,4866121,5413638,YES,https://www.ccu.com/business/loans/business-credit-cards,NO 0% intro,Business Platinum 8.25-15.25% / Business Rewards (1% cash back) 9.25-16.25% (site rates dated 2021-10-19; Prime-indexed monthly); $0 AF; 3%/$10 cash adv; 1% FTF,SELF,No third-party issuer named on page; CU Business Banking Dept handles directly (prior: CCU is creditor per agreement; MeridianLink=processor),In-person,phone (800) 293-6494 or branch — no online application,not visible live (prior DP: Experian per CU-answered Q&A),not visible live (prior: PG + financials-on-request covenant),"Yes — pulls (CU-answered myFICO Q&A 2025-08-21: 'Chexsystems { Yes }'; 'Chex sensitive, apply in person' DP) [DOC-LIST + COMMUNITY-DP; 2025-08-21 (existing cell)] (https://www.doctorofcredit.com/banks-credit-unions-chexsystems-inquiry-sensitive/)",UNKNOWN,UNKNOWN,UNKNOWN,LIVE-CONFIRMS (no 0%; 8.25-15.25%; $0 AF; Platinum+Rewards 1%; phone/branch apply only),https://www.ccu.com/business/loans/business-credit-cards,2026-06-11
46,HERITAGE BANK OF COMMERCE,Bank,San Jose,https://heritagebankofcommerce.bank,4821348,5670019,NO,,—,Site banner: 'Heritage Bank of Commerce is now Citizens Business Bank' — merger completed; no card products advertised; successor program = Citizens Business Bank (Elan),—,Live merger banner on heritagebankofcommerce.bank; CVBF/HTBK merger shareholder-approved 2026-03-26 and closed Q2 2026 (SEC 8-K) [raw: (merged - see Citizens Business Bank / Elan)],n/a,,n/a,n/a,UNKNOWN,UNKNOWN,UNKNOWN,UNKNOWN,LIVE-CONFIRMS-PRIOR (merger now visibly complete on site),https://heritagebankofcommerce.bank/; https://www.sec.gov/Archives/edgar/data/0001053352/000119312526111645/d72195d8k.htm,2026-06-11
47,Enterprise Bank & Trust,Out-of-state bank with CA branches (SOD),Clayton,https://www.enterprisebank.com,4811960,17196325,YES,https://www.enterprisebank.com/business/credit-cards,No 0% intro (none mentioned live),Business Rewards $0 AF 1.25x; Business Preferred Rewards $50 AF 1.5x; Commercial Card Solution $0 AF volume credits; all 19.25% (Prime+12.5%),SELF,Cards presented as bank's own programs; no third-party issuer/agent disclosure on live page (consistent with prior FIS-rails self-issue inference),Contact banker (phone/email/form; no online app),tel:833-896-2850 + contact form on card page,Not visible,Not visible,"Consumer: UNKNOWN — no public deposit agreement online; no DoC/forum DPs (searched 2026-06-11; v6 also no-data 2026-06-10) | BUSINESS: UNKNOWN — RM-channel onboarding, no online opener found; no DP either way [2026-06-11 (searched, no data)] (https://www.enterprisebank.com/disclosures (privacy only, no deposit agmt))","Consumer: UNKNOWN — no data | BUSINESS: UNKNOWN — no data [2026-06-11 (searched, no data)] (https://www.enterprisebank.com/disclosures (privacy only, no deposit agmt))",UNKNOWN,UNKNOWN,LIVE-CONFIRMS (19.25% Prime+12.5%; $0/$50 AF; 1.25x/1.5x; Commercial Card Solution; no 0%; relationship apply),https://www.enterprisebank.com/business/credit-cards,2026-06-11
48,WESTAMERICA BANK,Bank,San Rafael,https://www.westamerica.com,4788155,5827278,YES,https://creditcardlearnmore.com/11t3/index?ecdma-lc=12109,⭐ 0% intro 12 billing cycles (Business Cash Preferred); 0% 6 cycles (Business Real Rewards),Cash Preferred $0 AF; Smart Business Rewards $0 intro then $95 AF; Real Rewards $0 AF; westamerica.com itself 403-blocked direct fetch,Elan,"Offer site discloses 'Elan Financial Services is the creditor and issuer of these Cards' (creditcardlearnmore.com lc=12109, Westamerica-branded)",Online,https://creditcardlearnmore.com/11t3/index?ecdma-lc=12109,—,—,UNKNOWN,UNKNOWN,UNKNOWN,UNKNOWN,LIVE-CONTRADICTS partially (prior: 0% 12-18 cycles; live Elan offer set shows max 0% 12 cycles - no 18-cycle offer; Elan + online apply + $0 AF confirmed),https://creditcardlearnmore.com/11t3/index?ecdma-lc=12109,2026-06-11
49,CHEVRON FEDERAL CREDIT UNION,Credit Union,Concord,https://www.chevronfcu.org,4770863,5440107,NO,,—,Personal cards only (issued by Elan Financial Services via mycardapply.com); no business card on credit cards page or in search,—,"Personal card page: ""creditor and issuer is Elan Financial Services""; myaccountaccess.com login [raw: N/A (no biz card; personal=Elan)]",N/A,,—,—,UNKNOWN (no sweep row),UNKNOWN (no sweep row),UNKNOWN (no sweep row),UNKNOWN (no sweep row),Fresh screen (single pass; not in live re-verify set),https://www.chevronfcu.org/personal-loans-and-credit/credit-cards,2026-06-11
50,TRAVIS CREDIT UNION,Credit Union,Vacaville,https://www.traviscu.org,4734336,5687904,YES,https://www.traviscu.org/business/lending/business-visa/,NO,Business Visa for sole props (1.5% cash back + 30K-pt/$3.5K-90d bonus) + Standard Business Visa for LLC/corp; $0 AF both; variable Prime+margin APR; no 0% intro,SELF,Travis CU is issuer on own site; no agent-bank markers,Phone/branch,https://www.traviscu.org/business/lending/business-visa/,—,—,Pull: Yes [DOC-LIST; 2025-08-07] (https://www.doctorofcredit.com/banks-credit-unions-dodont-pull-chexsystems/),UNKNOWN,UNKNOWN,UNKNOWN,PRIOR-RICHER — live page adds 30K-pt bonus; prior PG detail (officer/owner personally obligated) not on this page,https://www.traviscu.org/business/lending/business-visa/,2026-06-11
51,EDUCATIONAL EMPLOYEES CREDIT UNION,Credit Union,Fresno,https://www.myeecu.org,4616425,5376699,NO,,—,Consumer Visa cards only; site nav has no business banking section or business card,—,n/a — no business card,n/a,,—,—,UNKNOWN (no sweep row),UNKNOWN (no sweep row),UNKNOWN (no sweep row),UNKNOWN (no sweep row),LIVE-CONFIRMS (no business credit card; consumer Visa only),https://www.myeecu.org/home/home,2026-06-11
52,CTBC BANK CORP. (USA),Bank,Los Angeles,https://www.ctbcbankusa.com,4546301,5369932,NO,—,—,Live site nav: only 'Consumer Credit Cards' under Personal Banking > Lending Solutions; business sections (checking/savings/loans/treasury) list NO credit card,—,Live homepage/nav crawl: no business card product; consumer cards only (prior attributed consumer cards to TCM — issuer not named on live page) [raw: None for business],No,—,—,—,UNKNOWN,UNKNOWN,UNKNOWN,UNKNOWN,LIVE-CONFIRMS (business NO; live page does not name TCM for consumer cards — minor PRIOR-RICHER on consumer issuer),https://www.ctbcbankusa.com,2026-06-11
53,FIVE STAR BANK,Bank,Roseville,https://www.fivestarbank.com,4480237,5031561,YES,https://www.fivestarbank.com/credit-cards,not stated (no public terms),Commercial Corporate Card Program (Mastercard) only — virtual cards/expense mgmt; no APR/fee/intro disclosed; relationship-based,SELF,Bank-run Corporate Card Program with named in-house VP Credit Card Product Manager (Julio Valenzuela); CorServ platform per prior — CorServ NOT named on live page,In-person,contact VP Credit Card Product Manager / 800-416-6117 — no public application,N/M,N/M,UNKNOWN,UNKNOWN,UNKNOWN,UNKNOWN,PRIOR-RICHER (live confirms commercial corporate card + no public apply; CorServ attribution not visible live),https://www.fivestarbank.com/credit-cards,2026-06-11
54,WESCOM CENTRAL CREDIT UNION,Credit Union,Pasadena,https://www.wescom.org,4397749,6472794,NO,,—,Only personal cards (Knott's/Bruin Edge/MyRewards/Active Visa) listed,—,,—,,—,—,Membership: Yes — SENSITIVE (denied 11-19/12mo) | BUSINESS: N/A — NO BUSINESS CARD product exists (consumer lineup only); business question moot [2021-05-26 (EWS DP)] (https://www.doctorofcredit.com/banks-credit-unions-chexsystems-inquiry-sensitive/),Membership: Yes (pulled EWS: sav+chk Davis 2021-05-26) | BUSINESS: N/A [2021-05-26 (EWS DP)] (https://www.doctorofcredit.com/banks-credit-unions-dodont-pull-early-warning-services/#comment-1196492),UNKNOWN,UNKNOWN,Fresh screen (single pass; not in live re-verify set),https://www.wescom.org/cards/credit-cards,2026-06-11
55,SAFE CREDIT UNION,Credit Union,Folsom,https://www.safecu.org,3990691,4451527,YES,https://www.safecu.org/business/grow-your-business/visa-business,⭐ YES — 0% APR first 12 billing cycles on balance transfers (BT promo only; purchases at standard APR),SAFE Visa Business: $0 AF; no BT/cash-advance fees; rewards on business spend; variable APR after promo (range not shown live; prior 13.40-19.40%),SELF,Live page presents card as SAFE's own; no external issuer tells (no Elan/TCM/FNBO); managed in SAFE Online Banking,Appointment (Schedule Appointment button; no online app),https://www.safecu.org/business/grow-your-business/visa-business,Not visible live (prior: TU for personal/membership),Not visible live (prior: explicit PG + financials on request),Pull: Yes — SENSITIVE [DOC-LIST; fetched 2026-06-10] (https://www.doctorofcredit.com/banks-credit-unions-chexsystems-inquiry-sensitive/),UNKNOWN,UNKNOWN,UNKNOWN,LIVE-CONFIRMS-PRIOR,https://www.safecu.org/business/grow-your-business/visa-business,2026-06-11
56,AMERICAN BUSINESS BANK,Bank,Los Angeles,https://americanbb.bank,3904079,4371214,UNCLEAR,https://americanbb.bank/services/relationship-banking/credit-services/,Not visible,"""Corporate Credit Cards"" listed as a credit-services line item only; no card detail, no terms, no product page",UNKNOWN,No issuer named anywhere on live page; no portal links,Contact relationship manager (no online app),https://americanbb.bank/services/relationship-banking/credit-services/,Not visible,Not visible,"Consumer: UNKNOWN — no deposit agreement public; online banking agmt mentions only optional 'review of your credit rating' for bill-pay (own doc, no Chex/EWS named) | BUSINESS: UNKNOWN — corporate/RM channel; no online opener; no DP found [2026-06-11 (searched)] (https://americanbb.bank/online-banking-agreement/)",Consumer: UNKNOWN | BUSINESS: UNKNOWN [2026-06-11 (searched)] (https://americanbb.bank/online-banking-agreement/),UNKNOWN,UNKNOWN,"LIVE-CONFIRMS (corporate cards mentioned, issuer/terms still not disclosed)",https://americanbb.bank/services/relationship-banking/credit-services/,2026-06-11
57,Washington Federal Bank,Out-of-state bank with CA branches (SOD),Seattle,https://www.wafdbank.com,3886981,27552061,YES,https://www.wafdbank.com/business-banking/business-credit-cards/small-business-credit-card,Not advertised,No annual fee; 2% cash back gas/grocery/pharmacy (Visa Signature) / 1% all purchases; auto statement credit,SELF,"Card pages hosted on own wafdbank.com domain; no third-party platform named; """"underwriting is based on your personal credit""""",UNKNOWN,https://www.wafdbank.com/business-banking/business-credit-cards,Personal credit used in underwriting (stated on page),Not stated,"Yes — pulls (own Fresh Start page: 2nd-chance for paid-off non-fraud Chex records, 2026-06-09) [v6 existing cell]",UNKNOWN,UNKNOWN,UNKNOWN,Fresh screen (single pass; not in live re-verify set) | TWIN: WaFd Bank (Seattle WA); distinct from failed Washington Federal Bank for Savings (Chicago),https://www.wafdbank.com/business-banking/business-credit-cards/small-business-credit-card,2026-06-11
58,TECHNOLOGY CREDIT UNION,Credit Union,San Jose,https://www.techcu.com/,3762517,4655194,NO,,—,Business section lists checking/loans/debit only; no business credit card,—,,—,,—,—,Pull: Yes (4 DPs; NOT sensitive — 25+/12 OK) [DOC-LIST + COMMUNITY-DP; 2016-10-21] (https://www.doctorofcredit.com/banks-credit-unions-dodont-pull-chexsystems/),Pull: No (2016 DP) [DOC-LIST + COMMUNITY-DP; 2016-10-21] (https://www.doctorofcredit.com/banks-credit-unions-dodont-pull-early-warning-services/#comment-308348),UNKNOWN,UNKNOWN,Fresh screen (single pass; not in live re-verify set),https://www.techcu.com/business/,2026-06-11
59,BANK OF STOCKTON,Bank,Stockton,https://www.bankofstockton.com,3754998,4834846,YES,https://www.mycardapply.com/synindex/?ecdma-lc=37171&ecid=OTHE_25940&offertype=0#business,⭐ UNCONFIRMED live (Elan offer page JS-rendered blank; Elan twin banks show 0% 6-12 cyc),Site: 'variety of Visa credit cards for businesses... cash back to no annual fee'; specific terms not on bank page,Elan,Card login on bankofstockton.com points to myaccountaccess.com theme=elan1 loc=37171; apply via mycardapply.com (Elan portal),Online,https://www.mycardapply.com/synindex/?ecdma-lc=37171&ecid=OTHE_25940&offertype=0#business,—,—,UNKNOWN,UNKNOWN,UNKNOWN,UNKNOWN,PRIOR-RICHER (Elan + online apply confirmed live; prior's 0% 6-12 cyc and APR/AF detail not reproducible - offer page rendered blank),https://www.bankofstockton.com/business_credit_cards; https://www.bankofstockton.com/,2026-06-11
60,"Citizens Bank, National Association",Out-of-state bank with CA branches (SOD),Providence,https://www.citizensbank.com,3715621,227134099,YES,https://www.citizensbank.com/small-business/business-credit-cards/everyday-points.aspx,UNCLEAR,Everyday Points Business MC: $0 AF; 50K-pt/$5K-90d bonus; 2pts(~1.5%); business products offered in CT/DE/FL/MD/MA/MI/NH/NJ/NY/OH/PA/RI/VT/VA/DC — CA NOT in footprint list; citizensbank.com 403-blocked to bots,SELF,Citizens-branded Mastercard on citizensbank.com; no Elan/agent markers in offer or T&C pages,Online (footprint-gated),https://www.citizensbank.com/small-business/business-credit-cards/everyday-points.aspx,—,—,UNKNOWN (no sweep row),UNKNOWN (no sweep row),UNKNOWN (no sweep row),UNKNOWN (no sweep row),LIVE-CONFIRMS — and live footprint list confirms CA exclusion ('in footprint only'),https://www.citizensbank.com/small-business/business-credit-cards/everyday-points.aspx | https://www.doctorofcredit.com/citizens-bank-everyday-points-business-mastercard-325-bonus-1-5-everywhere/,2026-06-11
61,STANFORD FEDERAL CREDIT UNION,Credit Union,Palo Alto,https://www.sfcu.org,3709005,4800514,YES,https://www.sfcu.org/business/business-credit-card,NO (no 0% intro found live),"⭐ Business Rewards Visa: to $50K; 2%/2pts dining+food delivery, 1% else as monthly statement credit; NO AF/BT/CA/FTX fees; reqs: 640 FICO, 2 yrs in business, SFCU biz checking 6 mo; APR 16.00-17.99% var per prior (not re-shown in snippets; sfcu.org 403s direct fetch)",SELF,sfcu.org hosts own Visa Application and Solicitation Disclosure (/visa-application-and-solicitation-disclosure); no Elan/TCM/FNBO references,Online (members),https://www.sfcu.org/business/business-credit-card,—,Live: 640 min score + 2yrs in business + 6-mo biz checking prereq (tightens prior no-doc read),Membership: UNKNOWN — membership = hard EXPERIAN pull (consumer-proxy DPs myFICO 6726623/6723581/6036159); Chex-specific use unconfirmed; DoC checking-bonus DPs hint screening but type unconfirmed | BUSINESS: UNKNOWN — biz Visa is self-issued (own disclosure); biz card app = Business Loan Application + PFS (hard pull); Chex on biz checking unconfirmed [2026-06-11 (product VERIFIED LIVE); EX-pull DPs 2024-era] (https://www.sfcu.org/business/business-credit-card),Membership: UNKNOWN | BUSINESS: UNKNOWN [2026-06-11 (product VERIFIED LIVE); EX-pull DPs 2024-era] (https://www.sfcu.org/business/business-credit-card),UNKNOWN,UNKNOWN,"LIVE-CONFIRMS (self-issued, $50K, fee-free, 640 min); PRIOR-RICHER on exact APR (16.00-17.99% prior; site 403-blocked)",https://www.sfcu.org/business/business-credit-card; https://www.sfcu.org/visa-application-and-solicitation-disclosure,2026-06-11
62,VALLEY STRONG CREDIT UNION,Credit Union,Bakersfield,https://www.valleystrong.com,3642703,4074429,YES,https://www.valleystrong.com/business-platinum-credit-card,NO — no 0% intro mentioned for business cards,"Business Platinum: $0 AF, 'high spending limits', zero-liability, expense tools; Business Rewards: 1% cash back every purchase, $0 AF; APRs not published on marketing pages. Site 403s bots — verified via live Google results of valleystrong.com pages",SELF,Cards hosted/branded on own domain (business-platinum-credit-card + business-rewards-credit-card pages); no Elan/TCM/FNBO portal seen; prior: CFPB agreement DB lists Valley Strong as issuer,Online,https://www.valleystrong.com/business-rewards-credit-card,—,—,"Membership: SOFT pull at membership/checking (DoC checking-bonus page, CA select counties) | BUSINESS: UNKNOWN — biz cards self-issued (CFPB agreement DB lists Valley Strong as own issuer); biz Share Savings $5 open; deposit-screen type unconfirmed (site 403s) [2026-06-10 (soft-pull DoC); 2026-06-11] (https://www.doctorofcredit.com/?s=valley+strong)",Membership: UNKNOWN | BUSINESS: UNKNOWN [2026-06-10 (soft-pull DoC); 2026-06-11] (https://www.doctorofcredit.com/?s=valley+strong),UNKNOWN,UNKNOWN,LIVE-CONFIRMS,https://www.valleystrong.com/business-platinum-credit-card; https://www.valleystrong.com/business-rewards-credit-card,2026-06-11
63,BANK OF MARIN,Bank,Novato,https://www.bankofmarin.com,3458796,3913468,YES,https://www.bankofmarin.com/products-and-services/credit-cards/,⭐ 0% 12 cycles (Cash Preferred) / 6 cycles (Real Rewards) — standard Elan suite; per-card terms behind learnmore link,Low rate/cash back/flexible rewards Elan suite; free employee cards; expense tools; bank page shows no APR/AF detail,Elan,"Verbatim on bank page: ""The creditor and issuer of these cards is Elan Financial Services""",Online,via creditcardlearnmore.com (linked from bank page),not visible live (prior: TransUnion-lean CA),not visible live,UNKNOWN,UNKNOWN,UNKNOWN,UNKNOWN,LIVE-CONFIRMS (Elan verbatim; online apply via learnmore; intro terms consistent with Elan suite verified today at sister banks),https://www.bankofmarin.com/products-and-services/credit-cards/,2026-06-11
64,"CALIFORNIA BANK OF COMMERCE, NATIONAL ASSOCIATION",Bank,San Diego,https://www.californiabankofcommerce.com,3402697,4046537,YES,https://www.californiabankofcommerce.com/business-financing-solutions/,Not shown live (no terms published),"'Variety of business credit cards... low rates, account access, rewards programs'; EMV/mobile; no rates/AF published; also separate Commercial Card portal",Elan,Logins page links 'Credit Card Service Center' -> myaccountaccess.com/onlineCard/login.do?theme=elan1 (Elan portal); commercial cards at cbc.commercialcardportal.com,Banker (no public apply link; contact 844.265.7622),https://www.californiabankofcommerce.com/contact/,Not visible live (prior: TU forum DP for Elan),⭐ Not visible live (prior: PG yes; no tax returns <$25K),UNKNOWN,UNKNOWN,UNKNOWN,UNKNOWN,LIVE-CONFIRMS-PRIOR (Elan re-proven via live myaccountaccess theme=elan1 login),https://www.californiabankofcommerce.com/business-financing-solutions/; https://www.californiabankofcommerce.com/online-banking-logins/,2026-06-11
65,COMMERCIAL BANK OF CALIFORNIA,Bank,Irvine,https://cbcal.com,3390468,3899410,NO,,—,"CBC Payments = merchant acquiring/processing (Merchant Services, ACH, acquiring partners); lending = loans/LOC; zero card-issuing references in nav",—,Site differentiates payment processing from issuing; no issued card product exists,No,,—,Not applicable,"Consumer: Lean-NO vendor — own Customer Agreements (36pp, 2026-01 posting): generic 'obtain reports from... credit and consumer reporting agencies' clause scoped '(INDIVIDUAL ACCOUNT)'; ChexSystems/QualiFile never named | BUSINESS: Lean-NO — VERIFIED-absence: BUSINESS ACCOUNTS sections require only chartering docs + beneficial ownership; NO consumer-report authorization clause for business accounts at all [2026-06-11 (doc fetched; fees eff. 2025-05)] (https://cbcal.com/wp-content/uploads/2026/01/Account_Disclosures.Final_.v2.pdf)",Consumer: No mention — 0 EWS hits (lean-no) | BUSINESS: No mention (lean-no) [2026-06-11 (doc fetched; fees eff. 2025-05)] (https://cbcal.com/wp-content/uploads/2026/01/Account_Disclosures.Final_.v2.pdf),UNKNOWN,UNKNOWN,"LIVE-CONFIRMS (merchant acquirer, not issuer)",https://cbcal.com/,2026-06-11
66,ROYAL BUSINESS BANK,Bank,Los Angeles,https://www.royalbusinessbankusa.com,3385924,4186507,YES,https://creditcardlearnmore.com/11t3/index?ecdma-lc=27904&ecid=OTHE_25940,⭐ 0% intro 12 billing cycles (Business Cash Preferred); 0% 6 cycles (Business Real Rewards),Cash Preferred $0 AF; Smart Business Rewards $0 intro then $95 AF; Real Rewards $0 AF,Elan,"Offer site: 'The creditor and issuer of these Cards is Elan Financial Services' (RBB-branded, lc=27904)",Online,https://creditcardlearnmore.com/11t3/index?ecdma-lc=27904&ecid=OTHE_25940,—,—,UNKNOWN,UNKNOWN,UNKNOWN,UNKNOWN,"LIVE-CONFIRMS (Elan, 0% 12 cyc, $0 AF, online apply)",https://creditcardlearnmore.com/11t3/index?ecdma-lc=27904&ecid=OTHE_25940,2026-06-11
67,"Mizrahi Tefahot Bank, Ltd.",Out-of-state bank with CA branches (SOD),Los Angeles,https://www.umtbusa.com,3309713,6838922,NO,,—,Commercial lending/CRE/tech banking only - no card products on US site,—,,—,,—,—,UNKNOWN,UNKNOWN,UNKNOWN,UNKNOWN,Fresh screen (single pass; not in live re-verify set),https://www.umtbusa.com/ | https://www.umtbusa.com/About-Us,2026-06-11
68,NUVISION FEDERAL CREDIT UNION,Credit Union,Huntington Beac,https://nuvisionfederal.com,3297429,3935777,YES,https://nuvisionfederal.com/business-banking/credit-cards,NO,Business Visa Rewards: $0 AF; 1pt/$1; free employee cards; purchase protection $10K; APR not published (call business specialist); no 0% intro shown,SELF,Nuvision FCU is issuer on own site; no third-party portal markers,Online (also fax/branch form),https://nuvisionfederal.com/business-banking/credit-cards,—,—,Yes — pulls (DoC list 2025-08-07; member 'unfroze Chex' DP 2025-10-16) [DOC-LIST; 2025-08-07] (https://www.doctorofcredit.com/banks-credit-unions-dodont-pull-chexsystems/),UNKNOWN,UNKNOWN,UNKNOWN,LIVE-CONFIRMS,https://nuvisionfederal.com/business-banking/credit-cards,2026-06-11
69,PROVIDENT CREDIT UNION,Credit Union,Redwood City,https://www.providentcu.org,3191602,3625344,YES,https://www.providentcu.org/business/business-credit-cards,NO 0% (prior noted 6-mo reduced intro rate; not visible on live page),"⭐ Business Rewards Visa (1pt/$1 uncapped, to $50K, no employee-card fees) + Business Share Secured Visa (120% pledge, min $600, qualify w/o credit history); APR/AF not on live page",SELF,Own-branded Visa products on providentcu.org; no Elan/TCM/FNBO named live; prior: Velera/PSCU processing,Online (member flow: new members open biz savings first; existing via online banking),https://providentcu.org/business/business-credit-cards/apply,—,—,Pull: Yes — VERY SENSITIVE [DOC-LIST; fetched 2026-06-10] (https://www.doctorofcredit.com/banks-credit-unions-dodont-pull-chexsystems/),UNKNOWN,UNKNOWN,UNKNOWN,PRIOR-RICHER (live confirms cards/$50K/online; 6-mo reduced intro + $0 AF from prior not re-shown live),https://www.providentcu.org/business/business-credit-cards; https://www.providentcu.org/business/business-credit-cards/apply,2026-06-11
70,First Bank,Out-of-state bank with CA branches (SOD),St. Louis,https://www.first.bank,3168933,6691682,YES,https://www.first.bank/Business/Bank/Business-Credit-Cards,UNCLEAR — first.bank 503s to bots; no 0% intro surfaced in live search results (prior: terms N/M),"Live products confirmed: Business Platinum Rewards Mastercard (unlimited 1% cash back) + World Elite Mastercard; rewards portal firstbank.myapexcard.com (CorServ Apex platform, also 403s bots); 'subject to credit approval'",SELF,firstbank.myapexcard.com live (CorServ Apex agent platform; bank-issued program); business card pages on first.bank confirmed via live search,Online,https://www.first.bank/Business/Bank/Business-Credit-Cards,—,—,UNKNOWN,UNKNOWN,UNKNOWN,UNKNOWN,LIVE-CONFIRMS (live surfaced 2 card names vs prior's 4 — Low Rate/Business Platinum not re-sighted; site blocked deeper check),https://www.first.bank/Business/Bank/Business-Credit-Cards; https://firstbank.myapexcard.com; https://www.first.bank/Business/Bank/Business-Credit-Cards/Business-Platinum-Rewards-Mastercard,2026-06-11
71,COMMUNITY WEST BANK,Bank,Fresno,https://www.communitywestbank.com,3147540,3697225,YES,https://www.communitywestbank.com/business-banking/business-online-banking/business-credit-cards,NO 0% intro,Business No Fee Card $0 AF + Business Choice Rewards $49 AF; both Prime+10.99%; 1pt/$1 to 10K/mo; 25-day grace,TIB,"Verbatim on live cardaccount.net app: ""the issuer and administrator of the credit card program is TIB, National Association""",Online,https://www.cardaccount.net/application/f87a3255c0/business/new,not visible live (prior: Experian),not visible on app page (prior: financials $10K+),UNKNOWN,UNKNOWN,UNKNOWN,UNKNOWN,LIVE-CONFIRMS TIB + LIVE-CONTRADICTS v6 note (v6 attributed cardaccount.net rail to TCM Bank N.A. — live app names TIB N.A. verbatim); terms match prior (no 0%; Prime+10.99%; $0/$49),https://www.cardaccount.net/application/f87a3255c0/business/new | https://www.communitywestbank.com/business-banking/business-online-banking/business-credit-cards,2026-06-11
72,"Flagstar Bank, National Association",Out-of-state bank with CA branches (SOD),Hicksville,https://www.flagstar.com,3126219,87128815,YES,https://card.fnbo.com/mpp/fi/flagstar/business/web-visa,⭐ YES — 0% intro 18 billing cycles (standard Business Edition Visa) / 0% 12 cycles (Absolute Rewards version) on purchases + BTs,3 Business Edition Visa cards incl. secured (Maximum Rewards); $0 AF on all; apply online at card.fnbo.com,FNBO,"Live card page: 'issued by First National Bank of Omaha (FNBO), pursuant to a license from Visa U.S.A., Inc.' under Flagstar branding",Online,https://card.fnbo.com/mpp/fi/flagstar/business/web-visa,Not visible live (prior: Experian — FNBO standard),Not visible live (prior: PG typical for FNBO),Yes — pulls (DoC 2025-08-07) [DOC-LIST; 2025-08-07] (https://www.doctorofcredit.com/banks-credit-unions-dodont-pull-chexsystems/),UNKNOWN,UNKNOWN,UNKNOWN,LIVE-CONFIRMS-PRIOR + richer: live shows 0% 12/18-cycle intro terms prior lacked (flagstar.com homepage 403-blocked; verified via FNBO co-brand page),https://card.fnbo.com/mpp/fi/flagstar/business/web-visa,2026-06-11
73,"CREDIT UNION OF SOUTHERN CA, A",Credit Union,Anaheim,https://www.cusocal.org,3110791,3942854,NO,,—,"Business banking/savings and CRE lending offered but no business credit card found; personal Visa cards only (Platinum Rewards, Topaz)",—,,—,,—,—,Membership: YES — HIGHLY SENSITIVE (own site: 'All accounts verified by ChexSystems'; denied at 3/6mo; Aspire = second-chance tier for ChexSystems-flagged) | BUSINESS: YES — own checking pages say 'All new accounts verified through ChexSystems'; consumer-focused (SSN/ITIN not EIN noted); no biz-bypass found [2026-06-10/11 (own site + sens page)] (https://www.cusocal.org/accounts/open-an-account/),Membership: UNKNOWN | BUSINESS: UNKNOWN [2026-06-10/11 (own site + sens page)] (https://www.cusocal.org/accounts/open-an-account/),UNKNOWN,UNKNOWN,Fresh screen (single pass; not in live re-verify set),https://www.cusocal.org/business/; https://www.cusocal.org/cards/compare-credit-cards/,2026-06-11
74,CALIFORNIA COAST CREDIT UNION,Credit Union,San Diego,https://www.calcoastcu.org,3058434,3469511,NO,,—,"Consumer cards only (Platinum/Platinum Rewards/Student/Secured); business = checking/savings/loans + NewtekOne partner services (merchant processing, payroll, web/IT)",—,No business card on business-services page; card links all consumer,No,,—,Not applicable,UNKNOWN,UNKNOWN,UNKNOWN,UNKNOWN,LIVE-CONFIRMS (no business card; consumer cards + NewtekOne business referrals),https://www.calcoastcu.org/business-home-page/business-services/,2026-06-11
75,PREMIER AMERICA CREDIT UNION,Credit Union,Chatsworth,https://www.premieramerica.com,2934356,3313106,YES,https://www.premieramerica.com/business/loans/premier-business-mastercard,NO (no intro offer; flat 14.99% var),"Premier Business MC: 14.99% var purchases/BT; $0 AF; no late/over-limit/BT fees; newer businesses (<2 yrs profitable) get lower limits; premieramerica.com 403-blocked, verified via Google-indexed site pages",SELF,Premier America-branded card on own site; no agent-bank portal; (prior: Experian BusinessIQ app names Premier America as creditor - not re-verifiable live due to 403),Online (per prior; site 403 prevented re-check of app flow),https://www.premieramerica.com/business/loans/premier-business-mastercard,—,—,"Yes — pulls + INQUIRY-SENSITIVE: 3 Chex inquiries/90 days = auto-deny (DoC DPs 2025-12-30, 2024-10-05) [DOC-LIST; 2025-12-30 (existing cell DP)] (https://www.doctorofcredit.com/banks-credit-unions-chexsystems-inquiry-sensitive/)",UNKNOWN,UNKNOWN,UNKNOWN,"LIVE-CONFIRMS (no 0%, 14.99% var, $0 AF, no late/over-limit/BT fees, self); PRIOR-RICHER on $5K-$50K limits + Experian BusinessIQ detail",https://www.premieramerica.com/business/loans/premier-business-mastercard (indexed); search corroboration 2026-06-11,2026-06-11
76,BANK OF THE SIERRA,Bank,Porterville,https://www.bankofthesierra.com,2932864,3751904,YES,https://www.bankofthesierra.com/business/loans-credit-cards/business-credit-cards/,⭐ YES,Business Cash Preferred 0% 12 cycles + 3% cats + $0 AF; Business Real Rewards 0% 6 cycles 1.5x $0 AF; Smart Business Rewards $95 AF (yr1 free) 2x,Elan,Live verbatim on offer index: 'The creditor and issuer of these Cards is Elan Financial Services'; apply via creditcardlearnmore.com,Online,https://creditcardlearnmore.com/11t3/index?ecdma-lc=12114&ecid=OTHE_25940#business,—,—,UNKNOWN,UNKNOWN,UNKNOWN,UNKNOWN,LIVE-CONFIRMS — live adds card lineup detail (Cash Preferred 12cyc / Real Rewards 6cyc),https://www.bankofthesierra.com/business/loans-credit-cards/business-credit-cards/ | https://creditcardlearnmore.com/11t3/index?ecdma-lc=12114&ecid=OTHE_25940,2026-06-11
77,PCB BANK,Bank,Los Angeles,https://www.mypcbbank.com,2898675,3395119,YES,https://www.mypcbbank.com/business/business-credit-cards,⭐ PRIOR: 0% 12 cycles -> 17.24-26.24% (Elan storefront creditcardlearnmore.com fetch-blocked; not re-verified live),"Elan biz lineup (low rate / cash back / flexible rewards); free expense reporting, free employee cards",Elan,Live page snippet: creditor and issuer is Elan Financial Services (Visa/Mastercard licenses),Online,https://creditcardlearnmore.com/11t3/index?ecdma-lc=33608&ecid=OTHE_25940,—,—,UNKNOWN,UNKNOWN,UNKNOWN,UNKNOWN,PRIOR-RICHER (Elan + biz cards LIVE-CONFIRMED; 0% 12cyc + APR from prior; storefront domain blocked),https://www.mypcbbank.com/business/business-credit-cards,2026-06-11
78,EXCHANGE BANK,Bank,Santa Rosa,https://www.exchangebank.com,2837604,3266467,YES,https://www.exchangebank.com/business/credit-cards,⭐ YES — 0% 12 billing cycles (Business Cash Preferred); 0% 6 cycles (Business Real Rewards),"Business Cash Preferred: 0% 12 cycles then 17.24-26.24% var, $0 AF; Business Real Rewards: 0% 6 cycles then 17.24-26.24%, $0 AF; Smart Business Rewards: no 0%, 18.24-25.24%, $0 intro AF then $95",Elan,"Live verbatim on exchangebank.com: 'The creditor and issuer of these cards is Elan Financial Services, pursuant to separate licenses from Visa U.S.A. Inc., and Mastercard International Incorporated'; servicing at myaccountaccess.com",Online,https://creditcardlearnmore.com/11t3/index?ecdma-lc=02912&ecid=OTHE_25940#business,—,—,UNKNOWN,UNKNOWN,UNKNOWN,UNKNOWN,LIVE-CONFIRMS (0% 12 cycles + 17.24-26.24% + $0 AF all re-verified live),https://www.exchangebank.com/business/credit-cards; https://creditcardlearnmore.com/11t3/index?ecdma-lc=02912&ecid=OTHE_25940#business,2026-06-11
79,Banner Bank,Out-of-state bank with CA branches (SOD),Walla Walla,https://www.bannerbank.com,2610504,16338071,YES,https://www.bannerbank.com/business-solutions/services/small-business-credit-card/business-platinum-mastercard,⭐ 0% 12 months purchases+BT (Business Platinum MC),12.49-17.49% var after intro; $0 AF incl employee cards; Business Cash Rewards variant also offered,SELF,"Banner Bank issues directly; downloadable Banner application, no third-party issuer named",In-person,"download application + bring to branch (""Download an application and bring it to a branch near you to apply"")",not visible live (prior: mentor-only TransUnion DP unverified),not visible on page (prior PDF: PG joint&several + guarantor SSN/income/net worth + gross revenue),"Yes — pulls, sensitive (Unchex; BankDealGuy reader DP 2026-01-27); BankOn 'Digital Account' = fallback [COMMUNITY-DP; 2026-01-27 (existing cell)]",UNKNOWN,UNKNOWN,"QualiFile (ChexSystems/FIS scoring product) — auto-deny, no manual override [COMMUNITY-DP; 2026-01-27] (https://www.doctorofcredit.com/banks-credit-unions-dodont-pull-chexsystems/)",LIVE-CONFIRMS (0% 12mo; $0 AF; self-issued; branch apply; prior richer on app-form underwriting detail),https://www.bannerbank.com/business-solutions/services/small-business-credit-card/business-platinum-mastercard,2026-06-11
80,ORANGE COUNTY'S FEDERAL CREDIT UNION,Credit Union,Santa Ana,https://www.orangecountyscu.org,2584116,3074686,YES,https://www.orangecountyscu.org/products/credit-cards/,Not shown (no intro offer found live),"Business Mastercard exists but is low-visibility: NOT listed on live business-services page (only checking/savings/MMA/CDs/vehicle/CRE); confirmed via own FAQ/disclosure PDFs + Business MC payment address PO Box 11777 Santa Ana; Platinum APR ~16.74-18.00%, $0 AF (consumer disclosure)",SELF,Payments to own Santa Ana PO Box; cards serviced at orangecountyscu.mycardinfo.com (processor portal; no Elan/TCM/FNBO tells),Branch/phone (no online business-card app found),https://www.orangecountyscu.org/about-us/contact-us/,Not visible live (prior: Experian for consumer loans per own FAQ),Not visible live,Pull: Yes [DOC-LIST + COMMUNITY-DP; 2021-05-26] (https://www.doctorofcredit.com/banks-credit-unions-dodont-pull-chexsystems/),Pull: Yes [DOC-LIST + COMMUNITY-DP; 2021-05-26] (https://www.doctorofcredit.com/banks-credit-unions-dodont-pull-early-warning-services/#comment-1196492),UNKNOWN,UNKNOWN,PRIOR-RICHER — live nav no longer surfaces the business card (only FAQ/PDF traces); prior had product placement detail; program appears extant but de-emphasized,https://www.orangecountyscu.org/products/business-services/; https://www.orangecountyscu.org/products/credit-cards/; google SERP,2026-06-11
81,WEST COAST COMMUNITY BANK,Bank,Santa Cruz,https://wccb.com,2476069,2895001,YES,https://wccb.com/corporate_cards,No 0% shown (APR not disclosed),Corporate + Corporate Purchasing Mastercards; $0 AF; virtual cards/spend controls on Purchasing tier,SELF,CorServ/Apex platform: cardholder portal wccb.myapexcard.com; cards presented as bank's own; no agent-issuer disclosure,Phone/RM (Corporate Card Mgr 831.457.5000; no online app),https://wccb.com/corporate_cards,Not visible,Not visible,UNKNOWN,UNKNOWN,UNKNOWN,UNKNOWN,"LIVE-CONFIRMS (CorServ Apex Mastercard, $0 AF, phone-only apply, terms undisclosed)",https://wccb.com/corporate_cards,2026-06-11
82,PARTNERS FEDERAL CREDIT UNION,Credit Union,Burbank,https://www.partnersfcu.org,2446780,2799230,NO,,NO,"Consumer-only CU (Disney cast members): Visa Platinum/Platinum Rewards/Signature/Share Secured; no business banking, loans, or cards anywhere in nav",—,n/a - no business card exists [raw: UNKNOWN],No,,—,—,UNKNOWN (no sweep row),UNKNOWN (no sweep row),UNKNOWN (no sweep row),UNKNOWN (no sweep row),"LIVE-CONTRADICTS (prior claimed TIB business Mastercard with site pbofca.com - that is Partners Bank of California, a different institution; the real Partners FCU at partnersfcu.org has NO business products at all)",https://www.partnersfcu.org/,2026-06-11
83,Sunwest Bank,Out-of-state bank with CA branches (SOD),Sandy,https://www.sunwestbank.com,2421811,4270088,YES,https://www.visionarycorporatecard.com/,NO,Visionary Corporate Card: 1% cash back (monthly statement credit); no implementation/license fees; expense-mgmt platform with virtual cards; no 0% intro; sunwestbank.com page 403-blocked to bots,SELF,Torpago 'Powered By' platform + Marqeta issuing rails but Sunwest is bank of record/own balance sheet (Torpago press: bank-branded program incl. underwriting infra); 'Banking services provided by Sunwest Bank Member FDIC',Email/contact (VisionaryPayments@SunwestBank.com),https://www.visionarycorporatecard.com/,—,—,"Consumer: UNKNOWN — no DPs; site 'early warning' text = fraud-alert copy, NOT EWS agency (v6 verified) | BUSINESS: UNKNOWN — online biz opener exists (EIN + docs) but screening vendor undisclosed; site 403-blocks robots [2026-06-11 (searched, no data)] (https://www.sunwestbank.com/banking/business/business-checking/ (403))","Consumer: UNKNOWN | BUSINESS: UNKNOWN [2026-06-11 (searched, no data)] (https://www.sunwestbank.com/banking/business/business-checking/ (403))",UNKNOWN,UNKNOWN,PRIOR-RICHER — live page no longer states existing-clients-only; prior client-only + no-PG detail not visible live,https://www.visionarycorporatecard.com/ | https://www.torpago.com/press/sunwest-bank-unveils-its-visionary-card-program-in-dynamic-collaboration-with-torpago-and-marqeta/,2026-06-11
84,ARROWHEAD FEDERAL CREDIT UNION,Credit Union,Rancho Cucamong,https://www.arrowheadcu.org,2404987,2905839,NO,,—,Consumer Arrowhead Visa (APR as low as 13.49%) + Share-Secured Visa only; business side = loans (/loans/business); stray FAQ mentions business debit/credit card members but no business card product page exists,—,n/a — no business card product,n/a,,Free FICO score on consumer card statements (not Experian as prior noted),—,UNKNOWN,UNKNOWN,UNKNOWN,UNKNOWN,"LIVE-CONFIRMS (no business credit card; consumer only). Minor: prior said free Experian/FICO — live page says FICO score, bureau not named",https://www.arrowheadcu.org/arrowhead-visa; https://www.arrowheadcu.org/,2026-06-11
85,ALTURA FEDERAL CREDIT UNION,Credit Union,Riverside,https://www.alturacu.com,2386844,2665893,YES,https://www.alturacu.com/business-credit-card/,NO — no intro rate mentioned on live page,⭐ Business Platinum: $0 AF; APR not published ('competitive interest rates'); limit up to $25K OAC; no BT fee; no cash advance fee; LLC NOT required (verbatim: 'You are not required to have an LLC to get a business credit card'); freelancers/online sellers eligible,SELF,Live page branded Altura Credit Union; no Elan/TCM/FNBO/CorServ branding or third-party portal on page,In-person,https://www.alturacu.com/business-credit-card/ (apply = visit branch or call 888-883-7228),—,—,UNKNOWN,UNKNOWN,UNKNOWN,UNKNOWN,LIVE-CONFIRMS,https://www.alturacu.com/business-credit-card/,2026-06-11
86,CALPRIVATE BANK,Bank,La Jolla,https://calprivate.bank,2375837,2693463,YES,https://calprivate.bank/business-banking/business-credit-cards/,NO 0% intro (only 'Competitive Ongoing APR' stated),Business Standard $0 AF + Business Preferred Points $49 AF; 25-day grace; rewards via mypreferredpoints.com,TIB,TIB program signature live: cardaccount.net servicing + mypreferredpoints.com rewards; TIB named on page for consumer card; business issuer not explicitly disclosed,In-person,'Contact Banker' form on page — no online application,not visible live (prior: Experian per TIB),not visible live,UNKNOWN,UNKNOWN,UNKNOWN,UNKNOWN,LIVE-CONFIRMS (no 0%; $0/$49 AF; banker-apply; TIB program rails live though business-card issuer line not verbatim),https://calprivate.bank/business-banking/business-credit-cards/,2026-06-11
87,OPEN BANK,Bank,Los Angeles,https://myopenbank.com,2328101,2699382,YES,https://myopenbank.com/additional-services/,Not shown on bank page (Elan offer page would carry current promo; prior N/M),"Elan business card menu: low rate / cash back / flexible rewards; free employee cards, expense tools, zero fraud liability",Elan,Live page: cards issued by Elan Financial Services per Visa/MC licenses; apply at creditcardlearnmore.com/11t3 (loc=24196); mgmt at myaccountaccess.com theme=elan1,Online,https://creditcardlearnmore.com/11t3/index?ecdma-lc=24196&ecid=OTHE_25940,Not visible live (prior: TU typical for Elan),⭐ Not visible live (prior: PG yes; no tax returns <$25K),UNKNOWN,UNKNOWN,UNKNOWN,UNKNOWN,LIVE-CONFIRMS-PRIOR,https://myopenbank.com/additional-services/,2026-06-11
88,UNITED BUSINESS BANK,Bank,Walnut Creek,https://www.unitedbusinessbank.com,2267047,2632362,YES,https://www.unitedbusinessbank.com/loans-credit/business-credit/business-credit-cards.html,Not visible (no promos mentioned),"""Competitive Annual Percentage Rate""; employee expense tracking; online account mgmt; no rates/fees/products named",UNKNOWN,No issuer named; no portal links on live page,Request-Info form (no online app),https://www.unitedbusinessbank.com/loans-credit/business-credit/business-credit-cards.html,Not visible,Not visible,UNKNOWN,UNKNOWN,UNKNOWN,UNKNOWN,"LIVE-CONFIRMS (card exists, issuer/terms undisclosed, Request-Info only)",https://www.unitedbusinessbank.com/loans-credit/business-credit/business-credit-cards.html,2026-06-11
89,MidFirst Bank,Out-of-state bank with CA branches (SOD),Oklahoma City,https://www.midfirst.com,2259863,42109827,YES,https://www.midfirst.com/business-and-commercial/card-solutions/credit,⭐ 'Low introductory APR' purchases+BT first 6 billing cycles (rate not stated; not confirmed as 0%),3 cards: Business Rewards / Business Credit Card / Business Secured; APRs and AFs not published,SELF,MidFirst-branded Visa cards on own site; no third-party portal mentioned,In-person (banking center / local banker; no online app shown),,—,—,"Yes — pulls, 4 DPs (DoC 2025-08-07) [DOC-LIST + COMMUNITY-DP; 2022-11-20] (https://www.doctorofcredit.com/banks-credit-unions-dodont-pull-chexsystems/)",UNKNOWN,UNKNOWN,UNKNOWN,"LIVE-CONFIRMS (3 cards incl Secured, self, in-person); live adds 'low intro APR 6 cycles' detail prior lacked; prior's $35 AF on Secured not visible on live overview page",https://www.midfirst.com/business-and-commercial/card-solutions/credit,2026-06-11
90,The Northern Trust Company,Out-of-state bank with CA branches (SOD),Chicago,https://www.northerntrust.com,2223820,173842608,NO,,—,No public business credit card; credit card program exists for HNW/private wealth clients only; northerntrust.com 503-blocked to bots 2026-06-11,—,The Paypers: 'Northern Trust Selects Elan as Credit Card Provider' for HNW-client branded program; matches prior Elan private-bank-wrapper finding [raw: Elan Financial Services],Private banker only,,—,—,UNKNOWN,UNKNOWN,UNKNOWN,UNKNOWN,LIVE-CONFIRMS (via third-party; bank site unreachable),https://thepaypers.com/payments/news/northern-trust-selects-elan-as-credit-card-provider | https://www.northerntrust.com,2026-06-11
91,FIREFIGHTERS FIRST FEDERAL CREDIT UNION,Credit Union,Los Angeles,https://www.firefightersfirstcu.org,2221334,2470349,YES,https://www.firefightersfirstcu.org/Business/Business-Loans/Business-Credit-Cards,NO (no 0% intro found),"Business Platinum Visa, 1% cashback; business membership required; APR 10.75-18.00% var per prior (not re-shown; domain fetch-blocked, verified via search snippets)",SELF,CU own-branded Business Visa; no Elan/TCM/FNBO; firefightersfirstcu.org hosts product + requirements,Email/phone (800-231-1626); business membership prereq,https://www.firefightersfirstcu.org/Business/Business-Loans/Business-Credit-Cards,Personal credit reviewed (bureau not named),NO — FULL-DOC: current business income statement + business federal tax returns required (live snippet),Membership: UNKNOWN — no Chex/EWS data (occupational closed SEG) | BUSINESS: UNKNOWN [2026-06-10 (no data); 2026-06-11 eligibility verified] (https://www.firefightersfirstcu.org/Resources/Become-A-Member/Membership-Eligibility),Membership: UNKNOWN | BUSINESS: UNKNOWN [2026-06-10 (no data); 2026-06-11 eligibility verified] (https://www.firefightersfirstcu.org/Resources/Become-A-Member/Membership-Eligibility),UNKNOWN,UNKNOWN,"LIVE-CONFIRMS (self-issued, full-doc tax returns, 1% cashback); PRIOR-RICHER on APR range; apply leans email/phone vs prior Online",https://www.firefightersfirstcu.org/Business/Business-Loans/Business-Credit-Cards,2026-06-11
92,AVIDBANK,Bank,San Jose,https://www.avidbank.com,2202730,2572193,YES,https://www.avidbank.com/lending-products,UNCLEAR — commercial program; no published consumer-style terms (avidbank.com 403s bots),"Live avidbank.com text (via search): 'Corporate and Business Credit Card programs offer... flexibility, rewards, and security'; commercial cards w/ spend controls, virtual cards, Level 2/3 data, custom rebates; relationship/commercial clients",SELF,CorServ press (May 2024): Avidbank moved from Agent Bank to CorServ Account Issuer program — bank controls credit decisioning; live site still advertises corporate/business card program,In-person,https://www.avidbank.com/lending-products (relationship/contact-based),—,—,UNKNOWN,UNKNOWN,UNKNOWN,UNKNOWN,LIVE-CONFIRMS,https://www.avidbank.com/lending-products; https://www.corservsolutions.com/avidbank-partners-with-corserv-to-implement-a-beneficial-credit-card-program-for-commercial-customers/,2026-06-11
93,"EverBank, National Association",Out-of-state bank with CA branches (SOD),Jacksonville,https://www.everbank.com,2199297,47232699,YES,https://www.everbank.com/business,not stated on bank site (Elan suite terms behind external Elan apply site),Business credit cards via Elan partner site; terms delegated to Elan platform,Elan,"Verbatim live: ""We've partnered with Elan Financial Services as issuer and creditor of EverBank credit cards""",Online,Elan external application site linked from everbank.com/business,not visible live (prior: TransUnion varies),not visible live,Yes — legacy 'TIAA' entry (DoC 2025-08-07) [DOC-LIST + COMMUNITY-DP; 2022-11-20] (https://www.doctorofcredit.com/banks-credit-unions-dodont-pull-chexsystems/),UNKNOWN,UNKNOWN,UNKNOWN,LIVE-CONFIRMS (Elan verbatim 'issuer and creditor'; online apply; terms N/M on bank site),https://www.everbank.com/business,2026-06-11
94,"EL DORADO SAVINGS BANK, F.S.B.",Savings Institution (Federal Savings Bank),Placerville,https://www.eldoradosavingsbank.com,2126939,2472114,NO,,—,Debit only: nav shows Visa Debit Card (personal) + Business Visa Debit Card; no credit cards of any kind,—,n/a — no card program [raw: UNKNOWN],n/a,,n/a,n/a,UNKNOWN,UNKNOWN,UNKNOWN,UNKNOWN,LIVE-CONFIRMS-PRIOR (thrift; debit only),https://www.eldoradosavingsbank.com,2026-06-11
95,COAST CENTRAL CREDIT UNION,Credit Union,Eureka,https://www.coastccu.org,2060772,2322103,YES,https://www.coastccu.org/business/business-credit-cards/,No 0% intro (rate-based cards),"Business Visa (limits from $1K, var APR as low as 10.70%) + Signature Visa (from $5K, as low as 9.70%); $0 AF; 1-2 pts rewards; employee cards",SELF,"CU's own card with own APR schedule; prior app-PDF evidence ""pursuant to Coast Central Credit Union VISA Credit Card Agreement""; no third-party issuer on live page",Paper PDF app to branch,http://www.coastccu.org/wp-content/uploads/2026/03/Business-Visa-Credit-Card-Application-3.16.25.pdf,Not visible,Doc requirements not shown on live page (prior: full-doc),UNKNOWN (no sweep row),UNKNOWN (no sweep row),UNKNOWN (no sweep row),UNKNOWN (no sweep row),LIVE-CONTRADICTS (lineup changed: prior 'Business Visa Classic/Gold' w/ rev-10/04 paper app; live = 'Business Visa' + 'Signature Visa' with new 3.16.25 app PDF and visible APRs 10.70%/9.70%; still paper-only apply),https://www.coastccu.org/business/business-credit-cards/ | https://www.coastccu.org/business/,2026-06-11
96,F & A FEDERAL CREDIT UNION,Credit Union,Monterey Park,https://www.fafcu.org,2052654,3056610,NO,,NO,Consumer-only (LA County fire/municipal employees): Premier Low Rate Visa 6.90-14.50% and Premier Rewards Visa; no business accounts or lending anywhere,—,n/a - no business products [raw: UNKNOWN],No,,—,—,UNKNOWN,UNKNOWN,UNKNOWN,UNKNOWN,LIVE-CONFIRMS (no business products; consumer Visa only),https://www.fafcu.org/,2026-06-11
97,LBS FINANCIAL CREDIT UNION,Credit Union,Long Beach,https://www.lbsfcu.org,1897558,2191341,NO,,—,Consumer-only CU: consumer checking/savings/credit cards/auto/home loans; zero business products in nav,—,No business services exist; consumer Visa only [raw: NONE],—,,—,—,Pull: Yes [DOC-LIST + COMMUNITY-DP; 2021-05-26] (https://www.doctorofcredit.com/banks-credit-unions-dodont-pull-chexsystems/),Pull: Yes [DOC-LIST + COMMUNITY-DP; 2021-05-26] (https://www.doctorofcredit.com/banks-credit-unions-dodont-pull-early-warning-services/#comment-1196492),UNKNOWN,UNKNOWN,LIVE-CONFIRMS — Long Beach business-card gap still empty,https://www.lbsfcu.org,2026-06-11
98,MONTECITO BANK & TRUST,Bank,Santa Barbara,https://montecito.bank,1793788,2036398,YES,https://montecito.bank/business/credit-card,NO (no 0% intro on live page),Business Visa: 16.49-24.49% var; $0 AF; 1pt/$1 = 1% auto cash back; $250 statement credit after $5K/90d (offer thru 6/30/2026),SELF,Own-branded MB&T Visa; no Elan/TCM/FNBO named; prior verified MB&T as creditor,Assisted (appointment/banker),https://montecito.bank/business/credit-card (schedule appointment; tel 805-963-7511),—,—,UNKNOWN,UNKNOWN,UNKNOWN,UNKNOWN,"LIVE-CONFIRMS (no 0%, 16.49-24.49%, $0 AF, 1% back, $250 SUB, assisted apply)",https://montecito.bank/business/credit-card,2026-06-11
99,FINANCIAL PARTNERS CREDIT UNION,Credit Union,Downey,https://fpcu.org,1787836,2247379,NO,—,—,Live fpcu.org card lineup is consumer-only: Visa Platinum / Visa Platinum Rewards (0% intro 12 billing periods is CONSUMER offer) / Savings Secured; no business card page on domain,—,fpcu.org credit-card pages (live search of domain) show only personal Visa products; business side = deposits [raw: Self (consumer cards only; none for business)],No,—,—,—,UNKNOWN,UNKNOWN,UNKNOWN,UNKNOWN,LIVE-CONFIRMS,https://fpcu.org/loans-credit/credit-cards; https://fpcu.org/money-saving-rates/credit-card-rates,2026-06-11
100,OAK VALLEY COMMUNITY BANK,Bank,Oakdale,https://www.ovcb.com,1781504,2009991,UNCLEAR,https://www.ovcb.com/commercial/loans/credit-cards/,not stated,Commercial card page is servicing-only (mycardstatement.com login + cRewards); no terms; no new-customer application; pre-Oct-2013 cards serviced at branch,TCM,mycardstatement.com + crewardscard.com servicing rails = TCM/ICBA Payments signature; TCM not named verbatim on live page (prior named TCM),In-person,contact branch / 866-844-7500 — no public application,not visible live (prior: Experian),N/M,UNKNOWN,UNKNOWN,UNKNOWN,UNKNOWN,LIVE-CONFIRMS (white-label servicing-only; terms N/M; existing-cardholders focus; no public apply),https://www.ovcb.com/commercial/loans/credit-cards/,2026-06-11
101,PLUMAS BANK,Bank,Quincy,https://www.plumasbank.com,1778694,2199524,YES,https://www.plumasbank.com/business-banking/business-card-services,NO (no intro offer advertised; APR 'see application'),Two options: Standard ($0 AF) + Business Preferred Points ($49 AF); APR not published — on application only (prior: ~19.49% Prime+10.99% cap 21%),TIB,Site states cards offered in partnership with TIB The Independent Bankers Bank N.A.; separate credit-card-access page (cardaccount.net-style servicing),Application via bank (no instant online app; bank page 403-blocked direct fetch — verified via search snippets of plumasbank.com pages),https://www.plumasbank.com/business-banking/business-card-services,Not visible live (prior: personal HP on guarantor; bureau unnamed),Not visible live (prior: PG YES + personal tax return required — NOT no-doc),UNKNOWN,UNKNOWN,UNKNOWN,UNKNOWN,LIVE-CONFIRMS-PRIOR,https://www.plumasbank.com/business-banking/business-card-services; https://www.plumasbank.com/credit-card-access,2026-06-11
102,MERIWEST CREDIT UNION,Credit Union,San Jose,https://www.meriwest.com,1753530,2163597,YES,https://www.meriwest.com/business/business-credit-cards,Not visible (Elan-portal terms; site 403 to fetcher),Rewards/travel points; low APR; high lines (per indexed page text); Elan-standard product set,Elan,Indexed meriwest.com business-credit-cards page: creditor/issuer = Elan Financial Services (Visa/MC licenses); BusinessWire 2014 Elan-Meriwest agent partnership; myFICO datapoint 'Elan Financial Services c/o Meriwest',Online (Elan app),https://www.meriwest.com/business/business-credit-cards (meriwest.com 403 to fetcher),Not visible,Not visible,UNKNOWN (no sweep row),UNKNOWN (no sweep row),UNKNOWN (no sweep row),UNKNOWN (no sweep row),"LIVE-CONFIRMS (Elan issuer stands; page URL moved /business-services/ -> /business/business-credit-cards; caveat: direct fetch blocked 403, verified via search index quote)",https://www.meriwest.com/business/business-credit-cards | https://www.businesswire.com/news/home/20140925006130/en/,2026-06-11
103,FIRST ENTERTAINMENT CREDIT UNION,Credit Union,Hollywood,https://www.firstent.org,1713776,2122096,YES,https://www.firstent.org/business/credit-cards/preferred-cash-visa/,"⭐ YES - 0% intro APR 12 mo (purchases, per search snippet)","Preferred Cash Business Visa: 1.5% cash back, no AF, $100 bonus after $1k/90d; also Visa Platinum Business",SELF,Own-domain card pages; no third-party issuer named,Call,mailto:businessbanking@firstent.org (or 888-800-3328); no online app,—,—,UNKNOWN (no sweep row),UNKNOWN (no sweep row),UNKNOWN (no sweep row),UNKNOWN (no sweep row),Fresh screen (single pass; not in live re-verify set),https://www.firstent.org/business/credit-cards/preferred-cash-visa/; https://www.firstent.org/business/credit-cards/,2026-06-11
104,Valley National Bank,Out-of-state bank with CA branches (SOD),Passaic,https://www.valley.com,1697582,64388074,YES,https://www.valley.com/business/commercial-lending/valley-visa-business-credit-card,⭐ 0% intro 6 months purchases+BT (incl Secured card),"⭐ Visa Business + Valley Visa SECURED Business (deposit 110% of limit, max $25K limit); $0 AF; 1% unlimited cash back; up to 25 employee cards free; valley.com pages JS-render only headings - terms via indexed pages + own disclosure PDF",SELF,Disclosure PDF hosted on valley.com (Secured Card disclosure); card managed at cardmanager.valley.com; no Elan portal for business cards,Interest form online then rep contact (no direct online app),https://www.valley.com/business/business-credit-cards,—,—,"Yes — pulls (Crediful 2025-10-07); 2016 DoC DP: online sensitive, in-branch lenient [DOC-LIST + secondary; 2025-10-07] (https://www.doctorofcredit.com/banks-credit-unions-chexsystems-inquiry-sensitive/)",UNKNOWN,UNKNOWN,UNKNOWN,"LIVE-CONFIRMS (0% 6 cyc, $0 AF, 1% cash back, secured 110%/$25K, self-issued business cards); prior APR range 14.45-25.75% not re-verified (JS-blocked)",https://www.valley.com/business/commercial-lending/valley-visa-business-credit-card; https://valley.com/content/dam/valley/pdfs/business-credit-card-rates-and-terms/Secured%20Card%20disclosure-10-01-24-ADA.pdf,2026-06-11
105,FIRST NORTHERN BANK OF DIXON,Bank,Dixon,https://www.thatsmybank.com,1695551,1924057,YES,https://www.thatsmybank.com/business/business-credit-cards.html,⭐ YES,Business Cash Preferred 0% 12 cycles then 17.24-26.24% $0 AF; Business Real Rewards 0% 6 cycles $0 AF,Elan,Live verbatim on bank page + offer index: 'The creditor and issuer of these Cards is Elan Financial Services',Online,https://creditcardlearnmore.com/11t3/index?ecdma-lc=22292&ecid=OTHE_25940,—,—,UNKNOWN,UNKNOWN,UNKNOWN,UNKNOWN,LIVE-CONFIRMS — 0% 12cyc and 17.24-26.24% match prior exactly,https://www.thatsmybank.com/business/business-credit-cards.html | https://creditcardlearnmore.com/11t3/index?ecdma-lc=22292&ecid=OTHE_25940,2026-06-11
106,BAY FEDERAL CREDIT UNION,Credit Union,Capitola,https://www.bayfed.com,1693650,1892475,YES,https://www.bayfed.com/business/visa-credit,NO (none shown),"⭐ Business Visa to $50K; $0 AF; BayREWARDS on all purchases; low variable rate (APR not published); travel/warranty/CDW perks; 2,500-pt signup per prior not re-shown live",SELF,Live page: Bay Federal issues the card directly; no agent named,Contact/branch,tel 831-479-6000 / 888-4BAYFED or branch (no online card app),—,—,UNKNOWN (no sweep row),UNKNOWN (no sweep row),UNKNOWN (no sweep row),UNKNOWN (no sweep row),"LIVE-CONFIRMS (self-issued, $50K, $0 AF, BayREWARDS, contact/branch apply); PRIOR-RICHER on 2,500-pt signup",https://www.bayfed.com/business/visa-credit,2026-06-11
107,COMMONWEALTH BUSINESS BANK,Bank,Los Angeles,https://www.cbb-bank.com,1686692,1990854,YES,https://www.cbb-bank.com/en/business/lending/creditcards,⭐ YES — 0% 6 billing cycles (Business Real Rewards) purchases + BT,"Business Real Rewards: 1.5 pts/$1 uncapped, 0% 6 cycles, $0 AF (live generic Elan terms now show 18.99-27.99% ongoing vs prior 17.24-26.24% — Elan repriced); live CBB biz card page title: 'Empower Your Business with Corporate Credit Cards'",Elan,Live: 'The creditor and issuer of this card is Elan Financial Services' (Elan business product pages tied to CBB page); card benefits hosted at card.myaccountaccess.com,Online,https://creditcardlearnmore.com/11t3/business-real-rewards,—,—,UNKNOWN,UNKNOWN,UNKNOWN,UNKNOWN,LIVE-CONFIRMS (ongoing APR drifted up vs prior snapshot),https://www.cbb-bank.com/en/business/lending/creditcards; https://card.myaccountaccess.com/credit/visa-business-real-rewards.do,2026-06-11
108,MISSION BANK,Bank,Bakersfield,https://www.missionbank.bank,1684433,1919385,YES,https://www.missionbank.bank/business/business-credit-cards,not visible live (prior: 0% intro length N/M),"Rewards (1pt/$1), Cash Back (1% all purchases), Purchasing Card, large-org Purchasing Card ($1M+ spend); rates/fees in app disclosures",TCM,"Bank page (indexed): cards ""issued by TCM Bank, N.A.""; online app on mycommunitycc.com (TCM rail; live but JS-rendered)",Online,https://www.mycommunitycc.com/sgpXj3gLGuZQ,not visible live (prior: Experian),⭐ not visible live (prior: SBA-eligible only; no tax returns on app),UNKNOWN,UNKNOWN,UNKNOWN,UNKNOWN,"PRIOR-RICHER (TCM + 1% cash back + online apply confirmed live; 0% intro and SBA-eligibility detail not visible in this screen; missionbank.bank direct fetch blocked by network policy, verified via indexed pages)",https://www.missionbank.bank/business/business-credit-cards | https://www.mycommunitycc.com/sgpXj3gLGuZQ,2026-06-11
109,BENEFICIAL STATE BANK,Bank,Oakland,https://www.beneficialstatebank.com,1655342,1973803,YES,https://www.beneficialstatebank.com/business-banking/credit-cards,UNCLEAR (terms not published anywhere live),Two business Visa cards; details/fees NOT public — 'connect with a banker'; cards restricted to CA/OR/WA residents,SELF,No third-party issuer tells live; prior: runs on Fiserv SpendTrack platform self-issued; banker-mediated program,Banker/contact (no online app; primary officer or client team),https://www.beneficialstatebank.com/business-banking/credit-cards,Not visible live,Not visible live,"Consumer: Lean-NO — own Personal Deposit Agreement names NO vendor; only generic 'credit report by a credit reporting agency' (VERIFIED-absence, own doc, 11pp) | BUSINESS: Lean-NO — own BUSINESS Deposit Agreement likewise names NO Chex/QualiFile/EWS; same generic credit-verification clause only (VERIFIED-absence, own doc, 9pp) [2026-06-11 (docs fetched)] (https://www.beneficialstatebank.com/uploads/files/Personal-Deposit-Account-Agreement-and-Disclosure.pdf)",Consumer: Lean-NO (0 'Early Warning' hits both docs); no community DPs | BUSINESS: Lean-NO (same) [2026-06-11 (docs fetched)] (https://www.beneficialstatebank.com/uploads/files/Personal-Deposit-Account-Agreement-and-Disclosure.pdf),UNKNOWN,UNKNOWN,LIVE-CONFIRMS-PRIOR (still live program with unpublished terms; bank page 403 to bots — confirmed via search + WalletHub/SuperMoney 2025),https://www.beneficialstatebank.com/business-banking/credit-cards; https://wallethub.com/answers/cc/beneficial-state-bank-credit-card-6969/,2026-06-11
110,MONTERRA CREDIT UNION,Credit Union,Redwood City,https://www.monterra.org,1654172,1920135,YES,https://www.monterra.org/business/credit-cards/business-rewards-visa-credit-card,UNCLEAR (intro APR offer on purchases first 90 days; rate not visible),Business Rewards Visa: no annual fee; variable rate; Monterra Rewards points; intro APR offer first 90 days,SELF,"Card hosted on own domain; apply via Monterra Online Banking ""Apply"" menu or new-member application",Online,https://www.monterra.org/business/credit-cards/business-rewards-visa-credit-card,—,—,UNKNOWN (no sweep row),UNKNOWN (no sweep row),UNKNOWN (no sweep row),UNKNOWN (no sweep row),Fresh screen (single pass; not in live re-verify set),https://www.monterra.org/business/credit-cards/business-rewards-visa-credit-card,2026-06-11
111,CALTECH EMPLOYEES FEDERAL CREDIT UNION,Credit Union,La Canada,https://www.caltechefcu.org,1611118,2176332,NO,,—,Only consumer Platinum Mastercard; no business banking listed,—,,—,,—,—,UNKNOWN (no sweep row),UNKNOWN (no sweep row),UNKNOWN (no sweep row),UNKNOWN (no sweep row),Fresh screen (single pass; not in live re-verify set),https://www.caltechefcu.org/home/home,2026-06-11
112,NORTHROP GRUMMAN FEDERAL CREDIT UNION,Credit Union,Gardena,https://www.ngfcu.us,1492015,1653498,NO,,—,,—,Consumer-only Visa/MC (low rate/cash rebate/CURewards); no business card on credit cards page,—,,—,—,UNKNOWN (no sweep row),UNKNOWN (no sweep row),UNKNOWN (no sweep row),UNKNOWN (no sweep row),Fresh screen (single pass; not in live re-verify set),https://www.ngfcu.us/borrow/credit-cards,2026-06-11
113,COASTHILLS FEDERAL CREDIT UNION,Credit Union,Santa Maria,https://coasthills.coop/,1489558,1765233,YES,https://coasthills.coop/business/borrow/business-visa-credit-card,NO (3.99% intro APR on balance transfers 6 mo),Business Platinum Visa; rewards points; no BT fee; Visa Zero Liability,UNKNOWN,Card page 403-blocked; no servicer evidence found,UNKNOWN,https://coasthills.coop/resources/support/business-contact,—,—,UNKNOWN (no sweep row),UNKNOWN (no sweep row),UNKNOWN (no sweep row),UNKNOWN (no sweep row),Fresh screen (single pass; not in live re-verify set),https://coasthills.coop/business/borrow/business-visa-credit-card,2026-06-11
114,SAN FRANCISCO FIRE CREDIT UNION,Credit Union,San Francisco,https://sffirecu.org,1454032,1604300,YES,https://sffirecu.org/business/business-platinum-visa/,Not stated,$0 AF; $0 cash advance fee; no BT fee; no foreign transaction fee; APR not shown on page,SELF,Card presented as issued by SF Fire CU on own domain; no Elan/TCM/third-party markers on card page,Call/Branch,,—,—,UNKNOWN (no sweep row),UNKNOWN (no sweep row),UNKNOWN (no sweep row),UNKNOWN (no sweep row),Fresh screen (single pass; not in live re-verify set),https://sffirecu.org/ | https://sffirecu.org/business/business-platinum-visa/,2026-06-11
115,FRONTWAVE CREDIT UNION,Credit Union,Oceanside,https://www.frontwavecu.com,1446543,1764704,NO,,—,"Consumer Visa only (Classic/Platinum/Signature Rewards); business side = vehicle/equipment loans, LOC, CRE - no business card",—,No business card product exists; cards all under Personal nav,No,,—,Not applicable,UNKNOWN,UNKNOWN,UNKNOWN,UNKNOWN,"LIVE-CONFIRMS (consumer Visa only; business = loans/LOC; caveat: frontwavecu.com 403 to fetcher, verified via indexed site pages)",https://www.frontwavecu.com/Personal/Borrow/Credit-Cards | https://www.frontwavecu.com/,2026-06-11
116,KEYPOINT CREDIT UNION,Credit Union,San Jose,https://kpcu.com,1403675,1701238,YES,https://kpcu.com/business/lending/business-loans/business-credit-cards,Not stated,"Visa biz card: 15.99%-24.99% variable APR, no annual fee, 1.5% cash back; no 0% intro mentioned",SELF,Own-domain kpcu.com card page and online application; no third-party servicer named,Online,https://kpcu.com/business/lending/business-loans/business-credit-cards,Not stated on page,App asks total annual revenue + Tax ID/EIN (sole props may not need TIN),UNKNOWN (no sweep row),UNKNOWN (no sweep row),UNKNOWN (no sweep row),UNKNOWN (no sweep row),Fresh screen (single pass; not in live re-verify set),https://kpcu.com/business/lending/business-loans/business-credit-cards,2026-06-11
117,OPERATING ENGINEERS LOCAL UNION #3 FEDERAL CREDIT UNION,Credit Union,Livermore,https://www.oefederal.org,1402578,1650775,NO,,—,Personal Visa STEEL card line only; no business card found in site search,—,,—,,—,—,UNKNOWN (no sweep row),UNKNOWN (no sweep row),UNKNOWN (no sweep row),UNKNOWN (no sweep row),Fresh screen (single pass; not in live re-verify set),https://oefederal.org/accounts/cards/visa-credit-cards/,2026-06-11
118,HomeStreet Bank,Out-of-state bank with CA branches (SOD),Walnut Creek,https://www.homestreet.com,1400139,21403986,NO,,NO,Merged with and into Mechanics Bank (CA) effective 2025-09-02; HomeStreet charter gone; Mechanics Bank business cards are Elan-issued (creditcardlearnmore portal),—,"Mechanics Bank card program is Elan white-label (Elan = creditor/issuer; online apps via Elan portal); NOTE prior site mymechanics.com is the OHIO Mechanics Bank, not the CA successor (mechanicsbank.com) [raw: Elan Financial Services (via successor Mechanics Bank)]",No (HomeStreet); successor Mechanics Bank: Online via Elan,,—,—,Pull: Yes — approve-then-CLOSE risk [DOC-LIST; 2025-08-07] (https://www.doctorofcredit.com/banks-credit-unions-dodont-pull-chexsystems/),UNKNOWN,UNKNOWN,UNKNOWN,"LIVE-CONFIRMS merger (completed 2025-09-02, Mechanics Bank survivor) and Elan; minor prior error: PRIOR_site mymechanics.com = Mechanics Bank of Ohio, correct successor site is mechanicsbank.com",https://www.mechanicsbank.com/about-us/who-we-are/news-press/2025-news-articles/mechanics-bank-completes-strategic-merger-with-homestreet-inc/; https://www.homestreet.com/together,2026-06-11
119,US METRO BANK,Bank,Garden Grove,https://www.usmetrobank.com,1362873,1563129,NO,,—,Deposits + business/SBA/construction/warehouse lending + treasury only; no credit card anywhere in nav,—,No card product on site [raw: NONE],—,,—,—,UNKNOWN,UNKNOWN,UNKNOWN,UNKNOWN,LIVE-CONFIRMS,https://www.usmetrobank.com,2026-06-11
120,FFB BANK,Bank,Fresno,https://www.ffb.bank,1345950,1571464,YES,https://www.ffb.bank/home/business/loans-credit/credit-cards/,NO (no 0% mentioned),Basic biz card (custom credit lines) + Preferred Points rewards card; Roadside Dispatch + Travel Accident Ins; rewards via www.mypreferredpoints.com (TIB program portal); APR/AF not shown (page 403s direct fetch; verified via snippets),TIB,"Rewards run on mypreferredpoints.com / 866-678-5191 = TIB (The Independent BankersBank) agent card program, matching prior TIB attribution",Online per prior (live page fetch-blocked; contact 559-439-0200),https://www.ffb.bank/home/business/loans-credit/credit-cards/,—,—,UNKNOWN,UNKNOWN,UNKNOWN,UNKNOWN,LIVE-CONFIRMS (biz cards exist; TIB program via Preferred Points portal); PRIOR-RICHER on bureau/terms,https://www.ffb.bank/home/business/loans-credit/credit-cards/; https://www.ffb.bank/home/business/,2026-06-11
121,SIERRA CENTRAL CREDIT UNION,Credit Union,Yuba City,https://www.sierracentral.com,1339334,1496982,YES,https://www.sierracentral.com/products/business-visa,UNCLEAR (6-month intro rate period; intro rate value not shown - not confirmed 0%),⭐ Business VISA: APR as low as 16.74%-22.99% (prime+9.99% after intro); credit line $5K-$50K; no annual fee,SELF,Card on own domain; applications via own LOS sierracentral.apps.ilendx.tech (iLendX); no Elan/TCM markers,Online,https://sierracentral.apps.ilendx.tech/,—,—,UNKNOWN (no sweep row),UNKNOWN (no sweep row),UNKNOWN (no sweep row),UNKNOWN (no sweep row),Fresh screen (single pass; not in live re-verify set),https://www.sierracentral.com/borrow/credit-cards; https://www.sierracentral.com/products/business-visa,2026-06-11
122,VENTURA COUNTY CREDIT UNION,Credit Union,Ventura,https://www.vccuonline.net,1303082,1467597,YES,https://www.vccuonline.net/Business/Business-Accounts,NO — no intro terms published,"Live verbatim: 'Business Credit Cards from Mastercard, allow you to easily buy supplies, entertain clients and handle other everyday operating expenses'; no rates/fees published; NOTE: card mention now lives on Business-Accounts page — Business landing + Commercial-Loans pages no longer mention cards",SELF,Own-branded Mastercard mention on own domain; no Elan/TCM/FNBO branding anywhere on live business pages; agreement still not posted,Branch/phone,https://www.vccuonline.net/Business/Business-Accounts (contact business services specialist via form),—,—,UNKNOWN (no sweep row),UNKNOWN (no sweep row),UNKNOWN (no sweep row),UNKNOWN (no sweep row),LIVE-CONFIRMS (weaker placement than prior implied: single sentence on deposit-accounts page),https://www.vccuonline.net/Business; https://www.vccuonline.net/Business/Business-Accounts; https://www.vccuonline.net/Business/Commercial-Loans,2026-06-11
123,AMERICAN RIVIERA BANK,Bank,Santa Barbara,https://americanriviera.bank,1268061,1422849,YES,https://americanriviera.bank/product/business-credit-cards,not stated on bank page (standard Elan suite behind chooser),Low rate/cash back/flexible rewards Elan options; free employee cards; expense tools,Elan,"Verbatim on bank page: ""The creditor and issuer of these cards is Elan Financial Services""; live redirect creditcard.arb.bank/choose -> myaccountbenefits.com (Elan domain, ecdma-lc=32253)",Online,https://creditcard.arb.bank/choose,not visible live (prior: TransUnion varies),not visible live,UNKNOWN,UNKNOWN,UNKNOWN,UNKNOWN,LIVE-CONFIRMS (Elan verbatim; online chooser/apply live via Elan rail; terms N/M matches prior),https://americanriviera.bank/product/business-credit-cards | https://creditcard.arb.bank/choose,2026-06-11
124,LOS ANGELES POLICE FEDERAL CREDIT UNION,Credit Union,Van Nuys,https://lapfcu.org,1265776,1402267,NO,,—,Business checking + Business Visa DEBIT only; consumer Visa cards have 0% intro 6mo,—,,—,,—,—,UNKNOWN (no sweep row),UNKNOWN (no sweep row),UNKNOWN (no sweep row),UNKNOWN (no sweep row),Fresh screen (single pass; not in live re-verify set),https://lapfcu.org/accounts/business-accounts/; https://lapfcu.org/loans-credit/cards/credit-cards,2026-06-11
125,CHRISTIAN COMMUNITY CREDIT UNION,Credit Union,San Dimas,https://www.adelfibanking.com,1236810,1443573,YES,https://www.adelfibanking.com/ministry/ministry-credit-cards/,Not shown live (no intro APR stated),3 ministry/business cards: 'Gives to Missions' / MAF / IM Visa Business Rewards; 1.5% unlimited cash back; $300 bonus @ $3K/3mo (MAF $200 @ $750); $0 AF,SELF,Site: 'Christian Community Credit Union & AdelFi are now one' — CU issues own cards; no third-party tells,Contact/assisted ('Contact Us to Apply'; AdelFi membership required first),https://www.adelfibanking.com/ministry/ministry-credit-cards/,Not visible live,Not visible live,"Membership: Yes — pulls Chex (DoC 'does pull' list; 5 DPs; inquiry-sensitive, denied at 26+ inquiries) | BUSINESS: UNKNOWN — business checking + nonprofit checking offered; biz/nonprofit deposit-screen unpublished [2018-08-15 (EWS-clean DP); 2026-06-11] (https://www.adelfibanking.com/business/checking-savings/checking)",Membership: No (2018 DP — Ampersand opened CCCU with no EWS inquiry) | BUSINESS: UNKNOWN [2018-08-15 (EWS-clean DP); 2026-06-11] (https://www.adelfibanking.com/business/checking-savings/checking),UNKNOWN,UNKNOWN,LIVE-CONFIRMS-PRIOR (CCCU+AdelFi merger live on site; card program intact),https://www.adelfibanking.com/ministry/ministry-credit-cards/,2026-06-11
126,"UMB Bank, National Association",Out-of-state bank with CA branches (SOD),Kansas City,https://www.umb.com,1202740,72349509,YES,https://www.umb.com/business-banking/business-credit-cards,⭐ 0% intro 9 months (purchases),Visa Signature Business Rewards: 20K pts ($200) @ $2K/90d; 15.49% var after intro; $0 AF; 2x top-2 categories/1x other; commercial card suite alongside,SELF,UMB-issued; live page UMB Bank n.a. Member FDIC branding; UMB is itself an agent issuer FOR other banks,Online,https://dao.umb.com/sbla,Not visible,⭐ Online app 15-20 min; approval 2-3 biz days; no tax-return requirement stated,Consumer: Yes — DOC-LIST: DoC UMB $400 bonus page states 'ChexSystems: Yes' + 'Hard/soft pull: Soft pull' (consumer) | BUSINESS: UNKNOWN — bonus page personal-only; no biz DP found; commercial checking is RM/treasury channel [2026-06-11 (DoC page fetched)] (https://www.doctorofcredit.com/az-co-il-mo-ne-ok-ks-tx-umb-bank-400-checking-bonus/),"Consumer: No mention on DoC page; not on DoC EWS list (lean-no, weak) | BUSINESS: UNKNOWN [2026-06-11 (DoC page fetched)] (https://www.doctorofcredit.com/az-co-il-mo-ne-ok-ks-tx-umb-bank-400-checking-bonus/)",UNKNOWN,UNKNOWN,"LIVE-CONFIRMS (bonus $200/20K pts @ $2K/90d exact match; live ADDS 0% intro 9 mo, 15.49% var, $0 AF, online app dao.umb.com/sbla)",https://www.umb.com/business-banking/business-credit-cards,2026-06-11
127,SAN FRANCISCO FEDERAL CREDIT UNION,Credit Union,San Francisco,https://www.sanfranciscofcu.com,1194502,1582268,NO,,—,,—,Business banking page lists checking/savings/commercial loans only; credit cards are consumer-only (Visa Platinum/Secured/Student),—,,—,—,UNKNOWN (no sweep row),UNKNOWN (no sweep row),UNKNOWN (no sweep row),UNKNOWN (no sweep row),Fresh screen (single pass; not in live re-verify set),https://www.sanfranciscofcu.com/business-banking-products/,2026-06-11
128,STATE BANK OF INDIA (CALIFORNIA),Bank,Los Angeles,https://www.sbical.bank,1189577,1394366,YES,https://www.sbical.bank/business-banking/business-credit-cards,⭐ UNCONFIRMED live (terms not published; Elan twins offer 0% 6-12 cyc),Business cards offered; page text (indexed): 'creditor and issuer... is Elan Financial Services'; specific APR/AF not published; sbical.bank blocked by fetch safety filter - verified via Google-indexed page text,Elan,Indexed page text: 'The creditor and issuer of State Bank of India (California) business credit cards is Elan Financial Services pursuant to separate licenses from Visa U.S.A. Inc. and Mastercard International',Online,https://www.sbical.bank/business-banking/business-credit-cards,—,—,Pull: Yes (NOT sensitive) [DOC-LIST; 2025-08-07] (https://www.doctorofcredit.com/banks-credit-unions-dodont-pull-chexsystems/),UNKNOWN,UNKNOWN,UNKNOWN,"LIVE-CONFIRMS (Elan, online, terms not published - matches prior)",https://www.sbical.bank/business-banking/business-credit-cards (indexed text),2026-06-11
129,COLUMN NATIONAL ASSOCIATION,Bank,Chico,https://column.com,1184551,1388684,NO,,—,Developer/BaaS infrastructure bank; 'Card Programs' product = network access for fintechs (Brex/Mercury/Ramp cases); no direct-to-business card,—,Site explicitly positions card programs as infrastructure for fintech clients not end-businesses [raw: NONE],—,,—,—,UNKNOWN,UNKNOWN,UNKNOWN,UNKNOWN,LIVE-CONFIRMS,https://column.com,2026-06-11
130,FARMERS INSURANCE FEDERAL CREDIT UNION,Credit Union,Burbank,https://figfcu.org/,1162631,1366674,NO,,—,Personal cards only (Crystal/Platinum/Select/Blue Visa); business loans offered but no business credit card,—,,—,,—,—,UNKNOWN (no sweep row),UNKNOWN (no sweep row),UNKNOWN (no sweep row),UNKNOWN (no sweep row),Fresh screen (single pass; not in live re-verify set),https://figfcu.org/credit-cards,2026-06-11
131,AMERICAN FIRST CREDIT UNION,Credit Union,Brea,https://www.amerfirst.org,1155644,1310342,NO,,—,"Business side = checking, savings, SBA, CRE loans only; no business credit card on business-services page; consumer credit cards exist",—,n/a — no business card,n/a,,—,—,UNKNOWN (no sweep row),UNKNOWN (no sweep row),UNKNOWN (no sweep row),UNKNOWN (no sweep row),"LIVE-CONTRADICTS (prior Website afnb.com is WRONG ENTITY — afnb.com = American First National Bank, Houston TX; correct site is amerfirst.org. Prior NO-card verdict itself CONFIRMED on correct site)",https://www.amerfirst.org/products/business-services; https://www.amerfirst.org/,2026-06-11
132,LOS ANGELES FEDERAL CREDIT UNION,Credit Union,Glendale,https://www.lafcu.org,1146363,1278292,YES,https://www.lafcu.org/loans-credit/business-loans,NO — no intro rate on live page,"⭐ Business Rewards Platinum Visa: $0 AF; limit up to $50,000; 1 pt/$1 + 2x gas/groceries/restaurants/travel; APR shown as 'view current rate' live (prior snapshot 15.75% var not re-displayed); concierge, purchase protection, travel accident ins.",SELF,Live page: issuer = Los Angeles Federal Credit Union; CURewards = points program (Velera-side processing per prior; consumer Visa agreement names LAFCU as creditor),Online,https://www.lafcu.org/loans-credit/business-loans (online application via lending platform),—,—,"Yes — pulls + hard credit pull (own membership page verbatim, 2026-06-09); 2nd-chance if Chex balances paid [v6 existing cell]",UNKNOWN,UNKNOWN,UNKNOWN,LIVE-CONFIRMS (PRIOR-RICHER on APR 15.75% + bureau detail — not shown on live marketing page),https://www.lafcu.org/loans-credit/business-loans,2026-06-11
133,NOBLE FEDERAL CREDIT UNION,Credit Union,Fresno,https://www.noblecu.com,1139517,1494031,NO,,—,Consumer cards only (MyRewards Platinum Visa / Share Secured Visa) in Credit Cards & Loans nav; business banking login exists but no business card in nav or sitemap,—,,—,,—,—,UNKNOWN (no sweep row),UNKNOWN (no sweep row),UNKNOWN (no sweep row),UNKNOWN (no sweep row),Fresh screen (single pass; not in live re-verify set),https://www.noblecu.com/ | https://www.noblecu.com/site/sitemap/,2026-06-11
134,SESLOC CREDIT UNION,Credit Union,San Luis Obispo,https://www.sesloc.org,1124366,1252419,YES,https://www.sesloc.org/business-services/business-lending/,Not stated,SESLOC Visa business credit card with 'competitive rates'; details (APR/fees) not on page,SELF,Online app via MeridianLink with SESLOC lenderref (app.consumer.meridianlink.com lenderref=Seslocfcu); no card-issuer third party named,Online,https://app.consumer.meridianlink.com/apply.aspx?lenderref=Seslocfcu91917&list=bl,Not stated on page,Not stated on page,UNKNOWN (no sweep row),UNKNOWN (no sweep row),UNKNOWN (no sweep row),UNKNOWN (no sweep row),Fresh screen (single pass; not in live re-verify set),https://www.sesloc.org/business-services/business-lending/,2026-06-11
135,PACIFIC SERVICE CREDIT UNION,Credit Union,Concord,https://www.pacificservice.org,1121940,1345715,NO,,—,No business banking in site nav; only personal Visa Platinum Rewards,—,,—,,—,—,UNKNOWN (no sweep row),UNKNOWN (no sweep row),UNKNOWN (no sweep row),UNKNOWN (no sweep row),Fresh screen (single pass; not in live re-verify set),https://www.pacificservice.org/,2026-06-11
136,1ST UNITED CREDIT UNION,Credit Union,Pleasanton,https://www.1stunitedcu.org,1099282,1253077,NO,,—,Personal Visa Platinum/Rewards/Secured only; no business credit card found on site or search,—,[raw: N/A],N/A,,—,—,UNKNOWN (no sweep row),UNKNOWN (no sweep row),UNKNOWN (no sweep row),UNKNOWN (no sweep row),Fresh screen (single pass; not in live re-verify set),https://www.1stunitedcu.org/loans-and-credit/product/credit-cards,2026-06-11
137,COMMERCE WEST BANK,Bank,Irvine,https://www.cwbk.com,1092294,1243344,YES,https://www.cwbk.com/business-loans/,'low introductory rates' stated — duration/rate not public,Business credit card with Preferred Points (cash back/travel/merch/gift cards); APR/AF not public,TIB,INFERRED — 'Preferred Points' program = TIB rewards signature (mypreferredpoints); not named verbatim; cwbk.com direct fetch blocked by network policy — verified via indexed cwbk.com/business-loans content,In-person,contact bank — no public online application found,N/M (prior: Experian typical for TIB),N/M (prior: PG typical),UNKNOWN,UNKNOWN,UNKNOWN,UNKNOWN,LIVE-CONFIRMS (card exists; 'low intro rates' + Preferred Points; terms N/M; no online apply; TIB still inference not verbatim),https://www.cwbk.com/business-loans/,2026-06-11
138,SOUTHLAND CREDIT UNION,Credit Union,Los Alamitos,https://www.southlandcu.org,1067283,1292892,UNCLEAR,https://www.southlandcu.org/borrow/credit-cards/,n/a (consumer cards show 0% 12mo; nothing business-specific),"Live web evidence shows CONSUMER Visa lineup only (Platinum Cash Rewards / Platinum Rewards / Smart Card, 0% intro 12mo); Business Services section exists but no business credit card found; site 403-blocks direct fetch",UNKNOWN,No issuer tells found; consumer cards self-issued (CFPB agreement on file),Branch/phone for business services,https://www.southlandcu.org/connect/forms-applications/,Not visible,Business Account Application PDF exists (prior); loan docs unpublished,Membership: YES — pulls ChexSystems (own site: 'All new accounts are verified through ChexSystems') | BUSINESS: YES — same ChexSystems language explicitly covers business accounts ('All new accounts...both personal and business'); business account application screened [2026-06-11 (own site)] (https://www.southlandcu.org/join/open-new-account/),Membership: UNKNOWN | BUSINESS: UNKNOWN [2026-06-11 (own site)] (https://www.southlandcu.org/join/open-new-account/),UNKNOWN,UNKNOWN,LIVE-CONFIRMS-PRIOR (still PARTIAL/unverified — no dedicated business card visible live; phone-confirm remains the action),https://www.southlandcu.org/borrow/credit-cards/; https://files.consumerfinance.gov/a/assets/credit-card-agreements/pdf/Southland_Credit_Union/Visa_Credit_Card_Agreement.pdf,2026-06-11
139,RIZE FEDERAL CREDIT UNION,Credit Union,El Monte,https://rizecu.com,1060948,1309314,YES,https://rizecu.com/business-visa/,Not mentioned,⭐ Business Visa Platinum; no annual fee; limits $5K-$50K; employee cards; rates by phone,UNKNOWN,No platform named on card page,Call,https://rizecu.com/business-inquiry/,—,—,Membership: LIKELY-NO — own open-account page lists ONLY ID+SSN+$5+address (no ChexSystems/QualiFile language); CU offers 'New Beginnings'/Fresh Start second-chance + ChexSystems-rebuild products = forgiving posture | BUSINESS: UNKNOWN — Business Visa Platinum self-issued $5K-$50K variable limit; apply via 'Contact business banking team'; no Chex language on biz page; deposit-screen unconfirmed [2026-06-11 (own pages)] (https://rizecu.com/open-an-account/),Membership: UNKNOWN | BUSINESS: UNKNOWN [2026-06-11 (own pages)] (https://rizecu.com/open-an-account/),UNKNOWN,UNKNOWN,Fresh screen (single pass; not in live re-verify set),https://rizecu.com/business-visa/,2026-06-11
140,UNITED SECURITY BANK,Bank,Fresno,https://www.unitedsecuritybank.com,1059462,1216537,NO,,—,,—,Business page lists deposits/cash mgmt/loans + merchant card services; no credit card product,—,,—,—,UNKNOWN (no sweep row),UNKNOWN (no sweep row),UNKNOWN (no sweep row),UNKNOWN (no sweep row),Fresh screen (single pass; not in live re-verify set),https://www.unitedsecuritybank.com/business,2026-06-11
141,HONDA FEDERAL CREDIT UNION,Credit Union,Torrance,https://www.hondafcu.org/,1041171,1204193,YES,https://www.hondafcu.org/hondafcu/media/pdfs/disclosures/visa-disclosure.pdf,Not visible,Visa Business Card exists per own Visa disclosure + Member Advantage Points T&C; not promoted on cards page (only Classic/Gold shown),SELF,Own-domain disclosure PDF and in-house Member Advantage Points rewards program covering Visa Business,UNKNOWN,https://www.hondafcu.org/loans-and-credit-cards/credit-cards,—,—,UNKNOWN (no sweep row),UNKNOWN (no sweep row),UNKNOWN (no sweep row),UNKNOWN (no sweep row),Fresh screen (single pass; not in live re-verify set),https://www.hondafcu.org/loans-and-credit-cards/credit-cards; https://www.hondafcu.org/hondafcu/media/pdfs/annual-reports/rewards-program-terms-and-conditions.pdf,2026-06-11
142,SAVINGS BANK OF MENDOCINO COUNTY,Bank,Ukiah,https://www.savingsbank.com,1040520,1293076,YES,https://www.savingsbank.com/business/bank-cards/,Not visible on bank page (Elan-portal terms),Low rate / cash back / flexible rewards buckets; free employee cards; expense tools (Elan boilerplate),Elan,"Indexed live page quote: ""The creditor and issuer of these cards is Elan Financial Services, pursuant to separate licenses from Visa U.S.A. Inc., and Mastercard International Incorporated."" (savingsbank.com 403 to fetcher)",Online (Elan portal),https://www.savingsbank.com/business/bank-cards/ (Elan learn-more link on page; loc-code not retrievable - 403),Not visible,Not visible,UNKNOWN,UNKNOWN,UNKNOWN,UNKNOWN,"LIVE-CONFIRMS (Elan business card buckets stand; terms still N/M on bank page; caveat: verified via search-index quote, direct fetch 403)",https://www.savingsbank.com/business/bank-cards/,2026-06-11
143,BLUPEAK CREDIT UNION,Credit Union,San Diego,https://www.blupeak.com,1031025,1128147,YES,https://www.blupeak.com/credit-cards/,Not stated,Business card options: low rate / cash back / flexible rewards; APR-AF not shown on page,Elan,'The creditor and issuer of these cards is Elan Financial Services' on card page,Online,https://www.blupeak.com/credit-cards/ (Log In and Apply button),—,—,Pull: Yes [DOC-LIST; 2025-08-07] (https://www.doctorofcredit.com/banks-credit-unions-dodont-pull-chexsystems/),UNKNOWN,UNKNOWN,UNKNOWN,Fresh screen (single pass; not in live re-verify set),https://www.blupeak.com/credit-cards/,2026-06-11
144,UNIVERSITY CREDIT UNION,Credit Union,Los Angeles,https://www.ucu.org,1010441,1187569,YES,https://www.ucu.org/banking/business/business-credit-cards,Not stated,"Mastercard biz card: 2 pts/$1 no limit, no annual fee, no foreign transaction fee; APR not shown on page; no 0% intro mentioned",SELF,CURewards redemption platform; own-domain ucu.org Apply Now; no third party named,Online,https://www.ucu.org/banking/business/business-credit-cards,Not stated on page,Not stated on page,UNKNOWN,UNKNOWN,UNKNOWN,UNKNOWN,Fresh screen (single pass; not in live re-verify set),https://www.ucu.org/banking/business/business-credit-cards,2026-06-11
145,BANK OF THE ORIENT,Bank,San Francisco,https://www.bankorient.com,996322,1160267,NO,,NO,No credit card products found (personal/business/real-estate solutions only; community bank with debit + lending); bankorient.com blocked by fetch safety filter - verified via search of site + third-party profiles,—,n/a - no card program found [raw: UNKNOWN],No,,—,—,UNKNOWN,UNKNOWN,UNKNOWN,UNKNOWN,LIVE-CONFIRMS (no card; debit + commercial lending only),https://www.bankorient.com/en-us/ (search-verified); https://en.wikipedia.org/wiki/Bank_of_the_Orient,2026-06-11
146,SAFE 1 CREDIT UNION,Credit Union,Bakersfield,https://www.safe1.org,958618,1120422,NO,,—,Only personal MasterCard Platinum/Platinum Rewards; business banking login exists but no business card listed,—,,—,,—,—,UNKNOWN (no sweep row),UNKNOWN (no sweep row),UNKNOWN (no sweep row),UNKNOWN (no sweep row),Fresh screen (single pass; not in live re-verify set),https://www.safe1.org/loans-credit-cards/credit-card/,2026-06-11
147,MALAGA BANK F.S.B.,Savings Institution (Federal Savings Bank),Palos Verdes Estates,https://www.malagabank.com,940516,1442083,NO,,—,CRE/portfolio-lending thrift: deposits + HELOC + CRE/multifamily loans; no credit card advertised,—,No card product in site nav [raw: NONE],—,,—,—,UNKNOWN,UNKNOWN,UNKNOWN,UNKNOWN,LIVE-CONFIRMS,https://www.malagabank.com,2026-06-11
148,THE POLICE CREDIT UNION,Credit Union,San Bruno,https://www.thepolicecu.org,936056,1054903,NO,,—,Personal Platinum Visa only (CURewards); business checking exists but no business credit card found,—,Personal Platinum Visa uses CURewards program [raw: N/A (personal card uses CURewards = self-issued)],N/A,,—,—,UNKNOWN (no sweep row),UNKNOWN (no sweep row),UNKNOWN (no sweep row),UNKNOWN (no sweep row),Fresh screen (single pass; not in live re-verify set),https://www.thepolicecu.org/credit-cards/platinum-visa,2026-06-11
149,VALLEY FIRST FEDERAL CREDIT UNION,Credit Union,Modesto,https://www.valleyfirstcu.org,926404,1108042,YES,https://www.valleyfirstcu.org/business-cash-back-credit-card,⭐ YES - 0% 12 mo on purchases (within 60 days of opening),1.5% cash back; then 17.49-18.00% variable; Visa,UNKNOWN,Site 403-blocked to bots; no platform confirmed,Online,https://www.valleyfirstcu.org/business-cash-back-credit-card,—,—,UNKNOWN (no sweep row),UNKNOWN (no sweep row),UNKNOWN (no sweep row),UNKNOWN (no sweep row),Fresh screen (single pass; not in live re-verify set),https://www.valleyfirstcu.org/business-cash-back-credit-card; https://www.valleyfirstcu.org/business-services,2026-06-11
150,MIRASTAR FEDERAL CREDIT UNION,Credit Union,San Jose,https://www.mirastarfcu.org,914626,1036195,NO,,—,,—,Credit card lineup is consumer-only (Secured Visa / Visa Platinum / Platinum Rewards); no business card found,—,,—,—,UNKNOWN (no sweep row),UNKNOWN (no sweep row),UNKNOWN (no sweep row),UNKNOWN (no sweep row),Fresh screen (single pass; not in live re-verify set),https://www.mirastarfcu.org/banking/borrow-buy/credit-cards/,2026-06-11
151,"Industrial and Commercial Bank of China USA, National Association",Out-of-state bank with CA branches (SOD),New York,https://www.icbc-us.com/,908379,2864973,NO,,—,Personal cards only (UnionPay Gold/Platinum + Visa/Visa Signature); existing customers only; apply by email or branch,—,,—,,—,—,UNKNOWN,UNKNOWN,UNKNOWN,UNKNOWN,Fresh screen (single pass; not in live re-verify set),https://www.icbc-us.com/en/column/1438058492123824159.html,2026-06-11
152,"PROVIDENT SAVINGS BANK, F.S.B.",Savings Institution (Federal Savings Bank),Riverside,https://www.myprovident.com,901388,1217531,YES,https://www.myprovident.com/creditcard/,PRIOR only (terms on Elan storefront; creditcardlearnmore.com fetch-blocked),"Elan-template lineup (low rate / cash back / flexible rewards = Cash Preferred / Smart / Real Rewards per prior); free expense reporting, free employee cards, zero fraud liability",Elan,Live: Apply button redirects to creditcardlearnmore.com (Elan storefront); Elan boilerplate text on site,Online,https://creditcardlearnmore.com/11t3/index?ecdma-lc=10028&ecid=OTHE_25940,—,—,UNKNOWN,UNKNOWN,UNKNOWN,UNKNOWN,"LIVE-CONFIRMS (Elan biz cards, online apply); PRIOR-RICHER on card names/terms (storefront blocked)",https://www.myprovident.com/creditcard/; https://www.myprovident.com/business/,2026-06-11
153,ALTAONE FEDERAL CREDIT UNION,Credit Union,Ridgecrest,https://altaone.org,880101,974029,YES,https://altaone.org/business-lending,Not stated,Visa Business Platinum Rewards; limits up to $50000; no annual fee; 'low rate' (APR not shown); eLevate Rewards,UNKNOWN,Issuer not identified on business lending page; no Elan/TCM markers seen,Branch,https://altaone.org/business-lending (inquiry form),—,—,UNKNOWN (no sweep row),UNKNOWN (no sweep row),UNKNOWN (no sweep row),UNKNOWN (no sweep row),Fresh screen (single pass; not in live re-verify set),https://altaone.org/ | https://altaone.org/business-lending,2026-06-11
154,SUMMIT STATE BANK,Bank,Santa Rosa,https://summitstatebank.com,879259,995922,NO,—,—,Live homepage/nav: business lending + treasury management only; no credit card product (business or personal) anywhere in nav,—,Live nav crawl: no card links; lending = commercial programs only [raw: None],No,—,—,—,UNKNOWN,UNKNOWN,UNKNOWN,UNKNOWN,LIVE-CONFIRMS,https://summitstatebank.com,2026-06-11
155,HCN BANK,Bank,Riverside,https://www.hcnbank.com,852684,974149,YES,https://www.hcnbank.com/Business-Credit-Cards/,NO 0% intro (APRs disclosed only in application),Standard $0 AF + Preferred Points Rewards $49 AF; 1pt/$1 to 10K pts/mo; 25-day grace; same APR purchases & cash advances; Mastercard,TIB,"Verbatim live: HCN Bank ""partners with TIB (The Independent BankersBank) to provide credit card services""",Online,cardaccount.net application link from hcnbank.com/Business-Credit-Cards/ (mail/fax also accepted),not visible live (prior: Experian inference),not visible live,UNKNOWN,UNKNOWN,UNKNOWN,UNKNOWN,LIVE-CONFIRMS (TIB verbatim; no 0%; $0/$49 AF; Preferred Points; online apply via cardaccount.net),https://www.hcnbank.com/Business-Credit-Cards/,2026-06-11
156,Israel Discount Bank of New York,Out-of-state bank with CA branches (SOD),New York,https://www.idbny.com,840384,13986756,UNCLEAR,,—,Commercial/private bank (middle market); site blocks fetch (HTTP 403); search shows merchant card services and a Visa Signature via private banking but no business credit card product page found,UNKNOWN,Site inaccessible to fetcher; no card servicer identifiable,UNKNOWN,,—,—,"Consumer: UNKNOWN — deposit agreement PDF exists (idbny.com, Reg CC update eff. 2025-07-01) but 403-blocked; no Chex/EWS indexed on domain; no DPs | BUSINESS: UNKNOWN — private/commercial bank, RM onboarding [2026-06-11 (searched, doc inaccessible)] (https://www.idbny.com/-/media/B5236C198BD545CA9B6A926A39CEC185.ashx (403))","Consumer: UNKNOWN | BUSINESS: UNKNOWN [2026-06-11 (searched, doc inaccessible)] (https://www.idbny.com/-/media/B5236C198BD545CA9B6A926A39CEC185.ashx (403))",UNKNOWN,UNKNOWN,Fresh screen (single pass; not in live re-verify set),https://www.idbny.com/; https://www.idbny.com/commercial-banking,2026-06-11
157,EVERTRUST BANK,Bank,City Of Industry,https://www.evertrustbank.com,839626,1114478,YES,https://www.evertrustbank.com/Business/Visa-Credit-Cards,Not shown on bank page (Elan offer page carries promo; prior N/M),Elan menu: low rate / cash back / flexible rewards; free employee cards; expense tools; zero fraud liability,Elan,Live page: 'Elan Financial Services is the creditor and issuer'; apply via creditcardlearnmore.com/11t3 (loc=37528); mgmt at myaccountaccess.com,Online,https://creditcardlearnmore.com/11t3/index?ecdma-lc=37528&ecid=OTHE_25940#business,Not visible live (prior: TU typical for Elan),⭐ Not visible live (prior: PG yes; no tax returns <$25K),UNKNOWN,UNKNOWN,UNKNOWN,UNKNOWN,LIVE-CONFIRMS-PRIOR,https://www.evertrustbank.com/Business/Visa-Credit-Cards,2026-06-11
158,WATER AND POWER COMMUNITY CREDIT UNION,Credit Union,Los Angeles,https://www.wpccu.org,834545,990764,NO,,—,"Consumer-only CU (auto loans, consumer Mastercard, mortgage, CD/IRA); site: search shows zero business-banking pages",—,No business products; only consumer Mastercard rates page exists,No,,—,Not applicable,Reports overdrawn accts to Chex (own FAQ 2026-06-10); screening N/M [v6 existing cell],UNKNOWN,UNKNOWN,UNKNOWN,LIVE-CONFIRMS (no business products; consumer Mastercard only; caveat: wpccu.org unfetchable - verified via site-restricted search of wpccu.org pages),https://www.wpccu.org/ | https://www.wpccu.org/rates-mastercard,2026-06-11
159,GOLDEN STATE BANK,Bank,Glendale,https://www.goldenstatebank.com,828311,974262,NO,,NO,"No credit cards in nav/products; deposits, CRE loans, LOCs, customized business loans, personal debit card only",—,n/a - no card program [raw: UNKNOWN],No,,—,—,UNKNOWN,UNKNOWN,UNKNOWN,UNKNOWN,LIVE-CONFIRMS (no card; business debit + relationship commercial lending),https://www.goldenstatebank.com/,2026-06-11
160,PINNACLE BANK,Bank,Gilroy,https://pinnacle.bank,823506,945774,YES,https://pinnacle.bank/business/financing.php/1000,NO,Business Mastercard via TIB; flexible rewards (travel/cash/merch/gift cards); 'attractive APR' (unpublished); employee spend limits; no card tiers or 0% shown,TIB,Live page names 'The Independent Bankers Bank' as issuer,Branch/contact,https://pinnacle.bank/business/financing.php/1000,—,—,Pull: UNKNOWN (DoC 'Pinnacle Bank' DPs likely Pinnacle Financial Partners TN) [v6 existing cell],UNKNOWN,UNKNOWN,UNKNOWN,LIVE-CONFIRMS — TIB issuer verified live; tier names (Platinum/World) not shown live (prior richer on tiers),https://pinnacle.bank/business/financing.php/1000,2026-06-11
161,FIRST CITY CREDIT UNION,Credit Union,Pasadena,https://www.firstcitycu.org,818167,952449,NO,,—,Consumer credit card only (intro 2.99% APR 6 mo per live snippet); no business banking/card products found; site 403s direct fetch,—,n/a — no business card,n/a,,—,—,UNKNOWN,UNKNOWN,UNKNOWN,UNKNOWN,LIVE-CONFIRMS (consumer-only; no business card),https://www.firstcitycu.org/,2026-06-11
162,COMMUNITY FIRST CREDIT UNION,Credit Union,Santa Rosa,https://www.comfirstcu.org,817032,922089,NO,,—,Personal Visa Traditional/Signature/Share Secured only; business checking offered but no business card,—,,—,,—,—,UNKNOWN (no sweep row),UNKNOWN (no sweep row),UNKNOWN (no sweep row),UNKNOWN (no sweep row),Fresh screen (single pass; not in live re-verify set),https://www.comfirstcu.org/loans/credit-cards/credit-card,2026-06-11
163,FIRST GENERAL BANK,Bank,Rowland Heights,https://www.fgbusa.com,811904,1141218,YES,https://www.fgbusa.com/products-and-services/others,UNCLEAR — no terms published at all,"Live: 'Business Credit Cards' and 'Consumer Credit Cards' are bare line items on Other Products & Services page; zero detail (no terms, no issuer, no apply link) — unchanged from prior",UNKNOWN,Live page names no issuer; no portal links (no myaccountaccess/mycommunitycc/myapexcard); likely agent-issued but undisclosed,In-person,https://www.fgbusa.com/products-and-services/others (no online application; contact bank),—,—,UNKNOWN,UNKNOWN,UNKNOWN,UNKNOWN,LIVE-CONFIRMS,https://www.fgbusa.com/products-and-services/others,2026-06-11
164,SUN COMMUNITY FEDERAL CREDIT UNION,Credit Union,El Centro,https://www.suncommunity.com,806837,896541,YES,https://www.suncommunity.com/products/business-credit-card,Not shown,Business credit card: no annual fee; cashback rewards 1pt/$1 (rewards via dreampoints.com); flexible purchasing power,SELF,Card on own domain; rewards via dreampoints.com/suncommunity; no Elan/TCM/FNBO markers; apply via own commercial lending dept,Call,tel:7603368663 / commerciallending@suncommunityfcu.org,—,—,UNKNOWN (no sweep row),UNKNOWN (no sweep row),UNKNOWN (no sweep row),UNKNOWN (no sweep row),Fresh screen (single pass; not in live re-verify set),https://www.suncommunity.com/products/business-credit-card,2026-06-11
165,MERCED SCHOOL EMPLOYEES FEDERAL CREDIT UNION,Credit Union,Merced,https://www.mercedschoolcu.org,795116,897525,NO,,—,Visa Classic/Share Secured/Student only - personal cards,—,,—,,—,—,UNKNOWN (no sweep row),UNKNOWN (no sweep row),UNKNOWN (no sweep row),UNKNOWN (no sweep row),Fresh screen (single pass; not in live re-verify set),https://www.mercedschoolcu.org/our-products/borrowing/visa-credit-cards,2026-06-11
166,NANO BANC,Bank,Irvine,https://www.nanobanc.com,789703,859584,NO,,—,Commercial bank: commercial loans/LOC/equipment + deposits/treasury; no credit card product found in any indexed content,—,No card program evidence; nanobanc.com 403-blocked direct fetch — verified via indexed site/profiles listing lending+deposit products only [raw: N/M],N/M,,N/M,N/M,UNKNOWN,UNKNOWN,UNKNOWN,UNKNOWN,LIVE-CONFIRMS (no card; commercial lender + deposits),https://www.nanobanc.com/ | https://dfpi.ca.gov/regulated_entity/nano-banc/,2026-06-11
167,"C3BANK, NATIONAL ASSOCIATION",Bank,Encinitas,https://www.c3bank.com,770996,882652,NO,,—,No credit cards anywhere in personal or business nav (checking/savings/CDs/cash mgmt/loans only); business debit only,—,n/a — no card program [raw: UNKNOWN],n/a,,n/a,n/a,UNKNOWN,UNKNOWN,UNKNOWN,UNKNOWN,LIVE-CONFIRMS-PRIOR,https://www.c3bank.com,2026-06-11
168,SKYONE FEDERAL CREDIT UNION,Credit Union,Hawthorne,https://skyone.org,731080,875824,YES,https://skyone.org/business/business-credit-cards/,Unconfirmed (site returned 503 during screen),Elan-issued Visa/Mastercard business cards; Visa Business Reporting tool; zero fraud liability,Elan,"Page disclosure: ""creditor and issuer of these cards is Elan Financial Services"" (per search-indexed page text)",UNKNOWN,https://skyone.org/business/business-credit-cards/,—,—,UNKNOWN (no sweep row),UNKNOWN (no sweep row),UNKNOWN (no sweep row),UNKNOWN (no sweep row),Fresh screen (single pass; not in live re-verify set),https://skyone.org/business/business-credit-cards/,2026-06-11
169,AMERICA'S CHRISTIAN CREDIT UNION,Credit Union,Glendora,https://americaschristiancu.com/,725964,818406,YES,https://americaschristiancu.com/organization/visa-business-rewards-credit-card/,Not visible,Visa Business Rewards + Visa Ministry Rewards; no annual fee; 30k-pt bonus ($3500/3mo); 5x giving/3x travel/1.5x everyday; free employee cards,SELF,CURewards redemption partnership + Visa 360 card controls on own domain,Call,https://americaschristiancu.com/organization/visa-business-rewards-credit-card/,—,—,UNKNOWN (no sweep row),UNKNOWN (no sweep row),UNKNOWN (no sweep row),UNKNOWN (no sweep row),Fresh screen (single pass; not in live re-verify set),https://americaschristiancu.com/organization/visa-business-rewards-credit-card/,2026-06-11
170,THE FIRST FINANCIAL FEDERAL CREDIT UNION,Credit Union,Pasadena,https://www.ffcu.org,725371,746456,NO,,—,Consumer Visa Platinum only (fixed APR from 11.90%); no business banking section,—,,—,,—,—,UNKNOWN (no sweep row),UNKNOWN (no sweep row),UNKNOWN (no sweep row),UNKNOWN (no sweep row),Fresh screen (single pass; not in live re-verify set),https://www.ffcu.org/,2026-06-11
171,CERTIFIED FEDERAL CREDIT UNION,Credit Union,El Monte,https://www.certifiedfed.com,720823,919973,NO,,—,Personal MORE Rewards VISA only; no business banking or business credit card on site,—,,—,,—,—,UNKNOWN (no sweep row),UNKNOWN (no sweep row),UNKNOWN (no sweep row),UNKNOWN (no sweep row),Fresh screen (single pass; not in live re-verify set),https://www.certifiedfed.com/,2026-06-11
172,SACRAMENTO CREDIT UNION,Credit Union,Sacramento,https://www.sactocu.org,719015,851939,YES,https://www.sactocu.org/Business/Business-Loans/Business-Credit-Cards,NO,"⭐ Visa Platinum Business: no annual fee, limits to $25k, 25-day grace, low variable rate",SELF,Own-domain card page + own Visa Card Services page; no third party named,Online,https://www.sactocu.org/Business/Business-Loans/Business-Credit-Cards (apply online or call 916-444-6070),—,—,UNKNOWN (no sweep row),UNKNOWN (no sweep row),UNKNOWN (no sweep row),UNKNOWN (no sweep row),Fresh screen (single pass; not in live re-verify set),https://www.sactocu.org/Business/Business-Loans/Business-Credit-Cards; https://www.sactocu.org/business-accounts/,2026-06-11
173,1ST NORTHERN CALIFORNIA CREDIT UNION,Credit Union,Martinez,https://www.1stnorcalcu.org,718336,825393,NO,,—,Personal Visa (Rewards 1pt/$1) only; businesses can join but no business credit card product found,—,[raw: N/A],N/A,,—,—,UNKNOWN (no sweep row),UNKNOWN (no sweep row),UNKNOWN (no sweep row),UNKNOWN (no sweep row),Fresh screen (single pass; not in live re-verify set),https://www.1stnorcalcu.org/,2026-06-11
174,"AMERICAN PLUS BANK, N.A.",Bank,Arcadia,https://bankaplus.com,716600,890687,YES,https://bankaplus.com/Credit-Cards,Not visible (terms behind TCM portal),Visa Platinum Cash Rewards (consumer) + Visa Charge Company Rewards (business); terms not on bank page,TCM,Live apply link routes to https://www.mycommunitycc.com/QuUPgYKUKqcw = TCM Bank (ICBA) cardholder platform,Online (TCM portal),https://www.mycommunitycc.com/QuUPgYKUKqcw,Not visible,Not visible,UNKNOWN,UNKNOWN,UNKNOWN,UNKNOWN,LIVE-CONFIRMS v7 update (TCM via mycommunitycc.com routing confirmed live; original 'TIB' prior superseded). Business card = Charge Company Rewards; terms still N/M,https://bankaplus.com/Credit-Cards | https://www.mycommunitycc.com/QuUPgYKUKqcw,2026-06-11
175,ENDEAVOR BANK,Bank,San Diego,https://www.endeavor.bank,709408,805315,YES,https://creditcardlearnmore.com/11t3/index?ecdma-lc=35185&ecid=OTHE_25940#business,⭐ 0% intro 12 billing cycles (Business Cash Preferred); 0% 6 cycles (Business Real Rewards),Cash Preferred $0 AF; Smart Business Rewards $0 intro then $95 AF; Real Rewards $0 AF,Elan,"Offer site (Endeavor-branded, lc=35185): 'The creditor and issuer of these Cards is Elan Financial Services'",Online,https://creditcardlearnmore.com/11t3/index?ecdma-lc=35185&ecid=OTHE_25940#business,—,—,UNKNOWN,UNKNOWN,UNKNOWN,UNKNOWN,"LIVE-CONFIRMS (Elan, online); live adds terms prior lacked (0% 6-12 cyc, $0/$95 AF)",https://creditcardlearnmore.com/11t3/index?ecdma-lc=35185&ecid=OTHE_25940,2026-06-11
176,BAC COMMUNITY BANK,Bank,Stockton,https://www.bankbac.com,684849,780102,YES,https://www.bankbac.com/business/loans-credit/business-credit-cards.html,NO,4 cards: Small Business Rewards (1pt/$1) / Cash Rewards (1%) / Edition (low rate no-penalty-APR) / Company Rewards Charge ($0 AF); no 0% intro shown,TCM,Live page states issuer TCM Bank N.A.; apply via mycommunitycc.com (TCM platform),Online,https://www.mycommunitycc.com/2f497f80fb2c/business/,—,—,UNKNOWN,UNKNOWN,UNKNOWN,UNKNOWN,LIVE-CONFIRMS,https://www.bankbac.com/business/loans-credit/business-credit-cards.html,2026-06-11
177,OCEANAIR FEDERAL CREDIT UNION,Credit Union,Oxnard,https://oceanair.org,683443,870760,NO,,—,Business checking + commercial RE only; consumer Platinum Visa & Epic Rewards cards,—,,—,,—,—,UNKNOWN (no sweep row),UNKNOWN (no sweep row),UNKNOWN (no sweep row),UNKNOWN (no sweep row),Fresh screen (single pass; not in live re-verify set),https://oceanair.org/business-overview/; https://oceanair.org/,2026-06-11
178,RIVER VALLEY COMMUNITY BANK,Bank,Yuba City,https://www.myrvcb.com,670456,764212,YES,https://www.myrvcb.com/business/business-credit-cards-debit,PRIOR only (terms N/M; Elan storefront not re-fetched),Elan biz Visa lineup (low rate / cash back / rewards per prior); zero fraud liability; terms on Elan storefront,Elan,Live page snippet: creditor and issuer is Elan Financial Services (Visa/Mastercard licenses),Online (also via branch phone),https://www.mycardapply.com/synindex/?ecdma-lc=33345&ecid=OTHE_25940&offertype=0,—,—,UNKNOWN,UNKNOWN,UNKNOWN,UNKNOWN,"LIVE-CONFIRMS (Elan, online apply, biz cards exist)",https://www.myrvcb.com/business/business-credit-cards-debit,2026-06-11
179,FIRST COMMERCIAL BANK (USA),Bank,Alhambra,https://www.bankfcb.com,670130,871581,NO,—,—,"Live homepage/nav: personal + commercial banking, loans, international services; NO credit card referenced anywhere",—,Live nav crawl: no card products; prior note stands that 'FCB Banks' (IL) Elan hits are a misattribution — different institution [raw: None],No,—,—,—,UNKNOWN,UNKNOWN,UNKNOWN,UNKNOWN,LIVE-CONFIRMS,https://www.bankfcb.com,2026-06-11
180,BANK OF SAN FRANCISCO,Bank,San Francisco,https://www.bankbsf.com,670003,767510,UNCLEAR,,not stated,No card marketing page live; only 'Log In to Credit Cards' -> myaccountaccess.com (Elan servicing); business nav shows deposits/commercial/SBA only,Elan,Live: credit-card login routes to myaccountaccess.com = Elan servicing portal; no issuer statement or product page visible,In-person,contact bank 415-744-6700 — no public application,N/M (prior: TransUnion varies per Elan),N/M,UNKNOWN,UNKNOWN,UNKNOWN,UNKNOWN,LIVE-CONFIRMS (Elan rail via myaccountaccess servicing login; no public apply; terms N/M — matches prior servicing-login-only characterization),https://www.bankbsf.com,2026-06-11
181,FOOTHILL FEDERAL CREDIT UNION,Credit Union,Arcadia,https://www.foothillcu.org,668508,772237,NO,,—,,—,Card lineup is consumer Mastercard (rewards/low rate); no business card found in site index; direct fetch blocked (403),—,,—,—,UNKNOWN (no sweep row),UNKNOWN (no sweep row),UNKNOWN (no sweep row),UNKNOWN (no sweep row),Fresh screen (single pass; not in live re-verify set),https://www.foothillcu.org/Loans/Credit-Cards-Personal-Loans/Mastercard-Credit-Cards,2026-06-11
182,UNCLE CREDIT UNION,Credit Union,Livermore,https://www.unclecu.org/,663677,738043,YES,https://www.unclecu.org/business-credit-card/,NO (none mentioned),⭐ Business Rewards Credit Card; 13.99%-28.99% APR; limits $500-$40k; no annual fee; 1.5x points,SELF,Own-domain card page; online app via app.loanspq.com (MeridianLink) not a card-issuer portal; no Elan/FNBO/Collabria evidence,Online,https://app.loanspq.com/cc/CreditCard.aspx (via Apply Now on card page),—,—,UNKNOWN (no sweep row),UNKNOWN (no sweep row),UNKNOWN (no sweep row),UNKNOWN (no sweep row),Fresh screen (single pass; not in live re-verify set),https://www.unclecu.org/business-credit-card/,2026-06-11
183,MISSION VALLEY BANK,Bank,Sun Valley,https://www.missionvalleybank.com,632141,772560,YES,https://missionvalleybank.com/card-services/,Not shown live ('Summary of Credit Terms provided at time of application'),Business credit card programs via third party; multiple options; terms only at application; debit + Card Valet also offered,TCM,"Live page: 'issued by TCM Bank, N.A., a subsidiary of ICBA Bancard, under license from Visa'; apply at mycommunitycc.com/A0oVKGkHmrYt (same URL as prior)",Online,https://www.mycommunitycc.com/A0oVKGkHmrYt,Not visible live (prior: Experian — TCM standard),⭐ Not visible live (prior: PG likely; SBA-eligible only; no tax returns at app),UNKNOWN,UNKNOWN,UNKNOWN,UNKNOWN,LIVE-CONFIRMS-PRIOR,https://missionvalleybank.com/card-services/,2026-06-11
184,USC CREDIT UNION,Credit Union,Los Angeles,https://www.usccreditunion.org,631164,719189,YES,https://www.usccreditunion.org/business-banking/,Not stated,Business Mastercard referenced on business banking page; no annual fee; no foreign transaction fee; APR not shown; dedicated card page 404s,SELF,Issuer shown as USC Credit Union; app runs on CUDL/Lending360 (internetloanapplication.cudl.com/usccu) = CU's own underwriting rails; no Elan/TCM markers,Online,https://internetloanapplication.cudl.com/usccu/,—,—,UNKNOWN (no sweep row),UNKNOWN (no sweep row),UNKNOWN (no sweep row),UNKNOWN (no sweep row),Fresh screen (single pass; not in live re-verify set),https://www.usccreditunion.org/business-banking/ | https://www.usccreditunion.org/credit-cards/,2026-06-11
185,"Golden Bank, National Association",Out-of-state bank with CA branches (SOD),Houston,https://www.goldenbank-na.com,630355,2248800,NO,,—,"Business products = commercial checking, MMA, CRE/business/SBA loans, business DEBIT card, wires, LC, cash mgmt - no credit card",—,Only card product is Business Debit Card,No,,—,Not applicable,UNKNOWN,UNKNOWN,UNKNOWN,UNKNOWN,LIVE-CONFIRMS (no business credit card; debit only),https://www.goldenbank-na.com/,2026-06-11
186,Habib American Bank,Out-of-state bank with CA branches (SOD),New York,https://www.hab.bank,612187,2977085,YES,https://www.hab.bank/business/banking-services/visa-business-credit-card,NO (none published),Page live: 'secured business credit card' for purchases/bills/cash + expense tracking; no APR/AF/terms published,UNKNOWN,HAB-branded page; no third-party portal or issuer disclosure visible,In-person/contact ('Let's Open an Account' CTA; no online card app),https://www.hab.bank/business/banking-services/visa-business-credit-card,—,—,UNKNOWN,UNKNOWN,UNKNOWN,UNKNOWN,"LIVE-CONFIRMS (Visa Business Credit Card page live, SECURED framing confirmed, issuer/terms still N/M)",https://www.hab.bank/business/banking-services/visa-business-credit-card,2026-06-11
187,MYPOINT CREDIT UNION,Credit Union,San Diego,https://www.mypointcu.com,585195,701059,NO,,—,Business checking/savings/loans and Autobooks offered but no business credit card; personal VISA only,—,,—,,—,—,UNKNOWN (no sweep row),UNKNOWN (no sweep row),UNKNOWN (no sweep row),UNKNOWN (no sweep row),Fresh screen (single pass; not in live re-verify set),https://www.mypointcu.com/business,2026-06-11
188,Cornerstone Community Bank,Out-of-state bank with CA branches (SOD),Red Bluff,https://www.bankcornerstone.com,580953,658098,YES,https://www.bankcornerstone.com/loans/credit-cards/business-credit-cards.html,UNCLEAR,Elan menu: low rate/cash back/flex rewards business cards; free employee cards; 24/7 cardmember service,Elan,Site states card links go to partner Elan Financial Services; bank does not service cardholders,Online,https://www.bankcornerstone.com/loans/credit-cards/business-credit-cards.html,—,—,UNKNOWN (no sweep row),UNKNOWN (no sweep row),UNKNOWN (no sweep row),UNKNOWN (no sweep row),Fresh screen (single pass; not in live re-verify set),https://www.bankcornerstone.com/loans/credit-cards/business-credit-cards.html,2026-06-11
189,EXCITE CREDIT UNION,Credit Union,San Jose,https://excitecu.org,576946,615237,YES,https://excitecu.org/personal/borrow/credit-cards/visa-business,NO (none mentioned),⭐ Visa Business Rewards: 16.24%-22.74% APR; 1% cash back; no annual/BT/cash-advance fees; limit up to $30K,SELF,Page states Excite CU issues card directly; own-domain application portal,Online,https://info.excitecu.org/credit-cards,Personal credit impacts rates (per page),—,UNKNOWN (no sweep row),UNKNOWN (no sweep row),UNKNOWN (no sweep row),UNKNOWN (no sweep row),Fresh screen (single pass; not in live re-verify set),https://excitecu.org/personal/borrow/credit-cards/visa-business,2026-06-11
190,Woori America Bank,Out-of-state bank with CA branches (SOD),New York,https://www.wooriamericabank.com,572636,4041585,YES,https://www.wooriamericabank.com/Business-Credit-Cards,NO,Business Rewards + Business Secured Rewards Visa; 1pt/$1 unlimited; AF/APR not published; no 0% shown,TCM,Live page routes servicing to mycardstatement.com + ScoreCard rewards (scorecardrewards.com 800-854-0790) — TCM agent-program fingerprint; TCM not named on page,Branch/phone,https://www.wooriamericabank.com/Business-Credit-Cards,—,—,UNKNOWN,UNKNOWN,UNKNOWN,UNKNOWN,LIVE-CONFIRMS — mycardstatement/ScoreCard decode reproduced live,https://www.wooriamericabank.com/Business-Credit-Cards,2026-06-11
191,PACIFIC COAST BANKERS' BANK,Bank,Walnut Creek,https://www.pcbb.com,559752,1084528,NO,,—,Correspondent/bankers' bank serving FIs only - no retail or business card products,—,,—,,—,—,UNKNOWN,UNKNOWN,UNKNOWN,UNKNOWN,Fresh screen (single pass; not in live re-verify set),https://www.pcbb.com/,2026-06-11
192,PREMIER ONE CREDIT UNION,Credit Union,San Jose,https://www.premieronecu.org,558082,656413,NO,,—,,—,Site nav has no business banking section; Card Center is personal credit cards only,—,,—,—,UNKNOWN (no sweep row),UNKNOWN (no sweep row),UNKNOWN (no sweep row),UNKNOWN (no sweep row),Fresh screen (single pass; not in live re-verify set),https://www.premieronecu.org/,2026-06-11
193,I.L.W.U. FEDERAL CREDIT UNION,Credit Union,Long Beach,https://www.ilwucu.org/,546856,601927,NO,,—,Consumer Visa cards only (CARGO Rewards/Platinum/Secured); no business card on cards page,—,,—,,—,—,UNKNOWN (no sweep row),UNKNOWN (no sweep row),UNKNOWN (no sweep row),UNKNOWN (no sweep row),Fresh screen (single pass; not in live re-verify set),https://www.ilwucu.org/loans/credit_cards,2026-06-11
194,PACIFIC VALLEY BANK,Bank,Salinas,https://www.pacificvalleybank.com,546200,627944,NO,,—,Commercial/ag lender; debit Mastercard only; no credit card products listed anywhere in nav,—,n/a — no card,n/a,,—,—,UNKNOWN,UNKNOWN,UNKNOWN,UNKNOWN,LIVE-CONFIRMS (no credit card; debit only),https://www.pacificvalleybank.com/,2026-06-11
195,COMMONWEALTH CENTRAL CREDIT UNION,Credit Union,San Jose,https://www.wealthcu.org,533064,626858,UNCLEAR,https://www.wealthcu.org/visa-credit-cards,Not stated,Three consumer Visa Platinum cards (Passport/Cash Back/Secured); search snippets say cards available to sole proprietors only - no dedicated business card line; site blocked direct fetch (403),UNKNOWN,Card pages not fetchable (403); no issuer markers seen in search results,UNKNOWN,,—,—,UNKNOWN (no sweep row),UNKNOWN (no sweep row),UNKNOWN (no sweep row),UNKNOWN (no sweep row),Fresh screen (single pass; not in live re-verify set),https://www.wealthcu.org/visa-credit-cards | https://www.creditunionsonline.com/credit-union-169.html,2026-06-11
196,GOLDEN VALLEY BANK,Bank,Chico,https://www.goldenvalley.bank,525767,577734,YES,https://www.goldenvalley.bank/credit-cards/,UNCLEAR — Elan business suite typically incl. 0% intro offers but terms not re-verified (goldenvalley.bank unfetchable from this environment),Live search of goldenvalley.bank/credit-cards/: 'Golden Valley Bank has partnered with Elan Financial Services to offer consumer and business credit card products... competitive pricing combined with a full range of reward options',Elan,Live site text (via search snippet of credit-cards page): partnered with Elan for consumer + business cards,Online,https://www.goldenvalley.bank/credit-cards/,—,—,UNKNOWN,UNKNOWN,UNKNOWN,UNKNOWN,LIVE-CONFIRMS,https://www.goldenvalley.bank/credit-cards/,2026-06-11
197,GBC INTERNATIONAL BANK,Bank,Los Angeles,https://www.gbcib.com,522816,676588,YES,https://www.mycommunitycc.com/k7OgnYPt1fSE,not visible (application portal is JS-rendered; terms in app disclosures),'Business Credit Card' under Loans & Credit + homepage 'Credit Card Program'; terms not published on bank site,TCM,mycommunitycc.com = TCM Bank application platform (rail live from gbcib.com); TCM not named verbatim in visible content (prior named TCM),Online,https://www.mycommunitycc.com/k7OgnYPt1fSE,not visible live (prior: Experian per TCM BBB DPs),not visible live (prior: SBA-eligible only),UNKNOWN,UNKNOWN,UNKNOWN,UNKNOWN,LIVE-CONFIRMS (TCM mycommunitycc rail live; online apply; terms N/M),https://www.gbcib.com | https://www.mycommunitycc.com/k7OgnYPt1fSE,2026-06-11
198,CABRILLO CREDIT UNION,Credit Union,San Diego,https://www.cabrillocu.com,511775,571809,NO,,—,Consumer-only lineup: Signature / Traditional / Share Secured credit cards + auto/personal loans/HELOC; zero business banking references sitewide,—,n/a — no business program [raw: UNKNOWN],n/a,,n/a,n/a,UNKNOWN (no sweep row),UNKNOWN (no sweep row),UNKNOWN (no sweep row),UNKNOWN (no sweep row),LIVE-CONFIRMS-PRIOR,https://www.cabrillocu.com,2026-06-11
199,FIRST U.S. COMMUNITY CREDIT UNION,Credit Union,Sacramento,https://firstus.org,490051,554171,YES,https://firstus.org/business,Not stated,"Business Platinum Visa: no annual fee 1st yr (waived w/ active biz checking or biz loan), no balance transfer fees, no collateral; APR not shown; no 0% intro mentioned",UNKNOWN,No third-party servicer named on page; apply-online link domain not verified,Online,https://firstus.org/business (also branch or 800-556-6768),Not stated on page,Not stated on page,UNKNOWN (no sweep row),UNKNOWN (no sweep row),UNKNOWN (no sweep row),UNKNOWN (no sweep row),Fresh screen (single pass; not in live re-verify set),https://firstus.org/business,2026-06-11
200,REDWOOD CAPITAL BANK,Bank,Eureka,https://www.redwoodcapitalbank.com,484145,543402,YES,https://www.redwoodcapitalbank.com/business/business-credit-cards,No 0% intro (none mentioned),"Standard $0 AF no rewards; Preferred Points Rewards $49 AF 1pt/$1 to 10K pts/mo; ""account will never have an APR over 21%""; 25-day grace; FX 2%; late $25",TIB,"PDF app submits to Card Service Center, P.O. Box 569120, Dallas TX 75356-9120 (TIB card-services address); no issuer named on page",Online-banking app (existing customers) or PDF via fax/mail (new),https://www.redwoodcapitalbank.com/business/business-credit-cards,Not visible,Not visible,UNKNOWN,UNKNOWN,UNKNOWN,UNKNOWN,"LIVE-CONTRADICTS (apply: prior In-person; live = online-banking application for existing customers / PDF fax-mail for new applicants). Terms CONFIRMED: 21% cap, $0/$49 AF, 1pt to 10K/mo, no 0%",https://www.redwoodcapitalbank.com/business/business-credit-cards,2026-06-11
201,PARTNERS BANK OF CALIFORNIA,Bank,Mission Viejo,https://www.pbofca.com,482189,614543,UNCLEAR,https://www.pbofca.com/client-support/,NO (none published),"Card program exists (Card Account - Card Service Center login; card support lines 800-367-7576 24/7, 866-323-2741) but NO business credit card marketed anywhere in site nav/products",TIB,"Support page shows generic 'Card Service Center' (TIB-style); TIB attribution corroborated only by search-level association, not on-site disclosure",In-person/phone (no online card application),,—,—,UNKNOWN,UNKNOWN,UNKNOWN,UNKNOWN,PRIOR-RICHER (prior claimed TIB business MC w/ Preferred Points; live site does not market any business credit card - only a card service login + support numbers; cannot confirm business card product live),https://www.pbofca.com/client-support/; https://www.pbofca.com/,2026-06-11
202,Shinhan Bank America,Out-of-state bank with CA branches (SOD),New York,https://www.shbamerica.com,478280,1972804,YES,https://www.shbamerica.com/business-business-credit-card/,NO,Limit $4000-$100000 published; $45 AF; 25-day grace; no cash advance; primary deposit-or-loan relationship REQUIRED; no 0%,SELF,Card page presents Shinhan Bank America as issuer; no third-party portal/agent named anywhere — consistent with small self-run portfolio,Branch,https://www.shbamerica.com/business-business-credit-card/,—,Docs not listed ('contact us'),UNKNOWN,UNKNOWN,UNKNOWN,UNKNOWN,LIVE-CONFIRMS — terms/limits/AF/grace all match; live leans SELF where prior had UNKNOWN,https://www.shbamerica.com/business-business-credit-card/,2026-06-11
203,OneUnited Bank,Out-of-state bank with CA branches (SOD),Boston,https://www.oneunited.com,476360,609027,NO,,—,"Only card = UNITY Visa secured CONSUMER card ($39 AF, 9.95% BT 6mo then 17.99% fixed, deposit $250-$10K); no business credit card; oneunited.com 403s direct fetch — verified via search",—,n/a — no business card,n/a,,—,—,Yes — own pages confirm; U2 second-chance available (2026-06-10) [v6 existing cell],UNKNOWN,UNKNOWN,UNKNOWN,LIVE-CONFIRMS (consumer secured card only; no business card),https://www.oneunited.com/unity-visa/,2026-06-11
204,MEGA BANK,Bank,San Gabriel,https://www.megabankusa.com,437435,515129,YES,https://www.megabankusa.com/Other-Services,UNCLEAR — terms not published; TCM application portal carries card-level terms,"Live: Mega Bank Other-Services page offers Personal and Business Credit Cards administered by TCM Bank, N.A.; apply online at mycommunitycc.com; cardholder servicing MyCardStatement.com, 800-883-0131",TCM,"Live: megabankusa.com Other-Services page (via search) — cards 'administered by TCM Bank, N.A.'; mycommunitycc.com = TCM online application portal",Online,https://www.mycommunitycc.com/,—,—,UNKNOWN,UNKNOWN,UNKNOWN,UNKNOWN,LIVE-CONFIRMS (prior deep-link mycommunitycc.com/vsqcwJmaxwd7 not re-resolved; portal root live),https://www.megabankusa.com/Other-Services; https://www.mycommunitycc.com/; https://www.tcmbank.com/,2026-06-11
205,American First National Bank,Out-of-state bank with CA branches (SOD),Houston,https://www.afnb.com,419284,2864702,NO,,—,Checking/savings/MMDA + commercial loans; Debit Card only — no credit card products in navigation,—,Live nav: 'Debit Card' + deposits + commercial loans; no credit card mention [raw: N/M],N/M,,N/M,N/M,UNKNOWN,UNKNOWN,UNKNOWN,UNKNOWN,LIVE-CONFIRMS (debit only; no business credit card),https://www.afnb.com,2026-06-11
206,GAIN FEDERAL CREDIT UNION,Credit Union,Burbank,https://gainfcu.com,409985,439329,NO,,—,Business checking/savings/certificates only; personal Mastercards (Classic/Platinum Rewards/Equity Gold) - no business card,—,,—,,—,—,UNKNOWN (no sweep row),UNKNOWN (no sweep row),UNKNOWN (no sweep row),UNKNOWN (no sweep row),Fresh screen (single pass; not in live re-verify set),https://gainfcu.com/accounts/business.html,2026-06-11
207,FIRST PACIFIC BANK,Bank,Whittier,https://www.firstpacbank.com,409799,489849,YES,https://www.firstpacbank.com/business-banking/business-loans-and-lines-of-credit/,Not shown on bank page (prior N/M),Elan menu: low rate / cash back / flexible rewards; free employee cards; zero fraud liability,Elan,Live page: 'Elan Financial Services issues these cards pursuant to a license from Visa U.S.A. Inc.'; apply via creditcardlearnmore.com/11t3 (loc=10228),Online,https://creditcardlearnmore.com/11t3/index?ecdma-lc=10228&ecid=OTHE_25940#business,Not visible live (prior: TU typical for Elan),⭐ Not visible live (prior: PG yes; no tax returns <$25K),UNKNOWN,UNKNOWN,UNKNOWN,UNKNOWN,LIVE-CONFIRMS-PRIOR,https://www.firstpacbank.com/business-banking/business-loans-and-lines-of-credit/,2026-06-11
208,WHEELHOUSE CREDIT UNION,Credit Union,San Diego,https://www.wheelhousecu.com,400445,456771,NO,,—,"Personal-only nav (checking/savings, consumer loans, personal Visa); no business banking section exists",—,No business products on site,No,,—,Not applicable,UNKNOWN (no sweep row),UNKNOWN (no sweep row),UNKNOWN (no sweep row),UNKNOWN (no sweep row),"LIVE-CONFIRMS (no business products visible 2026-06-11, matching 2026-06-10 prior)",https://www.wheelhousecu.com/,2026-06-11
209,Amalgamated Bank,Out-of-state bank with CA branches (SOD),New York,https://www.amalgamatedbank.com,397338,9168378,YES,https://www.amalgamatedbank.com/business-credit-cards,⭐ YES (0% intro APR purchases + balance transfers first 6 billing cycles),Business Mastercard via FNBO: 1.5 pts/$1; after intro 20.99%-28.49% variable; expense mgmt reports,FNBO,"Apply page hosted at card.fnbo.com/mpp/fi/amalgamatedbank; ""issued by First National Bank of Omaha""",Online,https://www.card.fnbo.com/mpp/fi/amalgamatedbank/business/web-mc,—,—,UNKNOWN (no sweep row),UNKNOWN (no sweep row),UNKNOWN (no sweep row),UNKNOWN (no sweep row),Fresh screen (single pass; not in live re-verify set),https://www.amalgamatedbank.com/business-credit-cards; https://www.card.fnbo.com/mpp/fi/amalgamatedbank/business/web-mc,2026-06-11
210,MOCSE FEDERAL CREDIT UNION,Credit Union,Modesto,https://mocse.org,396495,430486,NO,,—,Business savings/checking/MMA exist but only consumer Mastercard offered,—,,—,,—,—,UNKNOWN (no sweep row),UNKNOWN (no sweep row),UNKNOWN (no sweep row),UNKNOWN (no sweep row),Fresh screen (single pass; not in live re-verify set),https://mocse.org/cards/credit-card/,2026-06-11
211,"CHINO COMMERCIAL BANK, N.A.",Bank,Chino,https://www.chinocommercialbank.com,388102,465786,NO,,NO,"No credit cards listed anywhere on live site (checking/savings, loans, merchant services, Zelle); no business card",—,n/a - no card marketed [raw: UNKNOWN],No,,—,—,"Consumer: UNKNOWN — own disclosures page lists only Privacy/ToU/Patriot Act/EDIE; no deposit agreement online; no DPs (v6 also none) | BUSINESS: UNKNOWN — small commercial bank, branch/RM opening; no vendor named anywhere public [2026-06-11 (searched, no data)] (https://www.chinocommercialbank.com/about/general-information/disclosures/)","Consumer: UNKNOWN | BUSINESS: UNKNOWN [2026-06-11 (searched, no data)] (https://www.chinocommercialbank.com/about/general-information/disclosures/)",UNKNOWN,UNKNOWN,LIVE-CONFIRMS no business card; prior's consumer third-party card not visible on current site (PRIOR-RICHER on that detail),https://www.chinocommercialbank.com/,2026-06-11
212,"NEW OMNI BANK, NATIONAL ASSOCIATION",Bank,Alhambra,https://newomnibank.com,371245,515271,NO,,—,Deposits + mortgage/HELOC/auto + SBA/CRE/C&I/trade-finance lending; no credit card in nav,—,No card product on site [raw: NONE],—,,—,—,UNKNOWN,UNKNOWN,UNKNOWN,UNKNOWN,LIVE-CONFIRMS,https://newomnibank.com,2026-06-11
213,PACIFIC ALLIANCE BANK,Bank,San Gabriel,https://www.pacificalliancebank.com,366529,450670,NO,,—,Commercial/SBA lender; contactless DEBIT card only; no credit card products in nav,—,n/a — no card,n/a,,—,—,UNKNOWN,UNKNOWN,UNKNOWN,UNKNOWN,LIVE-CONFIRMS (no credit card; debit only),https://www.pacificalliancebank.com/,2026-06-11
214,CAHP CREDIT UNION,Credit Union,Sacramento,https://cahpcu.org,365689,403972,YES,https://cahpcu.org/Business-Banking,UNCLEAR — no business card terms published,Live (via search of cahpcu.org/Business-Banking): 'Visa Business Credit Cards with an array of expense management tools and mobile payment capabilities'; consumer lineup separate (Premier Visa etc.); law-enforcement FOM; cahpcu.org unfetchable from this environment,UNKNOWN,No issuer named on business banking page; consumer Premier Visa appears self-branded; business card issuer not stated,Assisted,https://cahpcu.org/Business-Banking (contact VP Account Management jalves@cahpcu.org),—,—,UNKNOWN,UNKNOWN,UNKNOWN,UNKNOWN,LIVE-CONFIRMS,https://cahpcu.org/Business-Banking; https://cahpcu.org/Credit-Cards,2026-06-11
215,EAGLE COMMUNITY CREDIT UNION,Credit Union,Lake Forest,https://www.eaglecu.org,365601,411441,NO,,—,,—,Consumer Rewards Mastercard only; no business credit card found,—,,—,—,UNKNOWN (no sweep row),UNKNOWN (no sweep row),UNKNOWN (no sweep row),UNKNOWN (no sweep row),Fresh screen (single pass; not in live re-verify set),https://www.eaglecu.org/,2026-06-11
216,GLENDALE AREA SCHOOLS CREDIT UNION,Credit Union,Glendale,https://gascu.org/,364073,421655,NO,,—,Consumer Bonus Rewards VISA only; business loans offered but no business credit card,—,,—,,—,—,UNKNOWN (no sweep row),UNKNOWN (no sweep row),UNKNOWN (no sweep row),UNKNOWN (no sweep row),Fresh screen (single pass; not in live re-verify set),https://gascu.org/,2026-06-11
217,BALBOA THRIFT AND LOAN ASSOCIATION,Industrial Loan Company,Chula Vista,https://www.balboathrift.com,361152,408010,NO,,—,Auto financing (dealer-channel) + commercial real estate + personal/business deposits; no credit card product on bank pages ('credit cards' mention in one third-party profile blurb only — not bank content),—,balboathrift.com serves browser-upgrade page to bots; subpages 404; indexed bank content = auto loans/CRE/deposits only [raw: N/M],N/M,,N/M,N/M,UNKNOWN,UNKNOWN,UNKNOWN,UNKNOWN,LIVE-CONFIRMS (no card; auto+CRE thrift; site partially unfetchable — verified via indexed bank pages),https://www.balboathrift.com/ | https://dfpi.ca.gov/regulated_entity/balboa-thrift-and-loan-association/,2026-06-11
218,COMMUNITY BANK OF SANTA MARIA,Bank,Santa Maria,https://www.yourcbsm.com,357053,405124,YES,https://www.yourcbsm.com/Business/Business-Loans,NO (no 0% advertised; 'no annual fees' is the headline),Platinum Edition / Platinum Rewards + Company Expense Charge Card; $0 AF; fraud monitoring; mgmt at MyCardStatements.com; NOT on homepage nav — listed under Business Loans,TCM,"Live page: 'This card is issued by TCM Bank, N.A., application is subject to credit approval'; apply at mycommunitycc.com/sx1jVR5q5Ti5 (same URL as prior)",Online,https://www.mycommunitycc.com/sx1jVR5q5Ti5,Not visible live (prior: Experian — TCM standard),Not visible live (prior: 'subject to credit approval'; SBA-eligible only),UNKNOWN,UNKNOWN,UNKNOWN,UNKNOWN,LIVE-CONFIRMS-PRIOR,https://www.yourcbsm.com/Business/Business-Loans,2026-06-11
219,GENESIS BANK,Bank,Newport Beach,https://www.mygenesisbank.com,356609,405513,UNCLEAR,https://www.mygenesisbank.com/ (Credit Cards under Commercial Lending nav; no product page),Not visible,"""Credit Cards"" listed as Commercial Lending product line; zero detail, no named card, no terms",UNKNOWN,No issuer named; no portal links; relationship-banking model,Contact bank / RM (no online app; 949-273-1226),https://www.mygenesisbank.com/,Not visible,Not visible,UNKNOWN,UNKNOWN,UNKNOWN,UNKNOWN,LIVE-CONFIRMS (one unnamed business card under commercial lending; issuer/terms still N/M; RM-only apply),https://www.mygenesisbank.com/,2026-06-11
220,POPA FEDERAL CREDIT UNION,Credit Union,Cerritos,https://www.popafcu.org,355946,399420,NO,,—,Consumer Visa cards only (11.75%-18.00% APR range); no business accounts or business card in nav,—,,—,,—,—,UNKNOWN (no sweep row),UNKNOWN (no sweep row),UNKNOWN (no sweep row),UNKNOWN (no sweep row),Fresh screen (single pass; not in live re-verify set),https://www.popafcu.org/ | https://www.popafcu.org/about-us/about-us/contact,2026-06-11
221,YOLO FEDERAL CREDIT UNION,Credit Union,Woodland,https://www.yolofcu.org,344210,410982,YES,https://www.yolofcu.org/business-visa,No,"⭐ Business Visa: 13.74% variable APR (purchases/BT/CA), no annual fee, no penalty APR, limit up to $20k; no intro rate",SELF,Own-domain application (yolofcu.org/business-resources-application); apps go to Yolo FCU business lending office in Davis; no third party named,Online,https://www.yolofcu.org/business-resources-application (also mail/fax/email to BusinessLending@yolofcu.org),Not stated on page,"Required docs vary by business type (non-profit, sole prop, etc.)",UNKNOWN (no sweep row),UNKNOWN (no sweep row),UNKNOWN (no sweep row),UNKNOWN (no sweep row),Fresh screen (single pass; not in live re-verify set),https://www.yolofcu.org/business-visa,2026-06-11
222,INFINITY BANK,Bank,Santa Ana,https://www.infinity.bank,343655,392898,YES,https://www.infinity.bank/business/credit-financing/business-credit-cards.html,NO (no intro offer; 'competitive rates' only),Visa business cards w/ Cash Back Rewards; specific APR/AF not on page (in 'Servis First Business Credit Card Application Disclosures' PDF); servicing 1-888-999-3340; portal business.cardservices.bank,ServisFirst,Live page links 'Servis First Business Credit Card Application Disclosures'; apply link app.ccdepartment.com/Credit/credit?name=GoInfinityBank193 (ServisFirst agent platform),Online,https://app.ccdepartment.com/Credit/credit?name=GoInfinityBank193,—,—,"N/M (no disclosure, no DPs — ask the banker) [v6 existing cell; 2026-06-10 (searched, no data)]",UNKNOWN,UNKNOWN,UNKNOWN,"LIVE-CONFIRMS (ServisFirst agent program, ccdepartment apply link, online); PRIOR-RICHER on APR (~16.75/18.75%) and $79/$0 AF - not shown on live page, in PDF",https://www.infinity.bank/business/credit-financing/business-credit-cards.html,2026-06-11
223,"LIBERTY BANK, NATIONAL ASSOCIATION",Bank,Irvine,https://www.libertybk.com,336353,396466,NO,,—,Community bank: personal + business deposits and lending; no credit card referenced on site,—,No card on libertybk.com; Elan card data online belongs to Liberty Bank of Connecticut (liberty-bank.com) — different entity [raw: NONE],—,,—,—,UNKNOWN,UNKNOWN,UNKNOWN,UNKNOWN,LIVE-CONFIRMS — incl. CT name-twin caution,https://www.libertybk.com,2026-06-11
224,PASADENA FEDERAL CREDIT UNION,Credit Union,Pasadena,https://www.pfcu.org,329246,381308,NO,,—,Personal Mastercard Platinum Preferred/Rewards/Secured only; no business card on cards page,—,,—,,—,—,UNKNOWN (no sweep row),UNKNOWN (no sweep row),UNKNOWN (no sweep row),UNKNOWN (no sweep row),Fresh screen (single pass; not in live re-verify set),https://www.pfcu.org/loans/credit-cards,2026-06-11
225,AEROSPACE FEDERAL CREDIT UNION,Credit Union,Los Angeles,https://www.aerofcu.org,326934,422785,NO,,—,Personal Platinum Visa Cash Back/Rewards and Student Visa only; no business card found,—,[raw: N/A],N/A,,—,—,UNKNOWN (no sweep row),UNKNOWN (no sweep row),UNKNOWN (no sweep row),UNKNOWN (no sweep row),Fresh screen (single pass; not in live re-verify set),https://www.aerofcu.org/Cards/Platinum-VISA-CASH-BACK-Credit-Card,2026-06-11
226,MATADORS COMMUNITY CREDIT UNION,Credit Union,Northridge,https://www.matadors.org,316715,359948,YES,https://www.matadors.org/business-credit-cards,Not stated on page,Low rate / cash back / flexible rewards options; free employee cards; expense tools,Elan,Page states creditor/issuer is Elan Financial Services,Online,https://apply.matadors.org,—,—,UNKNOWN (no sweep row),UNKNOWN (no sweep row),UNKNOWN (no sweep row),UNKNOWN (no sweep row),Fresh screen (single pass; not in live re-verify set),https://www.matadors.org/business-credit-cards,2026-06-11
227,MONTEREY CREDIT UNION,Credit Union,Monterey,https://www.montereycu.com,316246,356957,NO,,—,,—,Consumer cards only (MCU Rewards / Trailblazer / Redwood); no business card,—,,—,—,UNKNOWN (no sweep row),UNKNOWN (no sweep row),UNKNOWN (no sweep row),UNKNOWN (no sweep row),Fresh screen (single pass; not in live re-verify set),https://www.montereycu.com/credit-card.htm,2026-06-11
228,COMMUNITY COMMERCE BANK,Industrial Loan Company,Claremont,https://ccombank.com,311987,413501,NO,,—,CRE + SBA 7(a) direct lender + deposits/CDARS; no credit cards or unsecured products on site,—,n/a — no card,n/a,,—,—,UNKNOWN,UNKNOWN,UNKNOWN,UNKNOWN,LIVE-CONFIRMS (no card; secured lending only),https://ccombank.com/,2026-06-11
229,AMERICAN CONTINENTAL BANK,Bank,City Of Industry,https://www.americancontinentalbank.com,311254,379100,NO,—,—,Live Products & Services page: deposits + CRE/SBA/commercial loans; 'Debit / ATM Cards' only — no credit card (business or personal) listed,—,Live products-services page enumerated: no credit card line item [raw: None],No,—,—,—,UNKNOWN,UNKNOWN,UNKNOWN,UNKNOWN,LIVE-CONFIRMS,https://www.americancontinentalbank.com/products-services,2026-06-11
230,TUCOEMAS FEDERAL CREDIT UNION,Credit Union,Visalia,https://www.tucoemas.org/,305226,336861,YES,https://www.tucoemas.org/business/,Not visible,"Business Credit Cards listed under Business: ""low fixed rate""; no rate/term detail on site",UNKNOWN,No servicer evidence visible on business pages,Call,tel:559-732-8892 / BusinessAccounts@tucoemas.org,—,—,UNKNOWN (no sweep row),UNKNOWN (no sweep row),UNKNOWN (no sweep row),UNKNOWN (no sweep row),Fresh screen (single pass; not in live re-verify set),https://www.tucoemas.org/business/,2026-06-11
231,SEA WEST COAST GUARD FEDERAL CREDIT UNION,Credit Union,Oakland,https://www.seawest.coop,304015,381797,NO,,—,Consumer Visa only (5.99% life-of-balance BT offer); no business accounts/cards on site,—,,—,,—,—,UNKNOWN (no sweep row),UNKNOWN (no sweep row),UNKNOWN (no sweep row),UNKNOWN (no sweep row),Fresh screen (single pass; not in live re-verify set),https://www.seawest.coop/ | https://seawest.coop/visa-credit-cards,2026-06-11
232,UME FEDERAL CREDIT UNION,Credit Union,Burbank,https://www.umecreditunion.com,303870,334142,NO,,—,Personal UMe Visa Platinum only; business checking and small business loans offered but no business credit card found,—,,—,,—,—,UNKNOWN (no sweep row),UNKNOWN (no sweep row),UNKNOWN (no sweep row),UNKNOWN (no sweep row),Fresh screen (single pass; not in live re-verify set),https://www.umecreditunion.com/borrow-insure/credit-card/,2026-06-11
233,MURPHY BANK,Bank,Fresno,https://www.murphybank.com,297968,359587,NO,,—,CDs/savings + mobile home loans + commercial vehicle + farm/small-biz equipment + vehicle financing; 'lending specialists' — no credit card products,—,Live nav shows specialty lending + deposits only; no card mention [raw: N/M],N/M,,N/M,N/M,UNKNOWN,UNKNOWN,UNKNOWN,UNKNOWN,LIVE-CONFIRMS (no card; specialty secured lender + deposits),https://www.murphybank.com,2026-06-11
234,STRATA FEDERAL CREDIT UNION,Credit Union,Bakersfield,https://www.stratacu.org,293851,345954,NO,,—,Personal Platinum / Platinum Rewards only; no business accounts mentioned on site,—,,—,,—,—,UNKNOWN (no sweep row),UNKNOWN (no sweep row),UNKNOWN (no sweep row),UNKNOWN (no sweep row),Fresh screen (single pass; not in live re-verify set),https://www.stratacu.org/credit-card,2026-06-11
235,SAG-AFTRA FEDERAL CREDIT UNION,Credit Union,Burbank,https://www.sagaftrafcu.org,293663,340595,NO,,—,Personal Visa Classic and Visa Rewards (1% cash back) only; no business card found,—,[raw: N/A],N/A,,—,—,UNKNOWN (no sweep row),UNKNOWN (no sweep row),UNKNOWN (no sweep row),UNKNOWN (no sweep row),Fresh screen (single pass; not in live re-verify set),https://www.sagaftrafcu.org/loans-and-credit-cards/credit-cards,2026-06-11
236,Community Valley Bank,Out-of-state bank with CA branches (SOD),El Centro,https://www.yourcvb.com,285457,324699,UNCLEAR,,—,"Acquisition COMPLETED: since 2025-10-01 operates as 'CVB, a Division of Frontwave Credit Union' (frontwavecu.com/cvb FAQ live); no business credit card found pre- or post-merger; yourcvb.com 403-blocks bots",UNKNOWN,n/a — no card program found; future card would be Frontwave CU business suite,n/a,https://www.frontwavecu.com/cvb,n/a,n/a,UNKNOWN,UNKNOWN,UNKNOWN,UNKNOWN,LIVE-CONFIRMS-PRIOR (merger now closed and visible; card status still none/pending Frontwave suite),https://www.frontwavecu.com/cvb; https://www.bankingdive.com/news/california-credit-union-frontwave-eyes-in-state-peer-community-valley-in-1st-whole-bank-deal-of-2025/738143/,2026-06-11
237,UNIVERSAL BANK,Savings Institution (Federal Savings Bank),West Covina,https://www.universalbank.com,278512,373408,NO,,—,Personal Credit Card (links to external Elan portal) only; Business nav = checking/savings/CDs/rate sheet/solutions/Zelle - no business card,—,Elan issues the PERSONAL card; no business card product,No,,—,Not applicable,UNKNOWN,UNKNOWN,UNKNOWN,UNKNOWN,LIVE-CONFIRMS (Elan personal card only; no business card),https://www.universalbank.com/,2026-06-11
238,DOWNEY FEDERAL CREDIT UNION,Credit Union,Downey,https://www.downeyfcu.org,268047,331199,NO,,—,Consumer Platinum/Classic Visa only (0% 6mo intro on those); no business banking section,—,,—,,—,—,UNKNOWN (no sweep row),UNKNOWN (no sweep row),UNKNOWN (no sweep row),UNKNOWN (no sweep row),Fresh screen (single pass; not in live re-verify set),https://www.downeyfcu.org/page.php?id=credit-cards,2026-06-11
239,SANTA BARBARA TEACHERS FEDERAL CREDIT UNION,Credit Union,Santa Barbara,https://www.sbtfcu.org,266368,309564,NO,,—,,—,Personal banking only (school-employee field of membership); no business accounts or business card,—,,—,—,UNKNOWN (no sweep row),UNKNOWN (no sweep row),UNKNOWN (no sweep row),UNKNOWN (no sweep row),Fresh screen (single pass; not in live re-verify set),https://www.sbtfcu.org/,2026-06-11
240,FAMILIES AND SCHOOLS TOGETHER FEDERAL CREDIT UNION,Credit Union,Hanford,https://www.fastcu.com/,261901,328114,NO,,—,Personal credit cards only; no business banking section in nav,—,,—,,—,—,UNKNOWN (no sweep row),UNKNOWN (no sweep row),UNKNOWN (no sweep row),UNKNOWN (no sweep row),Fresh screen (single pass; not in live re-verify set),https://www.fastcu.com/,2026-06-11
241,FIRST CREDIT BANK,Bank,West Hollywood,NONE (no website; FFIEC lists N/A),257910,504745,NO,,NO,"Single-branch CRE/commercial lender (est. 1983, 9255 W Sunset Blvd); FFIEC website field = N/A; no card products found anywhere",—,"n/a - no website, no card program [raw: UNKNOWN]",No,,—,—,UNKNOWN,UNKNOWN,UNKNOWN,UNKNOWN,"LIVE-CONFIRMS (no website, no card); prior's calfcb.com DFPI-fraud-imposter note not re-tested (did not visit suspect domain)",https://dfpi.ca.gov/regulated_entity/first-credit-bank/; https://www.ffiec.gov/npw/Institution/Profile/5069,2026-06-11
242,EDWARDS FEDERAL CREDIT UNION,Credit Union,Edwards,https://www.edwardsfcu.org,255937,278913,NO,,—,Consumer-only Visa Platinum/Platinum Rewards (CURewards redemption); card page lives under /borrow/consumer/; no business card found,—,,—,,—,—,UNKNOWN (no sweep row),UNKNOWN (no sweep row),UNKNOWN (no sweep row),UNKNOWN (no sweep row),Fresh screen (single pass; not in live re-verify set),https://www.edwardsfcu.org/borrow/consumer/visa-credit-card/,2026-06-11
243,"City First Bank, National Association",Out-of-state bank with CA branches (SOD),Washington,https://www.cityfirstbank.com,254982,1424577,YES,https://www.cityfirstbank.com/2120-2/,⭐ YES,Low rate / cash back / flexible rewards menu (standard Elan agent lineup; Elan Business Cash Preferred carries 0% 12 cycles); specifics on offer portal not bank page,Elan,Live bank page: cards 'issued by Elan Financial Services' under Visa/MC licenses; apply via creditcardlearnmore.com,Online (or DC appointment),https://creditcardlearnmore.com/11t3,—,—,UNKNOWN,UNKNOWN,UNKNOWN,UNKNOWN,LIVE-CONFIRMS — Elan verbatim reproduced live,https://www.cityfirstbank.com/2120-2/,2026-06-11
244,HERITAGE COMMUNITY CREDIT UNION,Credit Union,Rancho Cordova,https://www.heritageccu.com,252119,282600,NO,,—,"Personal cards only (Rate Saver, Platinum Rewards, Classic Secured); no business banking section on site",—,,—,,—,—,UNKNOWN (no sweep row),UNKNOWN (no sweep row),UNKNOWN (no sweep row),UNKNOWN (no sweep row),Fresh screen (single pass; not in live re-verify set),https://www.heritageccu.com/,2026-06-11
245,BANK IRVINE,Bank,Irvine,https://www.bankirvine.com,236001,306521,NO,,—,"Mastercard business/personal DEBIT only; product list = deposits, C&I, CRE, cash mgmt; no credit card (site 403s; verified via search snippets of bankirvine.com pages)",—,n/a — no card,n/a,,—,—,UNKNOWN,UNKNOWN,UNKNOWN,UNKNOWN,LIVE-CONFIRMS (no credit card; Mastercard debit only),https://www.bankirvine.com/debit-card/; https://www.bankirvine.com/business-banking/,2026-06-11
246,LONG BEACH CITY EMPLOYEES FEDERAL CREDIT UNION,Credit Union,Signal Hill,https://www.lbcefcu.org,235285,279271,NO,,—,"Single personal card (no-frills, 0% BT 6 cycles); no business card",—,,—,,—,—,UNKNOWN (no sweep row),UNKNOWN (no sweep row),UNKNOWN (no sweep row),UNKNOWN (no sweep row),Fresh screen (single pass; not in live re-verify set),https://www.lbcefcu.org/borrow/credit-cards/,2026-06-11
247,MONTEREY COUNTY BANK,Bank,Monterey,https://montereycountybank.com,219207,297799,NO,—,—,Live site: commercial + SBA loans; only card product = debit card; NO credit card and NO Emblem MasterCard mention remaining on live site,—,Live nav crawl: no credit card links; legacy Emblem consumer program not referenced on live site (consistent with runoff to Jefferson Capital per prior) [raw: None for business],No,—,—,—,UNKNOWN,UNKNOWN,UNKNOWN,UNKNOWN,LIVE-CONFIRMS (live is cleaner than prior: even legacy Emblem mention gone),https://montereycountybank.com,2026-06-11
248,SUMMIT BANK,Bank,Oakland,https://www.summitbanking.com,211474,270191,YES,https://www.summitbanking.com/business/loans/credit-cards/,NO 0% intro,Standard $0 AF + Preferred Points $49 AF; 1pt/$1 to 10K pts/mo; 25-day grace; 'low interest rates' (no APR published on page; prior PDF: 16.49% var Prime+10.99% cap 21%),TIB,Issuer not named on live page; mypreferredpoints.com rewards portal = TIB signature; prior: TIB + consumer+commercial pull,In-person,"print PDF application + bring to branch (""Print out the application and bring it in to one of our branch locations"")",N/M,not stated on page (prior PDF: PG joint&several + year-end financial statements REQUIRED),UNKNOWN,UNKNOWN,UNKNOWN,UNKNOWN,PRIOR-RICHER (live matches: no 0%; $0/$49; Preferred Points; branch apply — prior app-PDF adds APR 16.49% + full-doc financial-statement requirement),https://www.summitbanking.com/business/loans/credit-cards/,2026-06-11
249,"Sunflower Bank, National Association",Out-of-state bank with CA branches (SOD),Dallas,https://www.sunflowerbank.com,209727,8553297,YES,https://www.sunflowerbank.com/business/business-accounts/credit-cards/small-business-and-corporate-credit-cards/,NO (no intro offer found; 'attractive APRs' marketing only; prior archived 13.20% var),Visa Small Business + Corporate cards; enhanced security; details via branch; pages 403-block bots — verified via search snippets of live sunflowerbank.com pages,SELF,"Live site disclosure: cards 'issued by Sunflower Bank, N.A. pursuant to a license from Visa USA Inc.' (business cards also issued by Sunflower Bank N.A.)",Branch/contact (no online app found),https://www.sunflowerbank.com/business/business-accounts/credit-cards,Not visible live (prior Experian claim was TCM-based INFERENCE — now moot),Not visible live,Pull: Yes [DOC-LIST; 2025-08-07] (https://www.doctorofcredit.com/banks-credit-unions-dodont-pull-chexsystems/),UNKNOWN,UNKNOWN,UNKNOWN,"LIVE-CONTRADICTS-PRIOR — UNDERWRITER CHANGED: prior inferred TCM from mycardstatement/ezbusinesscard portals; live site says issued by Sunflower Bank N.A. = SELF (portals are processor servicing, not issuer proof)",https://www.sunflowerbank.com/business/business-accounts/credit-cards; https://www.sunflowerbank.com/Ungrouped-Content/Terms-Conditions/Credit-Card-Terms-Conditions/Corporate-Visa-Credit-Card,2026-06-11
250,CENTRAL STATE CREDIT UNION,Credit Union,Stockton,https://www.centralstatecu.org,208593,255165,NO,,—,Personal CSCU Mastercards only; no business accounts or business card mentioned on site,—,[raw: N/A],N/A,,—,—,UNKNOWN (no sweep row),UNKNOWN (no sweep row),UNKNOWN (no sweep row),UNKNOWN (no sweep row),Fresh screen (single pass; not in live re-verify set),https://www.centralstatecu.org/,2026-06-11
251,MISSION NATIONAL BANK,Bank,San Francisco,https://mnbsf.com,206588,249156,NO,,—,Visa DEBIT cards + CardValet only; lending = business term loans/LOC/CRE; no credit card issuing,—,Card Services nav = debit only,No,,—,Not applicable,UNKNOWN,UNKNOWN,UNKNOWN,UNKNOWN,LIVE-CONFIRMS (community bank; Visa debit only),https://mnbsf.com/,2026-06-11
252,CORAZO CREDIT UNION,Credit Union,El Centro,https://www.corazocu.com,206427,241842,UNCLEAR,,—,Site 403-blocks bots; consumer cards + commercial lending mentioned but no biz card confirmed,UNKNOWN,,UNKNOWN,,—,—,UNKNOWN (no sweep row),UNKNOWN (no sweep row),UNKNOWN (no sweep row),UNKNOWN (no sweep row),Fresh screen (single pass; not in live re-verify set),https://www.corazocu.com/services/card-services/; https://trademarks.justia.com/987/59/corazo-credit-98759672.html,2026-06-11
253,"GATEWAY BANK, F.S.B.",Savings Institution (Federal Savings Bank),Oakland,https://www.gatewayfsb.com,202316,286530,NO,,NO,"Thrift: checking/savings/CDs/IRAs, commercial RE loans, MoneyPass ATM, cash mgmt (ACH/wires/positive pay); no credit cards mentioned anywhere",—,n/a - no card program [raw: UNKNOWN],No,,—,—,UNKNOWN,UNKNOWN,UNKNOWN,UNKNOWN,LIVE-CONFIRMS (no card; MoneyPass debit; CRE lending) - matches prior incl. v7.6 attribution fix,https://www.gatewayfsb.com/,2026-06-11
254,SRI FEDERAL CREDIT UNION,Credit Union,Menlo Park,https://www.srifcu.org,201855,242087,NO,,—,,—,Single consumer Visa card only; no business banking on site,—,,—,—,UNKNOWN (no sweep row),UNKNOWN (no sweep row),UNKNOWN (no sweep row),UNKNOWN (no sweep row),Fresh screen (single pass; not in live re-verify set),https://www.srifcu.org/,2026-06-11
255,CHAFFEY FEDERAL CREDIT UNION,Credit Union,Upland,https://www.chaffey.com/,201756,229064,NO,,—,Personal Visa only (Platinum/Gold/Classic/Advantage); no business banking in nav,—,,—,,—,—,UNKNOWN (no sweep row),UNKNOWN (no sweep row),UNKNOWN (no sweep row),UNKNOWN (no sweep row),Fresh screen (single pass; not in live re-verify set),https://www.chaffey.com/,2026-06-11
256,CLEARPATH FEDERAL CREDIT UNION,Credit Union,Burbank,https://www.clearpathfcu.org,200222,224391,NO,,—,Consumer Visa only (Platinum 8.90-17.90%; Checking Visa 17.90% $50 AF; Share Secured); no business card in rate disclosure,—,,—,,—,—,UNKNOWN (no sweep row),UNKNOWN (no sweep row),UNKNOWN (no sweep row),UNKNOWN (no sweep row),Fresh screen (single pass; not in live re-verify set),https://www.clearpathfcu.org/creditcardrates.html,2026-06-11
257,F3 CREDIT UNION,Credit Union,San Jose,https://www.f3creditunion.com,199702,239383,NO,,—,Personal Visa credit cards only (rewards/credit-builder/low rate); no business credit card found on site or search,—,,—,,—,—,UNKNOWN (no sweep row),UNKNOWN (no sweep row),UNKNOWN (no sweep row),UNKNOWN (no sweep row),Fresh screen (single pass; not in live re-verify set),https://www.f3creditunion.com/product/visa-credit-cards/,2026-06-11
258,METROPOLITAN BANK,Bank,Oakland,https://www.met.bank,196224,231773,YES,https://www.mycommunitycc.com/FROlvrV1uR72,UNCLEAR,Personal + business credit cards both via mycommunitycc.com portal; terms not published on bank site; offer portal blocked to automated fetch 2026-06-11,TCM,mycommunitycc.com is TCM Bank's online-application domain (tcmbank.com 'Online Application' = mycommunitycc.com); bank links both card menus there,Online,https://www.mycommunitycc.com/FROlvrV1uR72,Experian (TCM standard - inference),—,UNKNOWN,UNKNOWN,UNKNOWN,UNKNOWN,LIVE-CONFIRMS — and resolves prior 'likely TCM' to TCM (platform ownership verified); NOT Elan (that is Metropolitan Commercial Bank NY twin),https://www.met.bank | https://www.tcmbank.com/ | https://www.mycommunitycc.com/,2026-06-11
259,HOME BANK OF CALIFORNIA,Bank,San Diego,https://www.hbc.bank,193199,254901,YES,https://www.hbc.bank/business/business-products-services/business-credit-cards/,NO (no 0% intro found),Business credit cards (TCM-issued) + Company Rewards Charge Card; servicing via MyCardStatement.com; 24/7 contact center 800-883-0131; $0 AF / 1pt per $1 per prior,TCM,"Live: HBC partners with TCM Bank; cards issued by TCM Bank, N.A.; MyCardStatement.com = TCM servicing portal",Online,https://www.mycommunitycc.com/uJU63OjSlxHb (prior storefront) via hbc.bank card pages,Experian per prior (TCM; not re-shown live),—,UNKNOWN,UNKNOWN,UNKNOWN,UNKNOWN,"LIVE-CONFIRMS (TCM Bank N.A. issuer, biz Visa + Company Rewards Charge Card, online apply)",https://www.hbc.bank/business/business-products-services/business-credit-cards/; https://www.hbc.bank/business/business-products-services/company-rewards-charge-card/,2026-06-11
260,ALTA VISTA CREDIT UNION,Credit Union,Redlands,https://altavistacu.org,191615,211726,NO,—,—,"Live nav: business side = Small Business Checking, Commercial Lending, Small Business Digital Services, Small Business Investment Services; 'Credit Cards' nav item is consumer; NO distinct business credit card product",—,Live nav crawl of altavistacu.org: no business credit card listed [raw: UNKNOWN (consumer card issuer not stated on nav)],No,—,—,—,UNKNOWN (no sweep row),UNKNOWN (no sweep row),UNKNOWN (no sweep row),UNKNOWN (no sweep row),LIVE-CONFIRMS (prior PARTIAL: biz checking + commercial lending but no biz card — matches live),https://altavistacu.org/,2026-06-11
261,NEIGHBORHOOD NATIONAL BANK,Bank,El Cajon,https://www.mynnb.com,187264,230154,NO,,—,CDFI community bank: business/personal deposits + business/SBA/multifamily loans + Merchant Card Services; no credit card products,—,Live nav: deposits/lending/merchant services only; no credit card [raw: N/M],N/M,,N/M,N/M,UNKNOWN,UNKNOWN,UNKNOWN,UNKNOWN,LIVE-CONFIRMS (no card; merchant services + debit only),https://www.mynnb.com,2026-06-11
262,MERCO CREDIT UNION,Credit Union,Merced,https://www.merco.org,179941,207012,NO,,—,Personal Member Preferred / Cash Preferred Visa only; no business card,—,,—,,—,—,UNKNOWN (no sweep row),UNKNOWN (no sweep row),UNKNOWN (no sweep row),UNKNOWN (no sweep row),Fresh screen (single pass; not in live re-verify set),https://www.merco.org/Credit-Cards,2026-06-11
263,PRIORITY ONE CREDIT UNION,Credit Union,South Pasadena,https://www.priorityonecu.org,179056,205737,NO,,—,Personal Visa only (as low as 12.75% APR); no business accounts or business card on site,—,[raw: N/A],N/A,,—,—,UNKNOWN (no sweep row),UNKNOWN (no sweep row),UNKNOWN (no sweep row),UNKNOWN (no sweep row),Fresh screen (single pass; not in live re-verify set),https://www.priorityonecu.org/,2026-06-11
264,FIRST FEDERAL SAVINGS AND LOAN ASSOCIATION OF SAN RAFAEL,Savings Institution (Federal Savings Bank),San Rafael,https://ffsavings.com,176372,219992,YES,https://creditcardlearnmore.com/11t3/index?ecdma-lc=35173&ecid=OTHE_25940#business,Not confirmed on site (Elan-standard offers apply),Business Cards via Elan partner portal,Elan,creditcardlearnmore.com + myaccountaccess.com links on ffsavings.com,Online,https://creditcardlearnmore.com/11t3/index?ecdma-lc=35173&ecid=OTHE_25940#business,—,—,UNKNOWN,UNKNOWN,UNKNOWN,UNKNOWN,Fresh screen (single pass; not in live re-verify set),https://ffsavings.com/,2026-06-11
265,TIB National Association,Out-of-state bank with CA branches (SOD),Farmers Branch,https://www.tib.bank,174070,2999669,NO,,—,"Bankers' bank (correspondent, ~1,400 community FI clients); runs the Agent Credit Card Program OTHER banks resell (incl. via Jack Henry); no retail/direct business card",—,tib.bank Our Services + Jack Henry press release describe agent card program for FIs only; no consumer/business retail card channel,n/a,,n/a,n/a — correspondent bank not retail,UNKNOWN,UNKNOWN,UNKNOWN,UNKNOWN,LIVE-CONFIRMS-PRIOR,https://www.tib.bank/our-services; https://ir.jackhenry.com/news-releases/news-release-details/jack-henry-expands-credit-card-offering-agent-program-provided,2026-06-11
266,Southwestern National Bank,Out-of-state bank with CA branches (SOD),Houston,https://www.swnbk.com,174025,1386995,NO,,—,Cards = personal VISA Debit + Business VISA Debit only; no credit card products in nav,—,Debit-only card lineup,No,,—,Not applicable,UNKNOWN,UNKNOWN,UNKNOWN,UNKNOWN,"LIVE-CONFIRMS (Business VISA DEBIT only, no credit card)",https://www.swnbk.com/,2026-06-11
267,Safra National Bank of New York,Out-of-state bank with CA branches (SOD),New York,https://www.safra.com,173127,12154963,YES,https://safrapay.com/business-credit-card/,⭐ 0% intro APR first 7 billing cycles (balance transfers),Mastercard business card via Safrapay; annual fee waived 1st yr then waived w/ eligible purchase activity; points rewards,SELF,Cards issued by Safra National Bank of New York (SNBNY) pursuant to Mastercard license; Safrapay is SNBNY's small-business arm,UNKNOWN,https://safrapay.com/business-credit-card/,—,—,UNKNOWN (no sweep row),UNKNOWN (no sweep row),UNKNOWN (no sweep row),UNKNOWN (no sweep row),Fresh screen (single pass; not in live re-verify set),https://safrapay.com/business-credit-card/; https://safrapay.com/faq-business-credit-card/,2026-06-11
268,SCHOOLS FEDERAL CREDIT UNION,Credit Union,Torrance,https://www.schoolsfcu.org/,168328,192652,NO,,—,Consumer Platinum VISA only; no business products in nav,—,,—,,—,—,UNKNOWN (no sweep row),UNKNOWN (no sweep row),UNKNOWN (no sweep row),UNKNOWN (no sweep row),Fresh screen (single pass; not in live re-verify set),https://www.schoolsfcu.org/,2026-06-11
269,"SoFi Bank, National Association",Out-of-state bank with CA branches (SOD),Cottonwood Heights,https://www.sofi.com,167233,49667835,NO,,—,SoFi issues consumer cards only (Unlimited 2% / Everyday Cash Rewards / Essential); sofi.com/small-business-credit-cards/ is a third-party comparison marketplace (CardRatings/QuinStreet) - SoFi does not issue a business card,—,,—,,—,—,UNKNOWN,Yes — does an inquiry (Dealgamer 2026-05-22 list; 'SOFI LENDING CORP via GIACT SERVICES' DPs) [COMMUNITY-DP; 2026-05-22] (https://www.doctorofcredit.com/banks-credit-unions-dodont-pull-early-warning-services/#comment-2326911),UNKNOWN,GIACT Services (linking/verification rail) [COMMUNITY-DP] (https://www.doctorofcredit.com/banks-credit-unions-dodont-pull-early-warning-services/),Fresh screen (single pass; not in live re-verify set),https://www.sofi.com/small-business-credit-cards/ | https://www.sofi.com/credit-card/,2026-06-11
270,Beal Bank USA,Out-of-state bank with CA branches (SOD),Las Vegas,https://www.bealbank.com,163167,13025805,NO,,—,Savings/CD-focused bank; no checking or consumer loans and no credit card products offered,—,,—,,—,—,UNKNOWN (no sweep row),UNKNOWN (no sweep row),UNKNOWN (no sweep row),UNKNOWN (no sweep row),Fresh screen (single pass; not in live re-verify set),https://www.bealbank.com/bbusa/home,2026-06-11
271,COMPASS COMMUNITY CREDIT UNION,Credit Union,Eureka,https://compassccu.org,159219,180859,NO,,—,Business checking/savings offered but no business credit card; personal Visa only,—,,—,,—,—,UNKNOWN (no sweep row),UNKNOWN (no sweep row),UNKNOWN (no sweep row),UNKNOWN (no sweep row),Fresh screen (single pass; not in live re-verify set),https://compassccu.org/,2026-06-11
272,UNITED PACIFIC BANK,Bank,City Of Industry,https://www.upbnet.com,152984,187114,NO,,NO,"Only a 'Consumer Credit Card' page exists (upbnet.com/Consumer-Credit-Card, TCM-issued); no business credit card page in site index; upbnet.com 503 on direct fetch - verified via Google-indexed site pages",—,"Search-indexed: 'United Pacific Bank's credit cards are issued by TCM Bank, N.A.'; only consumer card marketed [raw: TCM Bank, N.A. (consumer card only)]",No (business); consumer card via branch/phone 626-965-6230,,—,—,UNKNOWN,UNKNOWN,UNKNOWN,UNKNOWN,LIVE-CONFIRMS (TCM consumer card only; no business card),https://www.upbnet.com/Consumer-Credit-Card (indexed),2026-06-11
273,CAMINO FEDERAL CREDIT UNION,Credit Union,Montebello,https://www.caminofcu.org,150979,179244,NO,,—,Personal Visa Platinum (Rewards/Low Rate) Getting Started and Share-Secure only; no business card found,—,[raw: N/A],N/A,,—,—,UNKNOWN (no sweep row),UNKNOWN (no sweep row),UNKNOWN (no sweep row),UNKNOWN (no sweep row),Fresh screen (single pass; not in live re-verify set),https://www.caminofcu.org/credit-cards-rates/,2026-06-11
274,SANTA CRUZ COMMUNITY CREDIT UNION,Credit Union,Santa Cruz,https://scccu.org,150260,174346,UNCLEAR,https://scccu.org/borrow/business-visa-credit-cards/,—,Business Visa page exists but shows 'Coming Soon - not available yet' as of screen date; marketed as low fixed rate no annual fee,UNKNOWN,No platform named,UNKNOWN,,—,—,UNKNOWN (no sweep row),UNKNOWN (no sweep row),UNKNOWN (no sweep row),UNKNOWN (no sweep row),Fresh screen (single pass; not in live re-verify set),https://scccu.org/borrow/business-visa-credit-cards/,2026-06-11
275,VIDA FEDERAL CREDIT UNION,Credit Union,Ontario,https://www.vidafcu.org,148667,172659,NO,,—,,—,Single consumer Visa Platinum program; no business banking,—,,—,—,UNKNOWN (no sweep row),UNKNOWN (no sweep row),UNKNOWN (no sweep row),UNKNOWN (no sweep row),Fresh screen (single pass; not in live re-verify set),https://www.vidafcu.org/loans/visa-credit-card-programs,2026-06-11
276,TORRANCE COMMUNITY FEDERAL CREDIT UNION,Credit Union,Torrance,https://www.torranceccu.org/,147984,160035,NO,,—,Consumer Platinum Rewards Mastercard only; no business banking on site,—,,—,,—,—,UNKNOWN (no sweep row),UNKNOWN (no sweep row),UNKNOWN (no sweep row),UNKNOWN (no sweep row),Fresh screen (single pass; not in live re-verify set),https://www.torranceccu.org/,2026-06-11
277,SOUTH BAY CREDIT UNION,Credit Union,Redondo Beach,https://www.southbaycu.com,146169,164333,NO,,—,Business accounts exist but only personal Visa cards (no AF; limits to ~$20-25K; no business card on credit cards page),—,,—,,—,—,UNKNOWN (no sweep row),UNKNOWN (no sweep row),UNKNOWN (no sweep row),UNKNOWN (no sweep row),Fresh screen (single pass; not in live re-verify set),https://www.southbaycu.com/borrow/credit-cards/ | https://www.southbaycu.com/,2026-06-11
278,LONG BEACH FIREMEN S CREDIT UNION,Credit Union,Long Beach,https://www.lbfcu.org,145634,204273,NO,,—,Personal VISA credit card only; closed field of membership (LB Fire Dept); no business card found,—,,—,,—,—,UNKNOWN (no sweep row),UNKNOWN (no sweep row),UNKNOWN (no sweep row),UNKNOWN (no sweep row),Fresh screen (single pass; not in live re-verify set),https://www.lbfcu.org/Loans/VISA-Credit-Card,2026-06-11
279,SAN JOAQUIN POWER EMPLOYEES CREDIT UNION,Credit Union,Fresno,https://sjpecu.org,145080,173280,NO,,—,PG&E employee CU; no credit card products visible on site at all,—,,—,,—,—,UNKNOWN (no sweep row),UNKNOWN (no sweep row),UNKNOWN (no sweep row),UNKNOWN (no sweep row),Fresh screen (single pass; not in live re-verify set),https://sjpecu.org/,2026-06-11
280,TULARE COUNTY FEDERAL CREDIT UNION,Credit Union,Tulare,https://tularefcu.org,142040,156588,NO,,—,Personal Platinum/Classic/Student Visa only (from 11.90% APR); no business card,—,[raw: N/A],N/A,,—,—,UNKNOWN (no sweep row),UNKNOWN (no sweep row),UNKNOWN (no sweep row),UNKNOWN (no sweep row),Fresh screen (single pass; not in live re-verify set),https://tularefcu.org/credit-cards,2026-06-11
281,MISSION CITY FEDERAL CREDIT UNION,Credit Union,Santa Clara,https://www.missioncityfcu.org,141029,164299,NO,,—,Consumer Visa + Share Secured Visa only; no business banking,—,,—,,—,—,UNKNOWN (no sweep row),UNKNOWN (no sweep row),UNKNOWN (no sweep row),UNKNOWN (no sweep row),Fresh screen (single pass; not in live re-verify set),https://www.missioncityfcu.org/credit-cards/,2026-06-11
282,SAN DIEGO FIREFIGHTERS FEDERAL CREDIT UNION,Credit Union,San Diego,https://www.sdffcu.org,140134,151718,NO,,—,Firefighter-membership consumer CU: personal Visa + LOC + auto/RV/boat/home loans; zero business services,—,No business products in nav [raw: NONE],—,,—,—,UNKNOWN (no sweep row),UNKNOWN (no sweep row),UNKNOWN (no sweep row),UNKNOWN (no sweep row),LIVE-CONFIRMS,https://www.sdffcu.org,2026-06-11
283,BEACH CITIES COMMERCIAL BANK,Bank,Irvine,https://www.beachcitiescb.com,139564,182473,YES,https://www.beachcitiescb.com/Card-Solutions/,⭐ YES — Business ZERO+ extended low intro rate on purch+BT (length not shown live; Elan ZERO+ standard up to 18 cycles per prior),"4 Elan cards: Cash Preferred, ZERO+, Smart Business Rewards, Real Rewards; free expense reporting, free employee cards; AF not shown; deposit-acct tie from prior NOT mentioned live",Elan,Live page: issuer = Elan Financial Services (Visa/Mastercard licenses); Apply Now links,Online,https://www.beachcitiescb.com/Card-Solutions/ (Apply Now -> Elan storefront),—,—,UNKNOWN,UNKNOWN,UNKNOWN,UNKNOWN,"LIVE-CONFIRMS (Elan, ZERO+ intro, online apply); deposit-account requirement from prior not visible live",https://www.beachcitiescb.com/Card-Solutions/,2026-06-11
284,KINGS FEDERAL CREDIT UNION,Credit Union,Hanford,https://www.kingsfcu.com,136536,162876,NO,,—,,—,Has business checking/savings but only consumer fixed-rate Visa (10.95% APR; ezcardinfo.com servicing); no business card,—,,—,—,UNKNOWN (no sweep row),UNKNOWN (no sweep row),UNKNOWN (no sweep row),UNKNOWN (no sweep row),Fresh screen (single pass; not in live re-verify set),https://www.kingsfcu.com/loans/credit-cards,2026-06-11
285,SISKIYOU CREDIT UNION,Credit Union,Yreka,https://www.siskiyoucu.org/,134011,144716,NO,,—,Business Checking offered but only consumer Visa cards; no business credit card listed,—,,—,,—,—,UNKNOWN (no sweep row),UNKNOWN (no sweep row),UNKNOWN (no sweep row),UNKNOWN (no sweep row),Fresh screen (single pass; not in live re-verify set),https://www.siskiyoucu.org/,2026-06-11
286,EAST COUNTY SCHOOLS FEDERAL CREDIT UNION,Credit Union,El Cajon,https://www.eastcountyschools.org,132714,147542,NO,,—,Consumer Visa cards only; school-employee SEG; no business accounts on site,—,,—,,—,—,UNKNOWN (no sweep row),UNKNOWN (no sweep row),UNKNOWN (no sweep row),UNKNOWN (no sweep row),Fresh screen (single pass; not in live re-verify set),https://www.eastcountyschools.org/,2026-06-11
287,E-CENTRAL CREDIT UNION,Credit Union,Pasadena,https://www.ecentralcu.org,132287,174544,NO,,—,Platinum Rewards Visa and Secured Visa (personal) only; serves businesses for accounts/loans but no business credit card found,—,,—,,—,—,UNKNOWN (no sweep row),UNKNOWN (no sweep row),UNKNOWN (no sweep row),UNKNOWN (no sweep row),Fresh screen (single pass; not in live re-verify set),https://www.ecentralcu.org/loans/credit-cards,2026-06-11
288,"BANK OF WHITTIER, NATIONAL ASSOCIATION",Bank,Whittier,https://www.bankofwhittier.com,131032,158847,NO,—,—,Riba-Free (RF) Islamic-principle bank confirmed live; only card = Riba-Free VISA ATM/Debit; bank explicitly 'does not recommend a credit card' (cards.php),—,Live bankofwhittier.com pages (debit-cards.php / cards.php): RF debit only; anti-credit-card stance stated [raw: None],No,—,—,—,UNKNOWN,UNKNOWN,UNKNOWN,UNKNOWN,LIVE-CONFIRMS,https://www.bankofwhittier.com/cards.php; https://www.bankofwhittier.com/debit-cards.php,2026-06-11
289,"BEACON BUSINESS BANK, NATIONAL ASSOCIATION",Bank,San Francisco,https://www.beaconbusinessbank.com,128050,167555,NO,,—,Deposits + SBA/commercial/home equity loans + debit cards; no credit card products,—,Live nav and homepage: no credit card mention; debit card for ATM access only [raw: N/M],N/M,,N/M,N/M,UNKNOWN,UNKNOWN,UNKNOWN,UNKNOWN,LIVE-CONFIRMS (no card; debit only; SBA/commercial lender),https://www.beaconbusinessbank.com,2026-06-11
290,CALIFORNIA LITHUANIAN CREDIT UNION,Credit Union,Santa Monica,https://www.clcu.org,126196,157864,NO,,—,Personal Visa Platinum only; has business accounts/loans but no business card,—,,—,,—,—,UNKNOWN (no sweep row),UNKNOWN (no sweep row),UNKNOWN (no sweep row),UNKNOWN (no sweep row),Fresh screen (single pass; not in live re-verify set),https://www.clcu.org/loans/credit-cards,2026-06-11
291,ICON BUSINESS BANK,Bank,Riverside,https://www.iconbusinessbank.com,124737,156656,YES,https://www.mycommunitycc.com/lSp9OsZX4zOr,Not shown live (terms at application),Credit Cards nav item links straight out to TCM application portal; same URL as prior; terms not published on bank site,TCM,Live nav 'Credit Cards' -> mycommunitycc.com/lSp9OsZX4zOr (TCM/ICBA application domain; same link as prior),Online,https://www.mycommunitycc.com/lSp9OsZX4zOr,Not visible live (prior: Experian — TCM standard),Not visible live (prior: PG likely; SBA-eligible only),UNKNOWN,UNKNOWN,UNKNOWN,UNKNOWN,LIVE-CONFIRMS-PRIOR,https://www.iconbusinessbank.com/,2026-06-11
292,INTERFAITH FEDERAL CREDIT UNION,Credit Union,Montclair,https://interfaithfcu.org,119195,135352,YES,https://interfaithfcu.org/business-visa,Not shown,Business Visa (plus a Church Visa product); requires business membership account; minimal paperwork; virtual card available,SELF,Card pages and Corporate Resolution PDF application hosted on own domain (umfcu/squarespace); no third-party markers,Call,tel:8002450433 / Lending@InterfaithFCU.org (PDF application),—,"⭐ Business Visa touts ""minimal paperwork"" (unverified)",UNKNOWN (no sweep row),UNKNOWN (no sweep row),UNKNOWN (no sweep row),UNKNOWN (no sweep row),Fresh screen (single pass; not in live re-verify set),https://interfaithfcu.org/business-visa,2026-06-11
293,Wallis Bank,Out-of-state bank with CA branches (SOD),Wallis,https://www.wallisbank.com,108598,1398702,YES,https://www.wallisbank.com/visa-business-credit-cards/,Not visible (site 307-blocks fetcher; terms N/M),VISA Business Credit Card page + 'Make Credit Card Payment' page both live in search index; terms not retrievable,TCM,"Prior: mycardstatement.com decode (archived 2020); live: mycardstatement.com = TCM Bank portal confirmed (tcmbank.com/cardholder-services), but Wallis pages unfetchable (HTTP 307) so live link-out not re-verified",Contact bank (713-580-9900 / 844-972-4636); no online app found,https://www.wallisbank.com/visa-business-credit-cards/,Not visible,Not visible,UNKNOWN,UNKNOWN,UNKNOWN,UNKNOWN,LIVE-CONFIRMS card existence (indexed live card + payment pages); PRIOR-RICHER on underwriter (TCM decode not re-verifiable live - site 307s; archive.org also blocked),https://www.wallisbank.com/visa-business-credit-cards/ | https://www.tcmbank.com/cardholder-services,2026-06-11
294,LA LOMA FEDERAL CREDIT UNION,Credit Union,Loma Linda,https://www.llfcu.org,108257,114333,NO,,—,Consumer Visa Platinum/Classic/Share Secure only; no business banking,—,,—,,—,—,UNKNOWN (no sweep row),UNKNOWN (no sweep row),UNKNOWN (no sweep row),UNKNOWN (no sweep row),Fresh screen (single pass; not in live re-verify set),https://www.llfcu.org/credit-cards,2026-06-11
295,THINKWISE FEDERAL CREDIT UNION,Credit Union,San Bernardino,https://www.thinkwisecu.org,107843,121225,YES,https://www.thinkwisecu.org/business-membership,NO (no terms published),"Business Credit Cards + Business LOC listed; no card terms/APR/AF published; serves Orange/Riverside/San Bernardino counties only; restricted: cannabis, MSB, internet gambling, adult, crypto, payday",UNKNOWN,No issuer or portal disclosed on live page ('does not specify the card issuer'),Email/phone (mybusiness@thinkwisecu.org; 909-474-8448; staff pre-review paperwork before branch visit),https://www.thinkwisecu.org/business-membership,—,"Docs required: govt ID for signers/owners 25%+, EIN/SSN, formation docs, business license/HOP, $25 deposit, physical address (no PO box)",UNKNOWN (no sweep row),UNKNOWN (no sweep row),UNKNOWN (no sweep row),UNKNOWN (no sweep row),"LIVE-CONFIRMS (biz cards + LOC, email/phone apply, restricted industries, doc list, underwriter still UNKNOWN)",https://www.thinkwisecu.org/business-membership,2026-06-11
296,SMW 104 FEDERAL CREDIT UNION,Credit Union,Livermore,https://smw104fcu.org,101569,116776,NO,,—,,—,Consumer Visa Classic/Platinum only (union members; 7.9% fixed); no business card,—,,—,—,UNKNOWN (no sweep row),UNKNOWN (no sweep row),UNKNOWN (no sweep row),UNKNOWN (no sweep row),Fresh screen (single pass; not in live re-verify set),https://smw104fcu.org/credit-card/,2026-06-11
297,RANCHO FEDERAL CREDIT UNION,Credit Union,Downey,https://www.ranchofcu.org/,101228,110306,NO,,—,Personal Premier Mastercard only; no business products,—,,—,,—,—,UNKNOWN (no sweep row),UNKNOWN (no sweep row),UNKNOWN (no sweep row),UNKNOWN (no sweep row),Fresh screen (single pass; not in live re-verify set),https://www.ranchofcu.org/,2026-06-11
298,CALIFORNIA BUSINESS BANK,Bank,Irvine,https://www.californiabusinessbank.com,100377,122227,NO,,—,Business deposit accounts + commercial loans (entrepreneur/medical/HOA niches); no card product found; site 403-blocked to bots — verified via search snapshot of own site,—,No card on site per search-indexed content; no card portal markers [raw: NONE],—,,—,—,UNKNOWN,UNKNOWN,UNKNOWN,UNKNOWN,LIVE-CONFIRMS (site bot-blocked; search-verified),https://www.californiabusinessbank.com/,2026-06-11
299,LEGACY BANK,Bank,Murrieta,https://www.legacybankca.com,99856,111488,UNCLEAR,,—,No card products anywhere in live site nav (business = loans/accounts/commercial lending); only third-party directories (Bloomberg/Yahoo) list credit cards among products; Soboba Tribe-founded MDI,UNKNOWN,No issuer evidence; no card page exists on live site,Contact bank,https://www.legacybankca.com/about/contact-us (tel 951-579-3177),—,—,UNKNOWN,UNKNOWN,UNKNOWN,UNKNOWN,LIVE-CONTRADICTS (soft) — prior said business cards exist (no detail); live site shows NO card products in nav; downgraded to UNCLEAR,https://www.legacybankca.com/; https://www.legacybankca.com/loans/commercial-lending,2026-06-11
300,KAIPERM FEDERAL CREDIT UNION,Credit Union,Walnut Creek,https://www.kaipermcu.org,99122,108993,NO,,—,Consumer Visa cards only (low rate + cash back; no AF); Kaiser Permanente employee SEG; no business products found in nav or site search,—,,—,,—,—,UNKNOWN (no sweep row),UNKNOWN (no sweep row),UNKNOWN (no sweep row),UNKNOWN (no sweep row),Fresh screen (single pass; not in live re-verify set),https://www.kaipermcu.org/loans/visa-credit-cards/,2026-06-11
301,FIRST CALIFORNIA FEDERAL CREDIT UNION,Credit Union,Fresno,https://www.firstcalfcu.org,98476,109872,NO,,—,Visa Classic and Share Secured (personal) cards only; no business credit card found,—,,—,,—,—,UNKNOWN (no sweep row),UNKNOWN (no sweep row),UNKNOWN (no sweep row),UNKNOWN (no sweep row),Fresh screen (single pass; not in live re-verify set),https://www.firstcalfcu.org/loans/visa-credit-cards,2026-06-11
302,SANTA ANA FEDERAL CREDIT UNION,Credit Union,Santa Ana,https://www.safcu.org,96984,112516,NO,,—,Personal Visa Classic/Platinum/Share-Secured only; no business card,—,,—,,—,—,UNKNOWN (no sweep row),UNKNOWN (no sweep row),UNKNOWN (no sweep row),UNKNOWN (no sweep row),Fresh screen (single pass; not in live re-verify set),https://www.safcu.org/credit-cards,2026-06-11
303,UNITED LOCAL CREDIT UNION,Credit Union,Fresno,https://www.unitedlocal.org,96434,121096,NO,,—,Personal VISA only; no business accounts or business card on site,—,[raw: N/A],N/A,,—,—,UNKNOWN (no sweep row),UNKNOWN (no sweep row),UNKNOWN (no sweep row),UNKNOWN (no sweep row),Fresh screen (single pass; not in live re-verify set),https://www.unitedlocal.org/,2026-06-11
304,LASSEN COUNTY FEDERAL CREDIT UNION,Credit Union,Susanville,https://lassencreditunion.com,94778,109310,NO,,—,Consumer Visa only on /visa-loans; no business products surfaced (site fetch blocked - search-based),—,,—,,—,—,UNKNOWN (no sweep row),UNKNOWN (no sweep row),UNKNOWN (no sweep row),UNKNOWN (no sweep row),Fresh screen (single pass; not in live re-verify set),https://lassencreditunion.com/visa-loans/,2026-06-11
305,MARIN COUNTY FEDERAL CREDIT UNION,Credit Union,San Rafael,https://www.marincu.org,90246,102202,NO,,—,,—,Consumer Visa (12.4% APR) and Secured Visa only; no business banking on site,—,,—,—,UNKNOWN (no sweep row),UNKNOWN (no sweep row),UNKNOWN (no sweep row),UNKNOWN (no sweep row),Fresh screen (single pass; not in live re-verify set),https://www.marincu.org/loans/credit-cards/,2026-06-11
306,SEA AIR FEDERAL CREDIT UNION,Credit Union,Seal Beach,https://www.seaairfcu.org/,90009,118186,NO,,—,Business savings/checking offered but single consumer VisaCard only; no business credit card,—,,—,,—,—,UNKNOWN (no sweep row),UNKNOWN (no sweep row),UNKNOWN (no sweep row),UNKNOWN (no sweep row),Fresh screen (single pass; not in live re-verify set),https://www.seaairfcu.org/,2026-06-11
307,GLENDALE FEDERAL CREDIT UNION,Credit Union,Glendale,https://www.glendalefcu.org,89561,102411,NO,,—,Single consumer Mastercard (as low as 9.95% APR; no AF; no BT fee); no business card or business accounts on site,—,,—,,—,—,UNKNOWN (no sweep row),UNKNOWN (no sweep row),UNKNOWN (no sweep row),UNKNOWN (no sweep row),Fresh screen (single pass; not in live re-verify set),https://www.glendalefcu.org/loans-credit/credit-cards.html,2026-06-11
308,UNION YES FEDERAL CREDIT UNION,Credit Union,Orange,https://uyfcu.org,88178,96921,NO,,—,"Personal Preferred VISA only (14.5% APR, no annual fee, limits to $15k); no business credit card found",—,,—,,—,—,UNKNOWN (no sweep row),UNKNOWN (no sweep row),UNKNOWN (no sweep row),UNKNOWN (no sweep row),Fresh screen (single pass; not in live re-verify set),https://uyfcu.org/credit-card/,2026-06-11
309,EASTERN INTERNATIONAL BANK,Bank,Los Angeles,https://www.eibankca.com,86621,124212,NO,—,—,Live site: CRE-focused lending (apartments/office/retail/hospitality/mixed-use); only card = VISA Debit Card ('works like a credit card... makes shopping easier'),—,Live nav/product crawl: no credit card product [raw: None],No,—,—,—,UNKNOWN,UNKNOWN,UNKNOWN,UNKNOWN,LIVE-CONFIRMS,https://www.eibankca.com,2026-06-11
310,COUNTY SCHOOLS FEDERAL CREDIT UNION,Credit Union,Ventura,https://csfcu.org,83564,91466,NO,,—,Personal Visa only; no business accounts or business card on site,—,,—,,—,—,UNKNOWN (no sweep row),UNKNOWN (no sweep row),UNKNOWN (no sweep row),UNKNOWN (no sweep row),Fresh screen (single pass; not in live re-verify set),https://csfcu.org/,2026-06-11
311,"CALIFORNIA INTERNATIONAL BANK, N.A.",Bank,Westminster,https://www.cali.bank,80882,95231,NO,,—,Personal/business checking + savings + SBA loans + payment processing (Autobooks) + ATM/debit; no credit cards,—,Live nav: 'ATM & Debit Cards' only; no credit card products [raw: N/M],N/M,,N/M,N/M,UNKNOWN,UNKNOWN,UNKNOWN,UNKNOWN,LIVE-CONFIRMS (no card; ATM/debit + SBA/commercial),https://www.cali.bank,2026-06-11
312,UPWARD CREDIT UNION,Credit Union,Burlingame,https://upwardcu.org,80547,93701,NO,,—,Personal VISA Gold/Classic/youth/Share-Secured only; no business card found,—,[raw: N/A],N/A,,—,—,UNKNOWN (no sweep row),UNKNOWN (no sweep row),UNKNOWN (no sweep row),UNKNOWN (no sweep row),Fresh screen (single pass; not in live re-verify set),https://upwardcu.org/borrow/credit-cards/,2026-06-11
313,MCKESSON & HEALTHCARE PROVIDERS FEDERAL CREDIT UNION,Credit Union,Martinez,https://www.mahpfcu.org,80193,93290,NO,,—,Consumer Visa Platinum/Secured Visa only; no business products surfaced (site fetch blocked - search-based),—,,—,,—,—,UNKNOWN (no sweep row),UNKNOWN (no sweep row),UNKNOWN (no sweep row),UNKNOWN (no sweep row),Fresh screen (single pass; not in live re-verify set),https://www.mahpfcu.org/loans/visa-credit-cards,2026-06-11
314,DESERT VALLEYS FEDERAL CREDIT UNION,Credit Union,Ridgecrest,https://www.desertvalleys.org,80183,89436,UNCLEAR,,—,,UNKNOWN,Site is JS-rendered (content not fetchable); no business card evidence found in search index,UNKNOWN,,—,—,UNKNOWN (no sweep row),UNKNOWN (no sweep row),UNKNOWN (no sweep row),UNKNOWN (no sweep row),Fresh screen (single pass; not in live re-verify set),https://www.desertvalleys.org/,2026-06-11
315,VA DESERT PACIFIC FEDERAL CREDIT UNION,Credit Union,Long Beach,https://www.vadpfcu.org/,77765,98985,NO,,—,No business banking or business credit card on site,—,,—,,—,—,UNKNOWN (no sweep row),UNKNOWN (no sweep row),UNKNOWN (no sweep row),UNKNOWN (no sweep row),Fresh screen (single pass; not in live re-verify set),https://www.vadpfcu.org/,2026-06-11
316,VISION ONE CREDIT UNION,Credit Union,Sacramento,https://www.visionone.org,76400,91602,UNCLEAR,,—,Business-focused CU for optometrists (practice loans/20-20 Business Checking); site has 'Credit Card Account Access' login but no public card product page; merchant services + debit only on visible pages,UNKNOWN,No card product page or issuer markers found on site,UNKNOWN,,—,—,UNKNOWN (no sweep row),UNKNOWN (no sweep row),UNKNOWN (no sweep row),UNKNOWN (no sweep row),Fresh screen (single pass; not in live re-verify set),https://www.visionone.org/ | https://www.visionone.org/deposit-solutions/checking,2026-06-11
317,VALLEY OAK CREDIT UNION,Credit Union,Three Rivers,https://www.valleyoak.org,76337,82304,NO,,—,Personal Visa Classic / Secured Visa only (as low as 8.49% APR); no business banking section,—,,—,,—,—,UNKNOWN (no sweep row),UNKNOWN (no sweep row),UNKNOWN (no sweep row),UNKNOWN (no sweep row),Fresh screen (single pass; not in live re-verify set),https://www.valleyoak.org/,2026-06-11
318,CAL STATE L.A. FEDERAL CREDIT UNION,Credit Union,Los Angeles,https://www.calstatela-fcu.org,72351,79905,NO,,—,Personal VISA Classic/Secured only; no business card,—,,—,,—,—,UNKNOWN (no sweep row),UNKNOWN (no sweep row),UNKNOWN (no sweep row),UNKNOWN (no sweep row),Fresh screen (single pass; not in live re-verify set),https://www.calstatela-fcu.org/loans/visa-credit-card,2026-06-11
319,TUSTIN COMMUNITY BANK,Bank,Tustin,https://www.tustin.bank,71352,86207,NO,,—,"Products-services page: business/professional/CRE loans, savings, cash mgmt — NO credit cards listed (yellowpages 'loans and credit cards' boilerplate not corroborated on-site)",—,n/a — no card program found live; prior FDIC LNCRCD=$0 across 4 quarters [raw: UNKNOWN],n/a,,Prior mentor 'Experian' DP remains uncorroborated,n/a,UNKNOWN,UNKNOWN,UNKNOWN,UNKNOWN,LIVE-CONFIRMS-PRIOR (re-confirmed no card),https://tustin.bank/products-services,2026-06-11
320,SONOMA FEDERAL CREDIT UNION,Credit Union,Santa Rosa,https://www.sonomafed.com,69518,80093,NO,,—,No credit cards (personal or business) found on site; consumer deposits/auto/home loans only,—,[raw: N/A],N/A,,—,—,UNKNOWN (no sweep row),UNKNOWN (no sweep row),UNKNOWN (no sweep row),UNKNOWN (no sweep row),Fresh screen (single pass; not in live re-verify set),https://www.sonomafed.com/,2026-06-11
321,CALIFORNIA COMMUNITY CREDIT UNION,Credit Union,Sacramento,https://www.caccu.org,69035,79918,YES,https://www.caccu.org/loans/visa/,No - rate as low as 11.90% APR,Business VISA Platinum; no annual fee; limits $500-$15K; 25-day grace; rate tiers A-E,SELF,Own-domain card page w/ own rate tiers; ScoreCard Rewards platform; no Elan/TCM refs,UNKNOWN,https://www.caccu.org/loans/visa/,—,—,UNKNOWN (no sweep row),UNKNOWN (no sweep row),UNKNOWN (no sweep row),UNKNOWN (no sweep row),Fresh screen (single pass; not in live re-verify set),https://www.caccu.org/loans/visa/,2026-06-11
322,BAY CITIES CREDIT UNION,Credit Union,Hayward,https://www.baycities.org,68941,78848,NO,,—,,—,Consumer Visa only; no business accounts (only employer-group membership page),—,,—,—,UNKNOWN (no sweep row),UNKNOWN (no sweep row),UNKNOWN (no sweep row),UNKNOWN (no sweep row),Fresh screen (single pass; not in live re-verify set),https://www.baycities.org/,2026-06-11
323,POSTCITY FINANCIAL CREDIT UNION,Credit Union,Long Beach,https://www.postcitycu.org/,68686,78185,NO,,—,Consumer-only (postal employees); no business products,—,,—,,—,—,UNKNOWN (no sweep row),UNKNOWN (no sweep row),UNKNOWN (no sweep row),UNKNOWN (no sweep row),Fresh screen (single pass; not in live re-verify set),https://www.postcitycu.org/,2026-06-11
324,NIKKEI CREDIT UNION,Credit Union,Gardena,https://www.nikkeicu.org,68574,80586,NO,,—,Consumer Visa credit cards only; no business accounts on site,—,,—,,—,—,UNKNOWN (no sweep row),UNKNOWN (no sweep row),UNKNOWN (no sweep row),UNKNOWN (no sweep row),Fresh screen (single pass; not in live re-verify set),https://www.nikkeicu.org/,2026-06-11
325,CALCOM FEDERAL CREDIT UNION,Credit Union,Long Beach,https://www.calcomfcu.org,68281,82609,NO,,—,Business accounts offered but only personal credit cards (serviced via ezcardinfo.com); no business credit card,—,,—,,—,—,UNKNOWN (no sweep row),UNKNOWN (no sweep row),UNKNOWN (no sweep row),UNKNOWN (no sweep row),Fresh screen (single pass; not in live re-verify set),https://www.calcomfcu.org/,2026-06-11
326,UNIVERSAL CITY STUDIOS CREDIT UNION,Credit Union,Burbank,https://www.ucscu.org,65895,71840,NO,,—,Personal Visa Platinum/Celebrity/Red Carpet Rewards only; no business accounts or card,—,,—,,—,—,UNKNOWN (no sweep row),UNKNOWN (no sweep row),UNKNOWN (no sweep row),UNKNOWN (no sweep row),Fresh screen (single pass; not in live re-verify set),https://www.ucscu.org/,2026-06-11
327,POLAM FEDERAL CREDIT UNION,Credit Union,Los Angeles,https://polam.org,65887,73433,NO,,—,Personal Visa credit card only; no business banking section,—,[raw: N/A],N/A,,—,—,UNKNOWN (no sweep row),UNKNOWN (no sweep row),UNKNOWN (no sweep row),UNKNOWN (no sweep row),Fresh screen (single pass; not in live re-verify set),https://polam.org/,2026-06-11
328,MODESTO'S FIRST FEDERAL CREDIT UNION,Credit Union,Modesto,https://www.m1fcu.org,65540,72168,NO,,—,Consumer Platinum Visa only; no business banking,—,,—,,—,—,UNKNOWN (no sweep row),UNKNOWN (no sweep row),UNKNOWN (no sweep row),UNKNOWN (no sweep row),Fresh screen (single pass; not in live re-verify set),https://www.m1fcu.org/modesto-credit-card,2026-06-11
329,POLAM FEDERAL CREDIT UNION,Credit Union,Redwood City,https://polamfcu.com,63342,73625,YES,https://polamfcu.com/business/business-credit-debit-card/,Not advertised,Business Visa; $20 annual service fee; purchase reward + cash-back programs; no cash advance fee; 1% FX fee,UNKNOWN,No issuer/processor identified on page; applies via external lending portal,Online,https://polamfcu.com/business/business-credit-debit-card/,—,—,UNKNOWN (no sweep row),UNKNOWN (no sweep row),UNKNOWN (no sweep row),UNKNOWN (no sweep row),Fresh screen (single pass; not in live re-verify set),https://polamfcu.com/business/business-credit-debit-card/,2026-06-11
330,SHELL WESTERN STATES FEDERAL CREDIT UNION,Credit Union,Martinez,https://swsfcu.org/,61674,69331,NO,,—,Personal Visa tiers only (Platinum/Gold/Classic/Credit Builder); no business products,—,,—,,—,—,UNKNOWN (no sweep row),UNKNOWN (no sweep row),UNKNOWN (no sweep row),UNKNOWN (no sweep row),Fresh screen (single pass; not in live re-verify set),https://swsfcu.org/visa-credit-card,2026-06-11
331,OLIVE VIEW EMPLOYEES FEDERAL CREDIT UNION,Credit Union,Sylmar,https://oliveviewfcu.net,60690,75226,NO,,—,Healthcare-employee SEG; consumer Visa + checking/savings only; no business accounts/cards found in site or search; main site blocked direct fetch (403),—,,—,,—,—,UNKNOWN (no sweep row),UNKNOWN (no sweep row),UNKNOWN (no sweep row),UNKNOWN (no sweep row),Fresh screen (single pass; not in live re-verify set),https://oliveviewfcu.net/ | https://www.creditunionsonline.com/credit-union-7475.html,2026-06-11
332,Monet Bank,Out-of-state bank with CA branches (SOD),Plano,https://www.monet.bank,60278,3168602,NO,,—,"Product set = CDs + money market + savings ONLY; ""no mention of credit cards or lines of credit""",—,Deposit-only bank; zero credit products,No,,—,Not applicable,UNKNOWN (no sweep row),UNKNOWN (no sweep row),UNKNOWN (no sweep row),UNKNOWN (no sweep row),LIVE-CONFIRMS (CDs/MMA/savings only - exact match to 2026-06-10 prior),https://www.monet.bank/,2026-06-11
333,DELTA SCHOOLS FEDERAL CREDIT UNION,Credit Union,Antioch,https://deltaschoolsfcu.org,58718,65943,NO,,—,Single personal VISA (as low as 9.90% APR); no business banking section,—,,—,,—,—,UNKNOWN (no sweep row),UNKNOWN (no sweep row),UNKNOWN (no sweep row),UNKNOWN (no sweep row),Fresh screen (single pass; not in live re-verify set),https://deltaschoolsfcu.org/visa/,2026-06-11
334,ROLLING F CREDIT UNION,Credit Union,Turlock,https://rollingf.org,58241,65939,NO,,—,No credit card products at all on site; business accounts in nav but deposit-only,—,,—,,—,—,UNKNOWN (no sweep row),UNKNOWN (no sweep row),UNKNOWN (no sweep row),UNKNOWN (no sweep row),Fresh screen (single pass; not in live re-verify set),https://rollingf.org/,2026-06-11
335,TECHNICOLOR FEDERAL CREDIT UNION,Credit Union,Burbank,https://www.technicolorfcu.org,57935,84894,NO,,—,Personal credit cards only (no product detail); no business banking,—,[raw: N/A],N/A,,—,—,UNKNOWN (no sweep row),UNKNOWN (no sweep row),UNKNOWN (no sweep row),UNKNOWN (no sweep row),Fresh screen (single pass; not in live re-verify set),https://www.technicolorfcu.org/,2026-06-11
336,CALIFORNIA PACIFIC BANK,Bank,San Francisco,https://www.calpacificbank.com,57857,100924,NO,,NO,Merchant-banking relationship bank for SMBs (loans + account services); no credit card anywhere on site,—,n/a - no card program [raw: UNKNOWN],No,,—,—,UNKNOWN,UNKNOWN,UNKNOWN,UNKNOWN,LIVE-CONFIRMS (no card; relationship merchant/commercial bank),https://www.calpacificbank.com/,2026-06-11
337,ESCONDIDO FEDERAL CREDIT UNION,Credit Union,Escondido,https://www.escondidofcu.org,57125,66214,NO,,—,Consumer MasterCard only; small SEG CU (City of Escondido employees),—,,—,,—,—,UNKNOWN (no sweep row),UNKNOWN (no sweep row),UNKNOWN (no sweep row),UNKNOWN (no sweep row),Fresh screen (single pass; not in live re-verify set),https://www.escondidofcu.org/loans/credit-card.shtml,2026-06-11
338,HATCH BANK,Industrial Loan Company,San Marcos,https://www.hatchbank.com,57074,186754,NO,,—,BaaS sponsor bank ('launch credit products faster' for fintechs); credit/debit/commercial card programs offered THROUGH partners (Wisetack/Sungage/Mercantile etc.); no direct-to-business card,—,Site positions all card programs as partner infrastructure not direct issuance [raw: NONE],—,,—,—,UNKNOWN,UNKNOWN,UNKNOWN,UNKNOWN,LIVE-CONFIRMS,https://www.hatchbank.com,2026-06-11
339,SANTA BARBARA COUNTY FEDERAL CREDIT UNION,Credit Union,Santa Barbara,https://www.sbcreditunion.com,56299,64748,NO,,—,,—,Single consumer Visa Gold (serviced via EZCardInfo); ~600 card members; no business card,—,,—,—,UNKNOWN (no sweep row),UNKNOWN (no sweep row),UNKNOWN (no sweep row),UNKNOWN (no sweep row),Fresh screen (single pass; not in live re-verify set),https://www.sbcreditunion.com/santa-barbara-credit-unions-ezcardinfo-visa-gold,2026-06-11
340,PARISHIONERS FEDERAL CREDIT UNION,Credit Union,Torrance,https://www.parishionersfcu.org/,56292,67162,YES,https://www.parishionersfcu.org/business-cc.php,Not visible,Business Visa (low rate / cash back / flexible rewards options); free employee cards; online expense tools; Zero Fraud Liability,Elan,Search-confirmed creditor/issuer is Elan Financial Services (standard Elan business product suite); site fetch blocked,UNKNOWN,https://www.parishionersfcu.org/business-cc.php,—,—,UNKNOWN (no sweep row),UNKNOWN (no sweep row),UNKNOWN (no sweep row),UNKNOWN (no sweep row),Fresh screen (single pass; not in live re-verify set),https://www.parishionersfcu.org/business-cc.php,2026-06-11
341,Bank of Guam,Out-of-state bank with CA branches (SOD),Hagatna,https://bankofguam.com,53145,3142342,YES,https://bankofguam.com/business/spend/business-credit-cards,Not stated,Business Mastercard; 'competitive interest rates and annual fees' - specifics not visible (site returned 503 on direct fetch),SELF,Self-issued on FIS rails: eZCard/ezcardinfo 24/7 support line 1-866-604-0380 per BOG business banking guide; no Elan/TCM markers,UNKNOWN,,—,—,UNKNOWN (no sweep row),UNKNOWN (no sweep row),UNKNOWN (no sweep row),UNKNOWN (no sweep row),Fresh screen (single pass; not in live re-verify set),https://bankofguam.com/business/spend/business-credit-cards | https://mcompany.cld.bz/Bank-of-Guam-Business-Online-Banking-User-Guide,2026-06-11
342,INLAND VALLEY FEDERAL CREDIT UNION,Credit Union,Fontana,https://www.ivfcu.org,49524,54344,NO,,—,Single personal MasterCard credit card; no business banking on site,—,,—,,—,—,UNKNOWN (no sweep row),UNKNOWN (no sweep row),UNKNOWN (no sweep row),UNKNOWN (no sweep row),Fresh screen (single pass; not in live re-verify set),https://www.ivfcu.org/,2026-06-11
343,MOKELUMNE FEDERAL CREDIT UNION,Credit Union,Lodi,https://www.mokelumnefcu.com,48571,58081,YES,https://www.mokelumnefcu.com/loans-services/elan-visa,UNCLEAR,Elan agent program incl. business card options (low rate / cash back / flexible rewards); free employee cards,Elan,Site card page is 'Elan Visa Credit Cards'; Elan stated as creditor/issuer,Online,https://www.mokelumnefcu.com/loans-services/elan-visa,—,—,UNKNOWN (no sweep row),UNKNOWN (no sweep row),UNKNOWN (no sweep row),UNKNOWN (no sweep row),Fresh screen (single pass; not in live re-verify set),https://www.mokelumnefcu.com/loans-services/elan-visa,2026-06-11
344,HUNTINGTON BEACH CREDIT UNION,Credit Union,Huntington Beac,https://www.huntingtonbeachcu.org,48390,55824,NO,,—,Personal Visa Coastal Rewards (15.90%) and Surf Wave (11.90%) only; serviced via eZCard/ScoreCard,—,eZCard portal + ScoreCard rewards on personal cards [raw: N/A (personal serviced via eZCard/FIS)],N/A,,—,—,UNKNOWN (no sweep row),UNKNOWN (no sweep row),UNKNOWN (no sweep row),UNKNOWN (no sweep row),Fresh screen (single pass; not in live re-verify set),https://www.huntingtonbeachcu.org/loan-center/visa-credit-cards/,2026-06-11
345,BOPTI FEDERAL CREDIT UNION,Credit Union,San Pedro,https://boptifcu.com,48291,64385,NO,,—,No credit cards advertised at all; savings/checking/auto/personal loans only,—,,—,,—,—,UNKNOWN (no sweep row),UNKNOWN (no sweep row),UNKNOWN (no sweep row),UNKNOWN (no sweep row),Fresh screen (single pass; not in live re-verify set),https://boptifcu.com/,2026-06-11
346,JACOM CREDIT UNION,Credit Union,Los Angeles,https://jacomcu.org,46656,54866,NO,,—,,—,Consumer Visa debit/credit only (Japanese American Community CU); no business banking,—,,—,—,UNKNOWN (no sweep row),UNKNOWN (no sweep row),UNKNOWN (no sweep row),UNKNOWN (no sweep row),Fresh screen (single pass; not in live re-verify set),https://jacomcu.org/,2026-06-11
347,ASIAN PACIFIC NATIONAL BANK,Bank,San Gabriel,https://www.asianpacificbank.com,45286,57005,NO,,—,Deposits + CRE/construction/business/auto loans; no credit card (or even debit/prepaid) mentioned on live homepage,—,n/a — no card,n/a,,—,—,UNKNOWN,UNKNOWN,UNKNOWN,UNKNOWN,LIVE-CONFIRMS (no credit card),https://www.asianpacificbank.com/,2026-06-11
348,DOW GREAT WESTERN CREDIT UNION,Credit Union,Antioch,https://dowcu.org/,45164,48188,NO,,—,Consumer fixed-rate cards only on credit-cards page; businesses may join but no business card product,—,,—,,—,—,UNKNOWN (no sweep row),UNKNOWN (no sweep row),UNKNOWN (no sweep row),UNKNOWN (no sweep row),Fresh screen (single pass; not in live re-verify set),https://dowcu.org/credit-cards/,2026-06-11
349,U.P.S. EMPLOYEES FEDERAL CREDIT UNION,Credit Union,Ontario,https://upscreditunion.org,44846,48924,NO,,—,UPS-employee SEG; consumer products only; no business accounts/cards in nav,—,,—,,—,—,UNKNOWN (no sweep row),UNKNOWN (no sweep row),UNKNOWN (no sweep row),UNKNOWN (no sweep row),Fresh screen (single pass; not in live re-verify set),https://upscreditunion.org/,2026-06-11
350,UNITED CATHOLICS FEDERAL CREDIT UNION,Credit Union,Covina,https://www.unitedcatholicsfcu.org,44783,50035,NO,,—,"Business/non-profit checking offered but cards are consumer only (Visa Rewards up to 1% cash back as low as 9.80% APR, Visa Classic); no business credit card",—,,—,,—,—,UNKNOWN (no sweep row),UNKNOWN (no sweep row),UNKNOWN (no sweep row),UNKNOWN (no sweep row),Fresh screen (single pass; not in live re-verify set),https://www.unitedcatholicsfcu.org/,2026-06-11
351,L. A. ELECTRICAL WORKERS CREDIT UN. CREDIT UNION,Credit Union,Pasadena,https://www.laewcu.com,44078,53963,NO,,—,Consumer shares/loans only; no credit card or business products in nav,—,,—,,—,—,UNKNOWN (no sweep row),UNKNOWN (no sweep row),UNKNOWN (no sweep row),UNKNOWN (no sweep row),Fresh screen (single pass; not in live re-verify set),https://www.laewcu.com/,2026-06-11
352,CENTRAL VALLEY FIREFIGHTERS CREDIT UNION,Credit Union,Fresno,https://cvfirecu.org,42924,49933,NO,,—,Personal Visa Classic and Visa Platinum (fixed rate) only; occupational CU for fire service,—,[raw: N/A],N/A,,—,—,UNKNOWN (no sweep row),UNKNOWN (no sweep row),UNKNOWN (no sweep row),UNKNOWN (no sweep row),Fresh screen (single pass; not in live re-verify set),https://cvfirecu.org/loans/credit-cards/,2026-06-11
353,SILVERADO CREDIT UNION,Credit Union,Angwin,https://www.silveradocu.com,42589,48598,NO,,—,Consumer VISA credit/ATM card only; no business banking,—,,—,,—,—,UNKNOWN (no sweep row),UNKNOWN (no sweep row),UNKNOWN (no sweep row),UNKNOWN (no sweep row),Fresh screen (single pass; not in live re-verify set),https://www.silveradocu.com/,2026-06-11
354,FRESNO POLICE DEPARTMENT CREDIT UNION,Credit Union,Fresno,https://fpdcu.org,38001,50082,NO,,—,,—,Consumer Visa Classic/Platinum/Secured only (police membership); no business accounts,—,,—,—,UNKNOWN (no sweep row),UNKNOWN (no sweep row),UNKNOWN (no sweep row),UNKNOWN (no sweep row),Fresh screen (single pass; not in live re-verify set),https://fpdcu.org/Loans/,2026-06-11
355,ALTOS BANK,Bank,Los Altos,https://www.altosbank.com,37394,57456,NO,—,—,Live site (digital-first de novo): business/personal deposits + CDs + lending solutions + Debit Card Services; NO credit card product,—,Live homepage/product crawl: no credit card mention [raw: None],No,—,—,—,UNKNOWN,UNKNOWN,UNKNOWN,UNKNOWN,LIVE-CONFIRMS,https://www.altosbank.com,2026-06-11
356,CALIFORNIA ADVENTIST FEDERAL CREDIT UNION,Credit Union,Glendale,https://www.cafcu.net/,36824,46063,YES,https://www.cafcu.net/visa,Not visible,Two Visa options - personal (low rate no annual fee) and business (rewards/rebates for company expenses); rates not published in search,UNKNOWN,Site fetch blocked; PDF application form on legacy portal suggests in-house processing but unconfirmed,Branch,https://www.cafcu.net/forms (PDF application),—,—,UNKNOWN (no sweep row),UNKNOWN (no sweep row),UNKNOWN (no sweep row),UNKNOWN (no sweep row),Fresh screen (single pass; not in live re-verify set),https://www.cafcu.net/visa; https://www.cafcu.net/businessservices,2026-06-11
357,ORGANIZED LABOR CREDIT UNION,Credit Union,Modesto,https://organizedlaborcu.org,36457,40538,NO,,—,$40M union-member CU; consumer loans/savings/cards only per search profiles; site did not render content on fetch; no business card found anywhere,—,,—,,—,—,UNKNOWN (no sweep row),UNKNOWN (no sweep row),UNKNOWN (no sweep row),UNKNOWN (no sweep row),Fresh screen (single pass; not in live re-verify set),https://organizedlaborcu.org/ | https://www.linkedin.com/company/organized-labor-credit-union,2026-06-11
358,DIABLO VALLEY FEDERAL CREDIT UNION,Credit Union,Concord,https://diablovalleyfcu.org,35751,40080,NO,,—,Personal Visa Platinum w/ uChoose Rewards only; no business banking section,—,,—,,—,—,UNKNOWN (no sweep row),UNKNOWN (no sweep row),UNKNOWN (no sweep row),UNKNOWN (no sweep row),Fresh screen (single pass; not in live re-verify set),https://diablovalleyfcu.org/,2026-06-11
359,BEFIT FINANCIAL FEDERAL CREDIT UNION,Credit Union,Vacaville,https://www.bffcu.org,35108,39342,NO,,—,Consumer Visa credit card only (healthcare-worker FOM); no business accounts/card,—,,—,,—,—,UNKNOWN (no sweep row),UNKNOWN (no sweep row),UNKNOWN (no sweep row),UNKNOWN (no sweep row),Fresh screen (single pass; not in live re-verify set),https://www.bffcu.org/,2026-06-11
360,GOLDEN VALLEY FEDERAL CREDIT UNION,Credit Union,Manteca,https://goldenvalleyfcu.org,34733,39417,NO,,—,Consumer Visa credit card only; auto/home/consumer loans + share draft/savings/IRA; NO business banking or business cards at all,—,goldenvalleyfcu.org shows consumer Visa only; no business services anywhere on site [raw: N/M],N/M,,N/M,N/M,UNKNOWN (no sweep row),UNKNOWN (no sweep row),UNKNOWN (no sweep row),UNKNOWN (no sweep row),"LIVE-CONTRADICTS (TWIN ERROR in prior: prior used goldenvalley.bank = Golden Valley BANK, Chico CA — a different institution whose Elan business cards were wrongly attributed to this Manteca credit union; the real GVFCU site goldenvalleyfcu.org has consumer Visa only, no business card) | TWIN: FAILED in prior / corrected: GVFCU Manteca = goldenvalleyfcu.org; goldenvalley.bank = Golden Valley Bank Chico (separate FDIC bank)",https://goldenvalleyfcu.org/ | https://www.yelp.com/biz/golden-valley-federal-credit-union-manteca,2026-06-11
361,FOX FEDERAL CREDIT UNION,Credit Union,Los Angeles,https://www.foxcredit.org,34502,38149,NO,,—,Personal VISA only; occupational CU (ex-20th Century Fox); no business card found,—,[raw: N/A],N/A,,—,—,UNKNOWN (no sweep row),UNKNOWN (no sweep row),UNKNOWN (no sweep row),UNKNOWN (no sweep row),Fresh screen (single pass; not in live re-verify set),https://www.foxcredit.org/,2026-06-11
362,CORRECTIONS FEDERAL CREDIT UNION,Credit Union,Soledad,https://corfed.com,33269,36391,NO,,—,Consumer Visa only (APR as low as 12%); no business banking,—,,—,,—,—,UNKNOWN (no sweep row),UNKNOWN (no sweep row),UNKNOWN (no sweep row),UNKNOWN (no sweep row),Fresh screen (single pass; not in live re-verify set),https://corfed.com/services/,2026-06-11
363,Citizens National Bank of Texas,Out-of-state bank with CA branches (SOD),Waxahachie,https://www.cnboftexas.com,33108,2109952,NO,,—,,—,Site index shows business checking + business DEBIT cards but no credit card product pages; direct fetch blocked,—,,—,—,UNKNOWN (no sweep row),UNKNOWN (no sweep row),UNKNOWN (no sweep row),UNKNOWN (no sweep row),Fresh screen (single pass; not in live re-verify set),https://www.cnboftexas.com/business-banking/debit-cards/,2026-06-11
364,MEDIA CITY CREDIT UNION,Credit Union,Burbank,https://mediacitycu.org/,31625,37815,NO,,—,Personal Classic/Share Secured VISA only; small business checking but no business card,—,,—,,—,—,UNKNOWN (no sweep row),UNKNOWN (no sweep row),UNKNOWN (no sweep row),UNKNOWN (no sweep row),Fresh screen (single pass; not in live re-verify set),https://mediacitycu.org/visa-credit-card/,2026-06-11
365,First IC Bank,Out-of-state bank with CA branches (SOD),Doraville,https://www.firsticbank.com (now 302 -> metrocitybank.bank),31528,1243029,NO,,—,ENTITY ABSORBED: firsticbank.com now 302-redirects to metrocitybank.bank; MetroCity completed acquisition 2025-12-01 (SEC 8-K/10-Q). Metro City Bank shows no advertised business credit card product — only third-party Card Service Center logins (consumer.cardservices.bank / business.cardservices.bank),—,firsticbank.com redirect observed live 2026-06-11; metrocitybank.bank nav has no card product pages [raw: UNKNOWN (successor Metro City uses unnamed third-party card servicing)],n/a,,n/a,n/a,UNKNOWN,UNKNOWN,UNKNOWN,UNKNOWN,LIVE-CONTRADICTS-PRIOR — STATUS CHANGED: prior said acquisition pending ~Q4 2025 with site live ('Card Hub' = mgmt only); live: deal CLOSED 2025-12-01 and First IC site/brand is gone (redirects to Metro City Bank). Still no business card either way,https://www.metrocitybank.bank/; https://www.sec.gov/Archives/edgar/data/0001747068/000110465926057876/mcbs-20260331x10q.htm,2026-06-11
366,UTILITY DISTRICT CREDIT UNION,Credit Union,Oakland,https://udcu.org,30902,34118,NO,,—,EBMUD-employee CU; personal accounts only; Visa debit only - no credit cards or business products in nav,—,,—,,—,—,UNKNOWN (no sweep row),UNKNOWN (no sweep row),UNKNOWN (no sweep row),UNKNOWN (no sweep row),Fresh screen (single pass; not in live re-verify set),https://udcu.org/,2026-06-11
367,CAPSTONE FEDERAL CREDIT UNION,Credit Union,Aliso Viejo,https://www.capstonefcu.coop,30564,34573,NO,,—,Personal VISA Gold only (0% intro APR 12 mo on personal card); no business banking section,—,,—,,—,—,UNKNOWN (no sweep row),UNKNOWN (no sweep row),UNKNOWN (no sweep row),UNKNOWN (no sweep row),Fresh screen (single pass; not in live re-verify set),https://www.capstonefcu.coop/,2026-06-11
368,ANTIOCH COMMUNITY FEDERAL CREDIT UNION,Credit Union,Antioch,https://antiochcommfcu.org,29187,34322,NO,,—,Tiny CU (~1400 members); no credit card pages on site; one directory says no credit card program; no business card,—,,—,,—,—,UNKNOWN (no sweep row),UNKNOWN (no sweep row),UNKNOWN (no sweep row),UNKNOWN (no sweep row),Fresh screen (single pass; not in live re-verify set),https://antiochcommfcu.org/; https://www.creditunionsonline.com/credit-union-3394.html,2026-06-11
369,EL MONTE COMMUNITY CREDIT UNION,Credit Union,El Monte,https://www.elmonteccu.org,29015,32962,NO,,—,Personal VISA Platinum (3.99% intro BT offer) and Share Secured only; serviced via EZ Card Info; no business card,—,EZ Card Info portal on personal cards [raw: N/A (personal serviced via eZCardInfo/FIS)],N/A,,—,—,UNKNOWN (no sweep row),UNKNOWN (no sweep row),UNKNOWN (no sweep row),UNKNOWN (no sweep row),Fresh screen (single pass; not in live re-verify set),https://www.elmonteccu.org/loans/visa-credit-cards,2026-06-11
370,GREATER VALLEY CREDIT UNION,Credit Union,Fresno,https://www.greatervalleycu.org,28339,33435,NO,,—,Consumer VISA Classic fixed-rate only; no business products,—,,—,,—,—,UNKNOWN (no sweep row),UNKNOWN (no sweep row),UNKNOWN (no sweep row),UNKNOWN (no sweep row),Fresh screen (single pass; not in live re-verify set),https://www.greatervalleycu.org/credit-cards,2026-06-11
371,SAN MATEO CITY EMPLOYEES FEDERAL CREDIT UNION,Credit Union,San Mateo,https://smcefcu.org,27458,33330,NO,,—,,—,No credit card products at all on site (city-employee CU; deposits + loans only),—,,—,—,UNKNOWN (no sweep row),UNKNOWN (no sweep row),UNKNOWN (no sweep row),UNKNOWN (no sweep row),Fresh screen (single pass; not in live re-verify set),https://smcefcu.org/,2026-06-11
372,HANIN FEDERAL CREDIT UNION,Credit Union,Los Angeles,https://www.haninfcu.org/,26978,31725,NO,,—,No credit cards of any kind on site (deposit/loan products only; business checking offered),—,,—,,—,—,UNKNOWN (no sweep row),UNKNOWN (no sweep row),UNKNOWN (no sweep row),UNKNOWN (no sweep row),Fresh screen (single pass; not in live re-verify set),https://www.haninfcu.org/,2026-06-11
373,SLO CREDIT UNION,Credit Union,San Luis Obispo,https://slocu.com,25918,29740,YES,https://slocu.com/credit-cards/,Not stated,'Consumer and business credit cards'; competitive rates; instant issue; APR/AF not published - decisions made locally case-by-case,SELF,In-house underwriting implied: 'locally owned and operated... we look at each applicant's situation'; applications via CU's own It's Me 247 (CU*Answers) loan portal; no Elan/TCM markers,Online,https://loans.itsme247.com,—,⭐ Manual/relationship underwriting language ('look at each applicant's situation') - possible flex on docs,UNKNOWN (no sweep row),UNKNOWN (no sweep row),UNKNOWN (no sweep row),UNKNOWN (no sweep row),Fresh screen (single pass; not in live re-verify set),https://slocu.com/credit-cards/,2026-06-11
374,MATTEL FEDERAL CREDIT UNION,Credit Union,El Segundo,https://www.mattelfcu.org,25569,29131,NO,,—,Single personal Visa credit card; SEG credit union (Mattel employees); no business banking,—,,—,,—,—,UNKNOWN (no sweep row),UNKNOWN (no sweep row),UNKNOWN (no sweep row),UNKNOWN (no sweep row),Fresh screen (single pass; not in live re-verify set),https://www.mattelfcu.org/,2026-06-11
375,BAKERSFIELD CITY EMPLOYEES FEDERAL CREDIT UNION,Credit Union,Bakersfield,https://www.bakcityefcu.org,25546,29354,NO,,—,Personal VISA only (serviced via eZCardInfo); city-employee FOM; no business card,—,,—,,—,—,UNKNOWN (no sweep row),UNKNOWN (no sweep row),UNKNOWN (no sweep row),UNKNOWN (no sweep row),Fresh screen (single pass; not in live re-verify set),https://www.bakcityefcu.org/online-services,2026-06-11
376,SUN PACIFIC FEDERAL CREDIT UNION,Credit Union,Richmond,https://www.sunpacific.org,24506,29840,NO,,—,Personal Visa only (Visa Purchase Alerts); small SSA-employee-area CU; no business card found,—,[raw: N/A],N/A,,—,—,UNKNOWN (no sweep row),UNKNOWN (no sweep row),UNKNOWN (no sweep row),UNKNOWN (no sweep row),Fresh screen (single pass; not in live re-verify set),https://www.sunpacific.org/,2026-06-11
377,NORTHERN REDWOOD FEDERAL CREDIT UNION,Credit Union,Arcata,https://www.northernredwoodfcu.org,22577,24492,NO,,—,Consumer rewards & share-secured cards per directories; no business products surfaced,—,,—,,—,—,UNKNOWN (no sweep row),UNKNOWN (no sweep row),UNKNOWN (no sweep row),UNKNOWN (no sweep row),Fresh screen (single pass; not in live re-verify set),https://www.northernredwoodfcu.org/,2026-06-11
378,CENTER CITY COMMUNITY CREDIT UNION,Credit Union,Buena Park,https://www.ccccu.org,22405,25267,NO,,—,,—,Single consumer Visa (as low as 8.90% APR w/ bonus points); no business accounts,—,,—,—,UNKNOWN (no sweep row),UNKNOWN (no sweep row),UNKNOWN (no sweep row),UNKNOWN (no sweep row),Fresh screen (single pass; not in live re-verify set),https://www.ccccu.org/,2026-06-11
379,FRESNO GRANGERS FEDERAL CREDIT UNION,Credit Union,Fresno,http://www.fresnograngersfcu.com/,20723,26954,NO,,—,Site is bare directory index; no product pages; directory listings show savings/checking/loans only - no credit card program found,—,,—,,—,—,UNKNOWN (no sweep row),UNKNOWN (no sweep row),UNKNOWN (no sweep row),UNKNOWN (no sweep row),Fresh screen (single pass; not in live re-verify set),http://www.fresnograngersfcu.com/; https://www.creditunionsonline.com/credit-union-services-5345.html,2026-06-11
380,EMPLOYEES CHOICE FEDERAL CREDIT UNION,Credit Union,El Cajon,https://www.employeeschoice.org,20191,22980,NO,,—,Consumer Platinum Visa only (as low as 9.9% APR; ScoreCard Rewards); no business products in nav,—,,—,,—,—,UNKNOWN (no sweep row),UNKNOWN (no sweep row),UNKNOWN (no sweep row),UNKNOWN (no sweep row),Fresh screen (single pass; not in live re-verify set),https://www.employeeschoice.org/,2026-06-11
381,ONTARIO PUBLIC EMPLOYEES FEDERAL CREDIT UNION,Credit Union,Ontario,https://www.opefcu.org,19710,23435,NO,,—,Single personal VISA ($5 annual fee); no business credit card or business banking on site,—,,—,,—,—,UNKNOWN (no sweep row),UNKNOWN (no sweep row),UNKNOWN (no sweep row),UNKNOWN (no sweep row),Fresh screen (single pass; not in live re-verify set),https://www.opefcu.org/loans.php,2026-06-11
382,NOVO FEDERAL CREDIT UNION,Credit Union,Norco,https://www.novocu.org,17951,20774,NO,,—,No credit card products on site at all; corrections-employee FOM,—,,—,,—,—,Membership: No — Novo confirmed does NOT use ChexSystems for business accounts | BUSINESS: No — same; no ChexSystems for the business account [2026-06-11] (https://novo.zendesk.com/hc/en-us/articles/4640977954964-What-is-Novo),Membership: No (identity-only) | BUSINESS: No [2026-06-11] (https://novo.zendesk.com/hc/en-us/articles/4640977954964-What-is-Novo),UNKNOWN,UNKNOWN,Fresh screen (single pass; not in live re-verify set),https://www.novocu.org/,2026-06-11
383,CIBC Bank USA,Out-of-state bank with CA branches (SOD),Chicago,https://us.cibc.com,16966,65130106,UNCLEAR,,—,No SMB business credit card found on US site; CIBC commercial card programs found are Canada-side (cibc.com) incl. U.S. Bank Canada partnership; us.cibc.com blocked to direct fetch,UNKNOWN,Canadian CIBC commercial cards reference U.S. Bank partnership; US entity card offering not confirmed,UNKNOWN,,—,—,UNKNOWN (no sweep row),UNKNOWN (no sweep row),UNKNOWN (no sweep row),UNKNOWN (no sweep row),Fresh screen (single pass; not in live re-verify set),https://us.cibc.com/en/home.html; https://www.cibc.com/en/commercial/business-solutions/credit-cards.html,2026-06-11
384,FONTANA FEDERAL CREDIT UNION,Credit Union,Fontana,https://www.fontanafcu.org,15829,17231,NO,,—,Tiny CU; small consumer unsecured card program only (~56 cards per call report data),—,,—,,—,—,UNKNOWN (no sweep row),UNKNOWN (no sweep row),UNKNOWN (no sweep row),UNKNOWN (no sweep row),Fresh screen (single pass; not in live re-verify set),https://www.fontanafcu.org/,2026-06-11
385,MID-CITIES CREDIT UNION,Credit Union,Compton,https://www.midcitiescu.org,14926,16279,NO,,—,,—,Single consumer credit card under Borrow nav; no business banking section,—,,—,—,UNKNOWN (no sweep row),UNKNOWN (no sweep row),UNKNOWN (no sweep row),UNKNOWN (no sweep row),Fresh screen (single pass; not in live re-verify set),https://www.midcitiescu.org/,2026-06-11
386,L.A. HEALTHCARE FEDERAL CREDIT UNION,Credit Union,Los Angeles,https://lahfcu.org/,13604,14970,NO,,—,Personal VISA credit card only; no business banking,—,,—,,—,—,UNKNOWN (no sweep row),UNKNOWN (no sweep row),UNKNOWN (no sweep row),UNKNOWN (no sweep row),Fresh screen (single pass; not in live re-verify set),https://lahfcu.org/,2026-06-11
387,INLAND FEDERAL CREDIT UNION,Credit Union,La Mesa,https://inland.cabrillocu.com (inlandfederal.org redirects),13587,14796,NO,,—,Consumer-only $15M CU; members approved merger into Cabrillo Credit Union - card products being routed through Cabrillo; no business products,—,,—,,—,—,UNKNOWN (no sweep row),UNKNOWN (no sweep row),UNKNOWN (no sweep row),UNKNOWN (no sweep row),Fresh screen (single pass; not in live re-verify set),https://inland.cabrillocu.com/,2026-06-11
388,BEVERLY HILLS CITY EMPLOYEES FEDERAL CREDIT UNION,Credit Union,Beverly Hills,https://bhcefcu.org,13149,14904,NO,,—,Small SEG CU (~1300 members) for City of Beverly Hills employees; personal credit card services only; no business banking found,—,,—,,—,—,UNKNOWN (no sweep row),UNKNOWN (no sweep row),UNKNOWN (no sweep row),UNKNOWN (no sweep row),Fresh screen (single pass; not in live re-verify set),https://bhcefcu.org/,2026-06-11
389,UNITED ASSOCIATION CREDIT UNION,Credit Union,Concord,http://www.unitedassociationcu.org,11898,14328,NO,,—,Directory reports no credit card program; UA Local 342 members; $13M assets,—,,—,,—,—,UNKNOWN (no sweep row),UNKNOWN (no sweep row),UNKNOWN (no sweep row),UNKNOWN (no sweep row),Fresh screen (single pass; not in live re-verify set),https://www.creditunionsonline.com/credit-union-9304.html; http://www.unitedassociationcu.org/,2026-06-11
390,ATCHISON VILLAGE CREDIT UNION,Credit Union,Richmond,https://www.atchisonvillagecu.org,11658,13271,NO,,—,No credit cards offered at all (checking/savings/auto/title loans only); $11.7M single-branch CU,—,[raw: N/A],N/A,,—,—,UNKNOWN (no sweep row),UNKNOWN (no sweep row),UNKNOWN (no sweep row),UNKNOWN (no sweep row),Fresh screen (single pass; not in live re-verify set),https://www.atchisonvillagecu.org/,2026-06-11
391,ESPEECO FEDERAL CREDIT UNION,Credit Union,Bakersfield,https://www.espeeco.org,11580,12367,NO,,—,Tiny CU ($12M); Visa debit only - no credit cards offered at all,—,,—,,—,—,UNKNOWN (no sweep row),UNKNOWN (no sweep row),UNKNOWN (no sweep row),UNKNOWN (no sweep row),Fresh screen (single pass; not in live re-verify set),https://www.espeeco.org/,2026-06-11
392,NORTHEAST COMMUNITY FEDERAL CREDIT UNION,Credit Union,San Francisco,https://www.necfcu.org,10355,15791,NO,,—,,—,CDFI with business accounts/loans but no business credit card listed; consumer cards only,—,,—,—,UNKNOWN (no sweep row),UNKNOWN (no sweep row),UNKNOWN (no sweep row),UNKNOWN (no sweep row),Fresh screen (single pass; not in live re-verify set),https://www.necfcu.org/,2026-06-11
393,COMUNIDAD LATINA FEDERAL CREDIT UNION,Credit Union,Santa Ana,https://www.clfcu.org/,8358,11186,NO,,—,No credit cards on site (vehicle/personal/payday loans only),—,,—,,—,—,UNKNOWN (no sweep row),UNKNOWN (no sweep row),UNKNOWN (no sweep row),UNKNOWN (no sweep row),Fresh screen (single pass; not in live re-verify set),https://www.clfcu.org/,2026-06-11
394,REDLANDS CITY EMPLOYEES FEDERAL CREDIT UNION,Credit Union,Redlands,https://www.redlandsfcu.org,7606,10291,NO,,—,$10M city-employee CU; no credit cards at all (personal or business) on site,—,,—,,—,—,UNKNOWN (no sweep row),UNKNOWN (no sweep row),UNKNOWN (no sweep row),UNKNOWN (no sweep row),Fresh screen (single pass; not in live re-verify set),https://www.redlandsfcu.org/,2026-06-11
395,L. A. MISSION FEDERAL CREDIT UNION,Credit Union,San Fernando,https://lamissionfcu.org,7522,8606,NO,,—,~$8.6M single-branch CU; services listed are auto/personal/payday/title loans and savings; no credit card program found at all,—,,—,,—,—,UNKNOWN (no sweep row),UNKNOWN (no sweep row),UNKNOWN (no sweep row),UNKNOWN (no sweep row),Fresh screen (single pass; not in live re-verify set),https://lamissionfcu.org/,2026-06-11
396,EPISCOPAL COMMUNITY FEDERAL CREDIT UNION,Credit Union,Los Angeles,https://www.episcopalcredit.org,6036,6625,NO,,—,No credit cards at all; offers church loans and business loans but only ATM/debit cards,—,,—,,—,—,UNKNOWN (no sweep row),UNKNOWN (no sweep row),UNKNOWN (no sweep row),UNKNOWN (no sweep row),Fresh screen (single pass; not in live re-verify set),https://www.episcopalcredit.org/,2026-06-11
397,DENOCOS FEDERAL CREDIT UNION,Credit Union,Crescent City,https://denocos.com,5322,6295,NO,,—,No credit cards offered (auto/personal/boat/RV loans + savings only); school-employee CU,—,[raw: N/A],N/A,,—,—,UNKNOWN (no sweep row),UNKNOWN (no sweep row),UNKNOWN (no sweep row),UNKNOWN (no sweep row),Fresh screen (single pass; not in live re-verify set),https://denocos.com/,2026-06-11
398,SAN FRANCISCO LEE FEDERAL CREDIT UNION,Credit Union,San Francisco,No official website found,5042,10746,NO,,—,Tiny family-based CU (Lee family Chinatown; open 3 part-days/wk); no card products surfaced,—,,—,,—,—,UNKNOWN (no sweep row),UNKNOWN (no sweep row),UNKNOWN (no sweep row),UNKNOWN (no sweep row),Fresh screen (single pass; not in live re-verify set),https://ncuso.org/credit-union/16547/; https://www.branchspot.com/san-francisco-lee-federal-credit-union/,2026-06-11
399,SANTA MARIA ASSOCIATED EMPLOYEES FEDERAL CREDIT UNION,Credit Union,Santa Maria,https://www.smcreditunion.org,4464,4918,NO,,—,,—,No credit card program at all (tiny $5M employee CU; loans + savings only),—,,—,—,UNKNOWN (no sweep row),UNKNOWN (no sweep row),UNKNOWN (no sweep row),UNKNOWN (no sweep row),Fresh screen (single pass; not in live re-verify set),https://www.smcreditunion.org/,2026-06-11
400,VALLEY AGRICULTURAL FEDERAL CREDIT UNION,Credit Union,Santa Paula,https://www.valleyagfcu.org/,4219,4755,NO,,—,No credit cards in nav (accounts/loans only); single-branch $5M CU,—,,—,,—,—,UNKNOWN (no sweep row),UNKNOWN (no sweep row),UNKNOWN (no sweep row),UNKNOWN (no sweep row),Fresh screen (single pass; not in live re-verify set),https://www.valleyagfcu.org/,2026-06-11
401,CHULA VISTA CITY EMPLOYEES FEDERAL CREDIT UNION,Credit Union,Chula Vista,https://www.cvcreditunion.com,2755,3161,NO,,—,$3M city-employee CU (~500 members); auto/payday-alternative loans + share drafts; no business services; site returned 503 on direct fetch - screened via directory profiles,—,,—,,—,—,UNKNOWN (no sweep row),UNKNOWN (no sweep row),UNKNOWN (no sweep row),UNKNOWN (no sweep row),Fresh screen (single pass; not in live re-verify set),https://www.cvcreditunion.com/ | https://ncuso.org/credit-union/18405/,2026-06-11
402,SUNKIST EMPLOYEES FEDERAL CREDIT UNION,Credit Union,Valencia,https://sunkistefcu.wixsite.com/sunkistefcu,2685,3959,NO,,—,~$4M SEG CU (616 members); personal Visa Credit Card Program only; no business products,—,,—,,—,—,UNKNOWN (no sweep row),UNKNOWN (no sweep row),UNKNOWN (no sweep row),UNKNOWN (no sweep row),Fresh screen (single pass; not in live re-verify set),https://sunkistefcu.wixsite.com/sunkistefcu,2026-06-11
403,U.S.B. EMPLOYEES FEDERAL CREDIT UNION,Credit Union,Wilmington,NONE FOUND (contact: usbefcu@sbcglobal.net),2571,3207,NO,,—,$2.3M micro-CU (~313 members); no website; savings + auto loans only,—,,—,,—,—,UNKNOWN (no sweep row),UNKNOWN (no sweep row),UNKNOWN (no sweep row),UNKNOWN (no sweep row),Fresh screen (single pass; not in live re-verify set),http://www.usacreditunions.com/u-s-b-employees-federal-credit-union-5960,2026-06-11
404,COLUMBUS CLUB FEDERAL CREDIT UNION,Credit Union,San Fernando,UNKNOWN (no website found; directory listings only),2131,3041,NO,,—,$7M single-branch CU; auto/mortgage loans only per directories; no credit card program found,—,[raw: N/A],N/A,,—,—,UNKNOWN (no sweep row),UNKNOWN (no sweep row),UNKNOWN (no sweep row),UNKNOWN (no sweep row),Fresh screen (single pass; not in live re-verify set),https://www.creditunionsonline.com/credit-union-4306.html,2026-06-11
405,FOUNTAIN VALLEY CREDIT UNION,Credit Union,Fountain Valley,No official website found,1509,1965,NO,,—,Micro CU ($2M assets ~200 members; city employee CU); no card products surfaced,—,,—,,—,—,UNKNOWN (no sweep row),UNKNOWN (no sweep row),UNKNOWN (no sweep row),UNKNOWN (no sweep row),Fresh screen (single pass; not in live re-verify set),https://ncuso.org/credit-union/64108/; https://dfpi.ca.gov/regulated_entity/fountain-valley-credit-union/,2026-06-11
406,"THE BANK OF NEW YORK MELLON TRUST COMPANY, NATIONAL ASSOCIATION",Bank,Los Angeles,https://www.bnymellon.com,1071,1391736,NO,,—,"BNY = institutional: custody/asset servicing ($59.4T AUC/A), wealth mgmt, treasury & payments, investment mgmt, capital markets; zero retail/business card products",—,No credit card products anywhere on corporate site; trust-company charter,No,,—,Not applicable,UNKNOWN,UNKNOWN,UNKNOWN,UNKNOWN,LIVE-CONFIRMS (corporate trust/custody; no cards; note: bnymellon.com now 301s to bny.com),https://www.bny.com/corporate/global/en.html,2026-06-11
407,MARYKNOLL OF L A FEDERAL CREDIT UNION,Credit Union,Los Angeles,No website found (directory listings only),1019,1152,NO,,—,,—,$1.2M / ~200-member religious-based CU; no website or card program found; phone (323) 708-3693,Call,,—,—,UNKNOWN (no sweep row),UNKNOWN (no sweep row),UNKNOWN (no sweep row),UNKNOWN (no sweep row),Fresh screen (single pass; not in live re-verify set),https://www.creditunionsonline.com/credit-union-6616.html,2026-06-11
408,MOJAVE PLANT EMPLOYEES FEDERAL CREDIT UNION,Credit Union,Mojave,None found (contact MPEFCU@LIVE.COM),817,1014,NO,,—,No working website found; 241-member $2M employer CU; directories list savings/loans only,—,,—,,—,—,UNKNOWN (no sweep row),UNKNOWN (no sweep row),UNKNOWN (no sweep row),UNKNOWN (no sweep row),Fresh screen (single pass; not in live re-verify set),https://www.creditunionsonline.com/credit-union-6917.html,2026-06-11
409,CAPITAL BANK AND TRUST COMPANY,Savings Institution (Federal Savings Bank),Irvine,https://www.capitalgroup.com (no standalone bank site; americanfunds.com redirects to capitalgroup.com),500,226431,NO,,NO,"Capital Group/American Funds captive trust & custody bank (collective investment trusts, retirement custodian, Coverdell ESAs); no retail banking, no cards",—,"n/a - trust/custody charter, no card program [raw: UNKNOWN]",No,,—,—,UNKNOWN,UNKNOWN,UNKNOWN,UNKNOWN,LIVE-CONFIRMS (captive trust & custody bank; no card),https://www.capitalgroup.com/individual/service-and-support/trust.html; https://smartasset.com/financial-advisor/capital-bank-and-trust-company-review,2026-06-11
410,LOS ANGELES LEE FEDERAL CREDIT UNION,Credit Union,Los Angeles,No confirmed website (leefcu.com returned 503 and is an unverified possible twin),493,645,NO,,—,Micro CU: ~$658K assets / ~67 members per NCUA profiles; savings/checking/auto loans only; no card program of any kind likely and none advertised,—,,—,,—,—,UNKNOWN (no sweep row),UNKNOWN (no sweep row),UNKNOWN (no sweep row),UNKNOWN (no sweep row),Fresh screen (single pass; not in live re-verify set),https://ncuso.org/credit-union/16570/ | https://www.creditunionsonline.com/credit-union-6478.html,2026-06-11
411,DELANCEY STREET FEDERAL CREDIT UNION,Credit Union,San Francisco,No official website found,353,498,NO,,—,"Tiny associational CU (~$488K assets, 93 members, tied to Delancey Street Foundation); checking/savings/ATM only; no credit card program",—,,—,,—,—,UNKNOWN (no sweep row),UNKNOWN (no sweep row),UNKNOWN (no sweep row),UNKNOWN (no sweep row),Fresh screen (single pass; not in live re-verify set),https://ncuso.org/credit-union/21393/; https://www.creditunionsonline.com/credit-union-4620.html,2026-06-11
412,JONES METHODIST CHURCH CREDIT UNION,Credit Union,Burlingame,NONE FOUND,209,257,NO,,—,$259k micro-CU (~300 members); savings + small loans only; Yelp lists branch as closed,—,,—,,—,—,UNKNOWN (no sweep row),UNKNOWN (no sweep row),UNKNOWN (no sweep row),UNKNOWN (no sweep row),Fresh screen (single pass; not in live re-verify set),https://www.creditunionsonline.com/credit-union-6093.html,2026-06-11
413,"BLACKROCK INSTITUTIONAL TRUST COMPANY, NATIONAL ASSOCIATION",Non-Depository Trust Bank,San Francisco,,0,4520258,NO,,—,Non-depository trust charter — no retail products (class rule),—,—,—,,—,—,UNKNOWN (no sweep row),UNKNOWN (no sweep row),UNKNOWN (no sweep row),UNKNOWN (no sweep row),Class rule applied — not individually screened,https://www.ibanknet.com/scripts/callreports/getbank.aspx?ibnid=usa_1444021,2026-06-10 (cache sweep)
414,DEUTSCHE BANK NATIONAL TRUST COMPANY,Non-Depository Trust Bank,Los Angeles,,0,553623,NO,,—,Non-depository trust charter — no retail products (class rule),—,—,—,,—,—,UNKNOWN (no sweep row),UNKNOWN (no sweep row),UNKNOWN (no sweep row),UNKNOWN (no sweep row),Class rule applied — not individually screened,https://www.ibanknet.com/scripts/callreports/getbank.aspx?ibnid=usa_670560,2026-06-10 (cache sweep)
415,"BESSEMER TRUST COMPANY OF CALIFORNIA, NATIONAL ASSOCIATION",Non-Depository Trust Bank,San Francisco,,0,14961,NO,,—,Non-depository trust charter — no retail products (class rule),—,—,—,,—,—,UNKNOWN (no sweep row),UNKNOWN (no sweep row),UNKNOWN (no sweep row),UNKNOWN (no sweep row),Class rule applied — not individually screened,https://www.ibanknet.com/scripts/callreports/getbank.aspx?ibnid=usa_2845782,2026-06-10 (cache sweep)
416,HAVEN FEDERAL CREDIT UNION,Credit Union,San Francisco,UNKNOWN (de novo; no public site found),0,0,NO,,—,De novo CU chartered Dec 2025 (NCUA 3rd of 2025); focus on homeownership/financial literacy; no card products yet,—,[raw: N/A],N/A,,—,—,UNKNOWN (no sweep row),UNKNOWN (no sweep row),UNKNOWN (no sweep row),UNKNOWN (no sweep row),Fresh screen (single pass; not in live re-verify set),https://ncua.gov/newsroom/press-release/2025/ncua-charters-haven-federal-credit-union,2026-06-11
417,CIBC National Trust Company,Out-of-state bank with CA branches (SOD),Atlanta,https://us.cibc.com,0,398477,NO,,—,National trust-charter entity (Atlanta GA; trust/fiduciary/custody only per FDIC/FFIEC); no lending or card powers exercised; us.cibc.com fetch-blocked 2026-06-11,—,Trust charter; any CIBC US card sits with CIBC Bank USA (separate charter) not this entity [raw: NONE],—,,—,—,"Pull: UNKNOWN (parent CIBC does pull, 4 DPs) [v6 existing cell] (https://www.doctorofcredit.com/banks-credit-unions-dodont-pull-chexsystems/)",UNKNOWN,UNKNOWN,UNKNOWN,LIVE-CONFIRMS (via FDIC BankFind/FFIEC profile; site fetch-blocked),https://banks.data.fdic.gov/bankfind-suite/bankfind/details/91325 | https://www.ffiec.gov/npw/Institution/Profile/975751,2026-06-11
418,First Western Trust Bank,Out-of-state bank with CA branches (SOD),Denver,https://myfw.com,0,3238793,YES,https://myfw.com/treasury-management/,NO (none shown; corporate card via Treasury Mgmt),Corporate Credit Card + Purchase Card under Treasury Management; terms not published; /credit-cards/ page 404s; $250K private-bank gate from prior not visible live,Elan,Live TM page silent on issuer; prior Elan attribution stands (Elan storefront 404 per prior); no contradicting evidence,Contact/banker,https://myfw.com/contact/ (no online card app),—,—,N/M (HNW manual onboarding; no DPs) [v6 existing cell],UNKNOWN,UNKNOWN,UNKNOWN,PRIOR-RICHER (live confirms corporate card exists via Treasury Mgmt; Elan attribution + deposit gate from prior only),https://myfw.com/treasury-management/,2026-06-11
419,"Wilmington Trust, National Association",Out-of-state bank with CA branches (SOD),Wilmington,https://www.wilmingtontrust.com,0,759503,NO,—,—,"Live: two service lines only — Institutional (corporate trust & agency, custody, investment mgmt) and Wealth Management; site states loans/credit cards/deposits 'are offered by M&T Bank' (parent), not by Wilmington Trust",—,"Live wilmingtontrust.com disclosure: 'Loans, credit cards, retail and business deposits... offered by M&T Bank' [raw: None (card products sit at parent M&T Bank)]",No,—,—,—,UNKNOWN,UNKNOWN,UNKNOWN,UNKNOWN,LIVE-CONFIRMS,https://www.wilmingtontrust.com,2026-06-11
420,The Bank of New York Mellon,Out-of-state bank with CA branches (SOD),New York,https://www.bny.com,0,467349000,NO,,—,Custody/wealth/corporate bank; no business credit card product; only debit/ATM & prepaid programs,—,,—,,—,—,UNKNOWN (no sweep row),UNKNOWN (no sweep row),UNKNOWN (no sweep row),UNKNOWN (no sweep row),Fresh screen (single pass; not in live re-verify set),https://www.bny.com/wealth/global/en/cards.html,2026-06-11
421,"LendingClub Bank, National Association",Out-of-state bank with CA branches (SOD),Lehi,https://www.lendingclub.com,0,11845708,NO,,—,,—,No business CREDIT card; offers business checking (Tailored Checking) with cash-back DEBIT card instead; personal loans are core product,—,,—,—,UNKNOWN (no sweep row),UNKNOWN (no sweep row),UNKNOWN (no sweep row),UNKNOWN (no sweep row),Fresh screen (single pass; not in live re-verify set),https://www.lendingclub.com/help/small-business-faq,2026-06-11
422,"BNY Mellon, National Association",Out-of-state bank with CA branches (SOD),Pittsburgh,https://www.bny.com,0,30917000,NO,,—,Wealth/private-banking + trust charter; BNY cards page lists ATM/debit Mastercard only; banking/credit services for wealth clients — no business credit card product,—,bny.com/wealth cards page = debit/ATM only; no credit card issuance under this charter found [raw: N/M],N/M,,N/M,N/M,UNKNOWN,UNKNOWN,UNKNOWN,UNKNOWN,LIVE-CONFIRMS (no business credit card; trust/wealth charter; debit only),https://www.bny.com/wealth/global/en/cards.html,2026-06-11
423,WOORI BK LA BR,Foreign Banking Organization (USB),Los Angeles,,N/A,7461409,NO,,—,No retail business cards — FFIEC-002 foreign bank office (class rule),—,—,—,,—,—,UNKNOWN (no sweep row),UNKNOWN (no sweep row),UNKNOWN (no sweep row),UNKNOWN (no sweep row),Class rule applied — not individually screened,https://www.ibanknet.com/scripts/callreports/getbank.aspx?ibnid=usa_44769,2026-06-10 (cache sweep)
424,MUFG BK LOS ANGELES BR,Foreign Banking Organization (UFB),Los Angeles,,N/A,3913711,NO,,—,No retail business cards — FFIEC-002 foreign bank office (class rule),—,—,—,,—,—,UNKNOWN (no sweep row),UNKNOWN (no sweep row),UNKNOWN (no sweep row),UNKNOWN (no sweep row),Class rule applied — not individually screened,https://www.ibanknet.com/scripts/callreports/getbank.aspx?ibnid=usa_112967,2026-06-10 (cache sweep)
425,BANK OF CHINA LA BR,Foreign Banking Organization (UFB),Los Angeles,,N/A,3138633,NO,,—,No retail business cards — FFIEC-002 foreign bank office (class rule),—,—,—,,—,—,UNKNOWN (no sweep row),UNKNOWN (no sweep row),UNKNOWN (no sweep row),UNKNOWN (no sweep row),Class rule applied — not individually screened,https://www.ibanknet.com/scripts/callreports/getbank.aspx?ibnid=usa_1218361,2026-06-10 (cache sweep)
426,ADYEN NV SAN FRANCISCO BR,Foreign Banking Organization (UFB),San Francisco,,N/A,2376702,NO,,—,No retail business cards — FFIEC-002 foreign bank office (class rule),—,—,—,,—,—,UNKNOWN (no sweep row),UNKNOWN (no sweep row),UNKNOWN (no sweep row),UNKNOWN (no sweep row),Class rule applied — not individually screened,https://www.ibanknet.com/scripts/callreports/getbank.aspx?ibnid=usa_5616273,2026-06-10 (cache sweep)
427,E SUN CMRL BK LOS ANGELES BR,Foreign Banking Organization (USB),City Of Industry,,N/A,2293367,NO,,—,No retail business cards — FFIEC-002 foreign bank office (class rule),—,—,—,,—,—,UNKNOWN (no sweep row),UNKNOWN (no sweep row),UNKNOWN (no sweep row),UNKNOWN (no sweep row),Class rule applied — not individually screened,https://www.ibanknet.com/scripts/callreports/getbank.aspx?ibnid=usa_2929851,2026-06-10 (cache sweep)
428,BANK OF E ASIA LA BR,Foreign Banking Organization (UFB),Alhambra,,N/A,1547894,NO,,—,No retail business cards — FFIEC-002 foreign bank office (class rule),—,—,—,,—,—,UNKNOWN (no sweep row),UNKNOWN (no sweep row),UNKNOWN (no sweep row),UNKNOWN (no sweep row),Class rule applied — not individually screened,https://www.ibanknet.com/scripts/callreports/getbank.aspx?ibnid=usa_1858990,2026-06-10 (cache sweep)
429,LAND BK OF TAIWAN LA BR,Foreign Banking Organization (USB),Los Angeles,,N/A,1426734,NO,,—,No retail business cards — FFIEC-002 foreign bank office (class rule),—,—,—,,—,—,UNKNOWN (no sweep row),UNKNOWN (no sweep row),UNKNOWN (no sweep row),UNKNOWN (no sweep row),Class rule applied — not individually screened,https://www.ibanknet.com/scripts/callreports/getbank.aspx?ibnid=usa_2614009,2026-06-10 (cache sweep)
430,FIRST CMRL BK LA BR,Foreign Banking Organization (USB),Los Angeles,,N/A,1344900,NO,,—,No retail business cards — FFIEC-002 foreign bank office (class rule),—,—,—,,—,—,UNKNOWN (no sweep row),UNKNOWN (no sweep row),UNKNOWN (no sweep row),UNKNOWN (no sweep row),Class rule applied — not individually screened,https://www.ibanknet.com/scripts/callreports/getbank.aspx?ibnid=usa_1438963,2026-06-10 (cache sweep)
431,CHANG HWA CMRL BK LA BR,Foreign Banking Organization (USB),Los Angeles,,N/A,1340859,NO,,—,No retail business cards — FFIEC-002 foreign bank office (class rule),—,—,—,,—,—,UNKNOWN (no sweep row),UNKNOWN (no sweep row),UNKNOWN (no sweep row),UNKNOWN (no sweep row),Class rule applied — not individually screened,https://www.ibanknet.com/scripts/callreports/getbank.aspx?ibnid=usa_1488771,2026-06-10 (cache sweep)
432,STATE BK OF INDIA LA BR,Foreign Banking Organization (USB),Los Angeles,,N/A,1267285,NO,,—,No retail business cards — FFIEC-002 foreign bank office (class rule),—,—,—,,—,—,UNKNOWN (no sweep row),UNKNOWN (no sweep row),UNKNOWN (no sweep row),UNKNOWN (no sweep row),Class rule applied — not individually screened,https://www.ibanknet.com/scripts/callreports/getbank.aspx?ibnid=usa_116068,2026-06-10 (cache sweep)
433,BANK SINOPAC LA BR,Foreign Banking Organization (USB),Pasadena,,N/A,1141570,NO,,—,No retail business cards — FFIEC-002 foreign bank office (class rule),—,—,—,,—,—,UNKNOWN (no sweep row),UNKNOWN (no sweep row),UNKNOWN (no sweep row),UNKNOWN (no sweep row),Class rule applied — not individually screened,https://www.ibanknet.com/scripts/callreports/getbank.aspx?ibnid=usa_2826062,2026-06-10 (cache sweep)
434,HUA NAN CMRL BK LA BR,Foreign Banking Organization (USB),Los Angeles,,N/A,1088880,NO,,—,No retail business cards — FFIEC-002 foreign bank office (class rule),—,—,—,,—,—,UNKNOWN (no sweep row),UNKNOWN (no sweep row),UNKNOWN (no sweep row),UNKNOWN (no sweep row),Class rule applied — not individually screened,https://www.ibanknet.com/scripts/callreports/getbank.aspx?ibnid=usa_1437014,2026-06-10 (cache sweep)
435,TAIWAN CO-OP BK LA BR,Foreign Banking Organization (USB),Los Angeles,,N/A,961279,NO,,—,No retail business cards — FFIEC-002 foreign bank office (class rule),—,—,—,,—,—,UNKNOWN (no sweep row),UNKNOWN (no sweep row),UNKNOWN (no sweep row),UNKNOWN (no sweep row),Class rule applied — not individually screened,https://www.ibanknet.com/scripts/callreports/getbank.aspx?ibnid=usa_2361077,2026-06-10 (cache sweep)
436,BANK OF TAIWAN LA BR,Foreign Banking Organization (USB),Los Angeles,,N/A,916923,NO,,—,No retail business cards — FFIEC-002 foreign bank office (class rule),—,—,—,,—,—,UNKNOWN (no sweep row),UNKNOWN (no sweep row),UNKNOWN (no sweep row),UNKNOWN (no sweep row),Class rule applied — not individually screened,https://www.ibanknet.com/scripts/callreports/getbank.aspx?ibnid=usa_2045809,2026-06-10 (cache sweep)
437,MEGA INTL CMRL BK LA BR,Foreign Banking Organization (USB),Los Angeles,,N/A,913677,NO,,—,No retail business cards — FFIEC-002 foreign bank office (class rule),—,—,—,,—,—,UNKNOWN (no sweep row),UNKNOWN (no sweep row),UNKNOWN (no sweep row),UNKNOWN (no sweep row),Class rule applied — not individually screened,https://www.ibanknet.com/scripts/callreports/getbank.aspx?ibnid=usa_683663,2026-06-10 (cache sweep)
438,MEGA INTL CMRL SILICON VALL BR,Foreign Banking Organization (USB),San Jose,,N/A,835263,NO,,—,No retail business cards — FFIEC-002 foreign bank office (class rule),—,—,—,,—,—,UNKNOWN (no sweep row),UNKNOWN (no sweep row),UNKNOWN (no sweep row),UNKNOWN (no sweep row),Class rule applied — not individually screened,https://www.ibanknet.com/scripts/callreports/getbank.aspx?ibnid=usa_1395374,2026-06-10 (cache sweep)
439,TAIWAN BUS BK LA BR,Foreign Banking Organization (USB),Los Angeles,,N/A,749822,NO,,—,No retail business cards — FFIEC-002 foreign bank office (class rule),—,—,—,,—,—,UNKNOWN (no sweep row),UNKNOWN (no sweep row),UNKNOWN (no sweep row),UNKNOWN (no sweep row),Class rule applied — not individually screened,https://www.ibanknet.com/scripts/callreports/getbank.aspx?ibnid=usa_2066121,2026-06-10 (cache sweep)
440,SHANGHAI CMRL BK SF BR,Foreign Banking Organization (USB),San Francisco,,N/A,614107,NO,,—,No retail business cards — FFIEC-002 foreign bank office (class rule),—,—,—,,—,—,UNKNOWN (no sweep row),UNKNOWN (no sweep row),UNKNOWN (no sweep row),UNKNOWN (no sweep row),Class rule applied — not individually screened,https://www.ibanknet.com/scripts/callreports/getbank.aspx?ibnid=usa_748665,2026-06-10 (cache sweep)
441,CHINA CITIC BK INTL LA BR,Foreign Banking Organization (UFB),Alhambra,,N/A,542745,NO,,—,No retail business cards — FFIEC-002 foreign bank office (class rule),—,—,—,,—,—,UNKNOWN (no sweep row),UNKNOWN (no sweep row),UNKNOWN (no sweep row),UNKNOWN (no sweep row),Class rule applied — not individually screened,https://www.ibanknet.com/scripts/callreports/getbank.aspx?ibnid=usa_806864,2026-06-10 (cache sweep)
442,SHANGHAI CMRL BK LA BR,Foreign Banking Organization (USB),Alhambra,,N/A,338338,NO,,—,No retail business cards — FFIEC-002 foreign bank office (class rule),—,—,—,,—,—,UNKNOWN (no sweep row),UNKNOWN (no sweep row),UNKNOWN (no sweep row),UNKNOWN (no sweep row),Class rule applied — not individually screened,https://www.ibanknet.com/scripts/callreports/getbank.aspx?ibnid=usa_1869352,2026-06-10 (cache sweep)
443,BANK OF CMNTNS SF BR,Foreign Banking Organization (UFB),San Francisco,,N/A,220896,NO,,—,No retail business cards — FFIEC-002 foreign bank office (class rule),—,—,—,,—,—,UNKNOWN (no sweep row),UNKNOWN (no sweep row),UNKNOWN (no sweep row),UNKNOWN (no sweep row),Class rule applied — not individually screened,https://www.ibanknet.com/scripts/callreports/getbank.aspx?ibnid=usa_4357225,2026-06-10 (cache sweep)
444,CMB WING LUNG BK LA BR,Foreign Banking Organization (UFB),Irvine,,N/A,146587,NO,,—,No retail business cards — FFIEC-002 foreign bank office (class rule),—,—,—,,—,—,UNKNOWN (no sweep row),UNKNOWN (no sweep row),UNKNOWN (no sweep row),UNKNOWN (no sweep row),Class rule applied — not individually screened,https://www.ibanknet.com/scripts/callreports/getbank.aspx?ibnid=usa_571564,2026-06-10 (cache sweep)
445,BANK OF INDIA SF AGY,Foreign Banking Organization (USA),San Francisco,,N/A,138714,NO,,—,No retail business cards — FFIEC-002 foreign bank office (class rule),—,—,—,,—,—,UNKNOWN (no sweep row),UNKNOWN (no sweep row),UNKNOWN (no sweep row),UNKNOWN (no sweep row),Class rule applied — not individually screened,https://www.ibanknet.com/scripts/callreports/getbank.aspx?ibnid=usa_731667,2026-06-10 (cache sweep)
446,CMB WING LUNG BK SF BR,Foreign Banking Organization (UFB),San Francisco,,N/A,131405,NO,,—,No retail business cards — FFIEC-002 foreign bank office (class rule),—,—,—,,—,—,UNKNOWN (no sweep row),UNKNOWN (no sweep row),UNKNOWN (no sweep row),UNKNOWN (no sweep row),Class rule applied — not individually screened,https://www.ibanknet.com/scripts/callreports/getbank.aspx?ibnid=usa_4725141,2026-06-10 (cache sweep)
447,PHILIPPINE NB LA BR,Foreign Banking Organization (USB),Los Angeles,,N/A,49496,NO,,—,No retail business cards — FFIEC-002 foreign bank office (class rule),—,—,—,,—,—,UNKNOWN (no sweep row),UNKNOWN (no sweep row),UNKNOWN (no sweep row),UNKNOWN (no sweep row),Class rule applied — not individually screened,https://www.ibanknet.com/scripts/callreports/getbank.aspx?ibnid=usa_746568,2026-06-10 (cache sweep)
448,SUMITOMO MITSUI BKG CORP LA BR,Foreign Banking Organization (USB),Los Angeles,,N/A,3063,NO,,—,No retail business cards — FFIEC-002 foreign bank office (class rule),—,—,—,,—,—,UNKNOWN (no sweep row),UNKNOWN (no sweep row),UNKNOWN (no sweep row),UNKNOWN (no sweep row),Class rule applied — not individually screened,https://www.ibanknet.com/scripts/callreports/getbank.aspx?ibnid=usa_1163162,2026-06-10 (cache sweep)
449,MIZUHO BK LOS ANGELES BR,Foreign Banking Organization (USB),Los Angeles,,N/A,2067,NO,,—,No retail business cards — FFIEC-002 foreign bank office (class rule),—,—,—,,—,—,UNKNOWN (no sweep row),UNKNOWN (no sweep row),UNKNOWN (no sweep row),UNKNOWN (no sweep row),Class rule applied — not individually screened,https://www.ibanknet.com/scripts/callreports/getbank.aspx?ibnid=usa_109565,2026-06-10 (cache sweep)
450,OVERSEA-CHINESE BKG LA AGY,Foreign Banking Organization (USA),Los Angeles,,N/A,1134,NO,,—,No retail business cards — FFIEC-002 foreign bank office (class rule),—,—,—,,—,—,UNKNOWN (no sweep row),UNKNOWN (no sweep row),UNKNOWN (no sweep row),UNKNOWN (no sweep row),Class rule applied — not individually screened,https://www.ibanknet.com/scripts/callreports/getbank.aspx?ibnid=usa_1418107,2026-06-10 (cache sweep)
451,SUMITOMO MITSUI BKG CORP SF BR,Foreign Banking Organization (USB),San Francisco,,N/A,0,NO,,—,No retail business cards — FFIEC-002 foreign bank office (class rule),—,—,—,,—,—,UNKNOWN (no sweep row),UNKNOWN (no sweep row),UNKNOWN (no sweep row),UNKNOWN (no sweep row),Class rule applied — not individually screened,https://www.ibanknet.com/scripts/callreports/getbank.aspx?ibnid=usa_875365,2026-06-10 (cache sweep)
