TIER,WEIGHT,Bank,City,CERT,Deposits_$K,CardLoans_$K,RAIL,Card_products,Application_link,Apply_method,BizCard_page_URL,Confidence,Rail_evidence,Source_links
1. SELF-UNDERWRITTEN (card loans on own books),90,Nicolet National Bank,Green Bay,57038,13114848,14802,SELF,Nicolet Bank Business Credit Card (SpendTrack platform); personal: Classic/Nicolet/Rewards,https://nicolet.my.salesforce-sites.com/creditcardapplication,Online self-serve or branch,https://www.nicoletbank.com/nicolet-bank-spendtrack-digital-platform,INFERRED,"Own-brand cards; own page states ""Nicolet Bank Business Credit Cards feature the SpendTrack Digital Platform"" (SpendTrack = Fiserv commercial-card platform used by self-issuing banks); online application hosted on bank's own Salesforce portal nicolet.my.salesforce-sites.com; no third-party issuer named",https://www.nicoletbank.com/nicolet-bank-spendtrack-digital-platform | https://www.nicoletbank.com/personal-banking/credit-cards
1. SELF-UNDERWRITTEN (card loans on own books),85,"Bank First, N.A.",Manitowoc,5304,5133172,6203,SELF,First Business Rewards; First Business Rewards Elite,,"Branch/Relationship Manager (""contact a Relationship Manager at your local office"") - no online app",https://bankfirst.com/business-credit-cards.html,VERIFIED-own-page,"Own-page names Bank First as creditor: ""Bank First N.A. account relationship(s) are considered for qualifications for credit card products."" Card portal onlinebanking.firstdata.com/ecs/bank-first (Fiserv) + UChooseRewards.com. No TCM/TIB/Elan/CorServ anywhere.",https://bankfirst.com/business-credit-cards.html | https://bankfirst.com/credit-cards.html
1. SELF-UNDERWRITTEN (card loans on own books),100,Lake Ridge Bank,Middleton,15091,2764955,7081,SELF,"VISA Business Credit Card (no-annual-fee, 0% intro 6 mo, cash back or points)",https://lrb.onlineportalnow.com/#/login/email,online,https://www.lakeridge.bank/business/accounts-and-cards/accounts/credit-cards/,VERIFIED-own-page,No TCM/mycommunitycc reference. 'Apply Online Today' button -> https://lrb.onlineportalnow.com/#/login/email (bank-branded subdomain); card management via https://spendtrack.fiservapp.com/lake-ridge-bank/login (Fiserv SpendTrack). No third-party issuer disclosure on page.,https://www.lakeridge.bank/business/accounts-and-cards/accounts/credit-cards/ | https://www.lakeridge.bank/business/accounts-and-cards/accounts/credit-cards/spendtrack/
1. SELF-UNDERWRITTEN (card loans on own books),75,National Exchange Bank and Trust,Fond Du Lac,10044,2317148,3230,SELF,Business Visa Credit Card; Business Visa CheckCard (ScoreCard Rewards),None - branch/phone only (920-921-7700),Branch/phone,https://nebat.com/business-card-services.html,VERIFIED-own-page,"Own page offers ""Business Visa Credit Card"" with ScoreCard Rewards and eZCard/ezbusiness card management (Fiserv self-issuer stack); no TCM/Elan/TIB/CorServ reference anywhere; apply = ""Contact your local office!""",https://nebat.com/business-card-services.html | https://nebat.com/credit-cards.html | https://nebat.com/sft1798/nebat_businessvisacreditcardprogram.pdf
1. SELF-UNDERWRITTEN (card loans on own books),71,One Community Bank,Oregon,22334,1997100,1824,SELF,Business VISA credit card (ScoreCard rewards); VISA Platinum (consumer),NOT-FOUND (contact bank; no online application published),Branch/contact-us (608-838-3141) - no online self-serve application,https://onecommunity.bank/business/other-services/,INFERRED,No TCM/Elan/TIB domain or disclosure anywhere; cardholder servicing at mycardstatement.com and rewards at scorecardrewards.com (Fiserv) = bank's own agent program. No third-party apply domain found.,https://onecommunity.bank/business/other-services/ | https://onecommunity.bank/personal/consumer-loans/credit-cards/
1. SELF-UNDERWRITTEN (card loans on own books),96,Horicon Bank,Horicon,11236,1443770,790,SELF,HB Rewards Credit Card (Visa Business; ScoreCard Rewards),https://www.horiconbank.com/sft1492/businesscreditcardapplication.pdf,PDF application - secure message to CreditCard@horiconbank.com / drop off / mail (no online self-serve),https://www.horiconbank.com/business-credit-cards.html,VERIFIED-own-page,Own biz card page names no third-party issuer; links only to mycardstatement.com and scorecardrewards.com (Fiserv) and a Horicon-hosted PDF application. No mycommunitycc.com / cardaccount.net / Elan text.,https://www.horiconbank.com/business-credit-cards.html
1. SELF-UNDERWRITTEN (card loans on own books),92,The Farmers & Merchants Bank,Berlin,15779,822608,1061,SELF,Farmers & Merchants Bank Visa Credit Card (no separate business card advertised),https://loans.fmberlin.com/default.aspx,Online self-serve (bank's own loan portal) / branch,https://www.fmberlin.com/loans/credit-cards/,VERIFIED-own-page,"Own credit-card page markets only ""Farmers & Merchants Bank Visa Credit Card"" serviced at mycardstatement.com + scorecardrewards.com (Fiserv self-issuer stack); apply link is bank's own loans.fmberlin.com portal; no TCM/Elan/TIB/CorServ reference; NOTE: no dedicated BUSINESS credit card product advertised on site",https://www.fmberlin.com/loans/credit-cards/ | https://www.fmberlin.com/services/card-services/
1. SELF-UNDERWRITTEN (card loans on own books),77,Bank of Prairie du Sac,Prairie Du Sac,14660,654407,583,SELF,Secure Freedom Visa Business credit card,,Branch/phone (in-office application; 608.643.3393) - no online application,https://bankpds.com/business-credit-cards.html,VERIFIED-own-page,"Own business-card page names no third-party issuer; cardholder servicing at mycardstatement.com (Fiserv/First Data portal used for bank-issued programs). Page states ""Applications, servicing, and payments are all offered in our office."" No mycommunitycc.com / TCM Bank / TIB / Elan / CorServ reference.",https://bankpds.com/business-credit-cards.html | https://bankpds.com/credit-cards.html
1. SELF-UNDERWRITTEN (card loans on own books),67,WOODTRUST BANK,Wisconsin Rapids,5335,574444,1561,SELF,Corporate credit cards; Classic and Gold credit cards (consumer); ScoreCard rewards,NOT-FOUND (no online application; call Banking Services 715.423.7600),Branch/phone - no online self-serve application,https://www.woodtrust.com/business-banking/,INFERRED,"Own site markets ""corporate credit cards"" in Business Banking with no third-party issuer disclosure; Card Services Support page links only scorecardrewards.com (Fiserv) and gives in-house credit card service line 800.221.5920. Consumer card rates quoted as Prime+5.9%/+4.9% (bank-set pricing). No mycommunitycc.com / TCM Bank text / Elan / cardaccount.net anywhere.",https://www.woodtrust.com/business-banking/ | https://woodtrust.com/card_services_support.asp
1. SELF-UNDERWRITTEN (card loans on own books),92,Citizens State Bank of La Crosse,La Crosse,1513,531107,1429,SELF,Citizens State Bank Visa Business Credit Card,https://citizensstatebank.us/business-visa-credit-card-application-form,Online self-serve (own form) or PDF/branch,https://citizensstatebank.us/business-banking/lending/credit-cards,VERIFIED-own-page,"Own business-card page markets ""Citizens State Bank Visa Credit Card"" (business version) with online application hosted on bank's own domain (/business-visa-credit-card-application-form) plus downloadable PDF; servicing via mycardstatement.com + scorecardrewards.com + Card Suite Pro (FIS/Fiserv self-issuer stack); no TCM/Elan/TIB/CorServ named",https://citizensstatebank.us/business-banking/lending/credit-cards | https://citizensstatebank.us/personal-banking/lending/credit-cards
1. SELF-UNDERWRITTEN (card loans on own books),73,First State Bank,New London,15271,456425,840,SELF,Visa Platinum Business Cash Rewards; Visa Platinum Business Rewards; Visa Platinum Business,,"Branch/phone (contact a Business Banker, 800-994-2500; paper application) - no online application",https://www.bankfirststate.com/business/loans/credit-cards,VERIFIED-own-page,"No third-party issuer anywhere on own card pages. Bank credit card application PDF is titled ""First State Bank Personal Credit Card Application Disclosures"" and instructs: ""Please return completed application to your local First State Bank office or mail to First State Bank, PO Box 268, New London, WI 54961."" Servicing mycardstatement.com + ScoreCardRewards.com (Fiserv). No TCM/mycommunitycc.com, no TIB/cardaccount.net, no Elan.",https://www.bankfirststate.com/business/loans/credit-cards | https://www.bankfirststate.com/assets/files/wDfRteoQ
1. SELF-UNDERWRITTEN (card loans on own books),63,Waumandee State Bank,Waumandee,10384,303517,317,SELF,Waumandee State Bank Mastercard (no separately branded business card page; loan officer advises on card types offered),,"Branch/loan officer (""Contact one of our loan officers to find out about the types of cards we offer and fill out an application"")",https://www.waumandeebank.com/personal/services/credit-cards,VERIFIED-own-page,"Bank is its own issuer: card disclosure PDF is headed ""Waumandee State Bank MasterCard"" and the agreement reads ""This Consumer Credit Card Agreement describes terms and conditions of your consumer credit card account with Waumandee State Bank"". Servicing via First Data/Fiserv ECS portal onlinebanking.firstdata.com/ecs/auth/?cid=AAAA6481001. No TCM/mycommunitycc.com, no TIB/cardaccount.net, no Elan.",https://www.waumandeebank.com/personal/services/credit-cards | https://www.waumandeebank.com/Credit-Cards | https://www.waumandeebank.com/uploads/userfiles/files/documents/Final-WSB-Mastercard-Disclosures-1-27-2022.pdf
1. SELF-UNDERWRITTEN (card loans on own books),53,"Clare Bank, National Association",Platteville,1022,286713,239,SELF,No credit card product advertised (legacy self-issued card servicing implied),None - no online application; branch only,Branch/phone,https://www.clarebank.com/faqs/,INFERRED,"No credit card product page anywhere on clarebank.com (nav covers checking, money market, consumer/mortgage/home-equity, business & ag loans only). Only card reference is FAQ: ""For after hours credit card support, please call 1-800-423-7503"" (Fiserv/FIS ScoreCard-stack support line, not TCM's 1-800-883-0131). No TCM/mycommunitycc/Elan/TIB/CorServ anywhere. No BUSINESS credit card advertised",https://www.clarebank.com/ | https://www.clarebank.com/faqs/ | https://www.clarebank.com/business-ag/business-loan/
1. SELF-UNDERWRITTEN (card loans on own books),63,Citizens First Bank,Viroqua,13032,282194,355,SELF,Business Credit Card (Visa); personal Visa Classic Credit Card,None published - apply in person at a branch,Branch/in-person with a loan officer (no online application),https://www.citizensfirstbank.net/business-banking/business-lending/business-credit-cards,INFERRED,"NOT TCM. Own business-credit-card page names no third-party issuer and has no apply link; own personal credit-card page publishes the bank's own APR (Prime-based) and fee schedule (cash advance $5 or 2%, late up to $20) and gives activation/lost-card line 1-800-543-5073. No mycommunitycc.com / creditcardlearnmore.com / mycardapply.com / cardaccount.net links anywhere on site. Consistent with an in-house (on-us) Visa program; third-party rail not disclosed",https://www.citizensfirstbank.net/business-banking/business-lending/business-credit-cards | https://www.citizensfirstbank.net/personal-banking/cards/credit-cards
1. SELF-UNDERWRITTEN (card loans on own books),63,Bay Bank,Green Bay,34052,259308,488,SELF,Visa Credit Card - Classic and Gold (personal only; no business card),"None - """"Contact a personal banker today to discuss your options.""""",Branch/phone,https://www.baybankgb.com/card-services/,VERIFIED-own-page,"Own Card Services page offers only ""Visa Credit Card"" Classic and Gold tiers, ""manage your card, pay your bill and view transactions at www.mycardstatement.com"", lost/stolen 1-800-423-7503 (Fiserv/FIS line, not TCM's 1-800-883-0131). No TCM/mycommunitycc/Elan/TIB/CorServ named. No BUSINESS credit card product on site (business pages = checking, savings, loans only)",https://www.baybankgb.com/card-services/ | https://www.baybankgb.com/business-loans/
1. SELF-UNDERWRITTEN (card loans on own books),59,KeySavings Bank,Wisconsin Rapids,29691,95223,1,SELF,Business Platinum (no annual fee); Business Cash Back Rewards ($79 fee,https://cdepartment.secure.force.com/credit?name=https://www.keysavingsbank.com/, 1% cash back),https://www.keysavingsbank.com/business-govt-non-profit-credit-card/,Online self-serve application portal or phone (715-423-6460 / 715-325-7900),"NOT TCM. Own business/govt/non-profit credit card page names no third-party issuer; pricing is bank-set (Prime +12% / +10%) and servicing is Fiserv SpendTrack. Apply portal is cdepartment.secure.force.com/credit (ServisFirst correspondent card rail, same family as app.ccdepartment.com). No mycommunitycc.com / cardaccount.net / Elan text.",VERIFIED-own-page
1. SELF-UNDERWRITTEN (card loans on own books),59,Community First Bank,Rosholt,12512,83412,465,SELF,CFB MASTERCARD / VISA credit card (business and consumer),"None online - """"Apply today"""" via branch; no direct apply URL",Branch/phone,https://www.cfbwi.bank/business/lending,VERIFIED-own-page,"Own business lending page: ""Our MASTERCARD/VISA program offers customers the convenience of accessing small loan requests quickly"" - bank-run program with servicing at www.mycardstatement.com and rewards at www.scorecardrewards.com (Fiserv/FIS self-issuer stack), plus its own Credit Card Disclosure PDF. No TCM/mycommunitycc/Elan/TIB/CorServ named",https://www.cfbwi.bank/business/lending | https://www.cfbwi.bank/individual/loans-and-mortgages
1. SELF-UNDERWRITTEN (card loans on own books),74,"Park Bank, National Association",Holmen,13054,62873,184,SELF,Park Bank Business Visa Credit Card,https://app.consumer.meridianlink.com/apply.aspx?enc=Kw21Wblm1yxpjJabdoZaD9R6Tulx1-0007HkTuJYGCRnpSG01uoFuvceg8t31I-yysYWfVtvsELUnCxbbLPmXw,Online self-serve (bank's own MeridianLink app) or phone 608-793-5505,https://www.parkbank.bank/Pages/business_services.html,INFERRED,"Own Business Services page markets ""The Park Bank Business Visa Credit or Debit Card"" with ""Online credit card management at MyCardStatement.com"" and business support at 608-793-5505; applications run through the bank's own MeridianLink portal (app.consumer.meridianlink.com). No TCM Bank/mycommunitycc/cRewards/Elan/TIB/CorServ marker anywhere on site",https://www.parkbank.bank/Pages/business_services.html | https://www.parkbank.bank/Pages/personal-banking.html
2. SELF-UNDERWRITTEN (no card paper - re-verify),88,East Wisconsin Savings Bank,Kaukauna,30313,219780,0,SELF,Business Platinum Visa; Personal Platinum Visa (1% cash back),https://app.ccdepartment.com/Credit/credit?name=EastWis179,Online self-serve business application (ccdepartment.com),https://eastwis.bank/credit-cards,VERIFIED-own-page,"NOT TCM. Own credit card page has a distinct Business Credit Card apply link on the ServisFirst Bank correspondent card rail: https://app.ccdepartment.com/Credit/credit?name=EastWis179 (consumer apply goes to servisfirstbank.my.salesforce-sites.com); servicing at business.cardservices.bank / consumer.cardservices.bank. No mycommunitycc.com, no Elan/TIB disclosure.",https://eastwis.bank/credit-cards
3. TCM BANK (ICBA agent issuer),84,Community State Bank,Union Grove,9536,606540,0,TCM,Visa Small Business Rewards Platinum; Visa Small Business Platinum; Company Expense Charge Card,https://www.mycommunitycc.com/LELXHsifa1vI/business/,Online self-serve (Apply Now to mycommunitycc.com),https://csb.bank/business-credit-cards.html,VERIFIED-own-page,"Own page Apply Now links to https://www.mycommunitycc.com/LELXHsifa1vI/business/ (TCM Bank agent portal) and discloses ""This card is issued by TCM Bank, N.A. Subject to credit approval."" Servicing = mycardstatement.com",https://csb.bank/business-credit-cards.html
3. TCM BANK (ICBA agent issuer),84,DMB Community Bank,Madison,14769,580196,0,TCM,Commercial Credit Card (DMB business credit card),https://www.mycommunitycc.com/bVO9ZnG461td,Online self-serve (mycommunitycc.com application) with TCM phone support,https://www.deforestbank.com/business-credit-card/,VERIFIED-own-page,"Own page application link = https://www.mycommunitycc.com/bVO9ZnG461td and page states ""If you have any questions about applying for a DMB Credit Card, please contact TCM Bank Customer Service at (800) 883-0131."" Servicing = ezbusinesscardmanagement.com",https://www.deforestbank.com/business-credit-card/
3. TCM BANK (ICBA agent issuer),84,Unity Bank,Augusta,8714,516775,0,TCM,Business Visa Credit Cards (Select Business rewards card - unlimited reward points),https://www.mycommunitycc.com/06dc5c2c880a,Online self-serve (TCM mycommunitycc.com application portal),https://unitybanking.com/business-credit-cards.html,VERIFIED-own-page,"Own business-card page states verbatim: ""Credit cards are issued by TCM Bank, NA. Subjected to credit approval. See the card application's important Disclosures for current terms, rates, and fees."" Apply button goes to https://www.mycommunitycc.com/06dc5c2c880a; servicing mycardstatement.com; rewards crewardscard.com",https://unitybanking.com/business-credit-cards.html | https://directory.icba.org/18711/Unity-Bank
3. TCM BANK (ICBA agent issuer),80,Mound City Bank,Platteville,9037,470816,0,TCM,VISA Platinum credit card (TCM-issued); business card not separately advertised,https://mycommunitycc.com/YGto17sM8VyU,Online self-serve via TCM application link; branch,https://www.moundcitybank.com/other-services/,VERIFIED-own-page,"Own page states the VISA Platinum credit card is ""issued by TCM Bank, N.A. Subject to credit approval."" Apply link = mycommunitycc.com/YGto17sM8VyU (TCM's application host); statements at mycardstatement.com. NOTE: only Visa Platinum is advertised publicly - no separate business card page, but card program rail is TCM",https://www.moundcitybank.com/other-services/ | https://mycommunitycc.com/YGto17sM8VyU
3. TCM BANK (ICBA agent issuer),80,Coulee Bank,La Crosse,18361,426700,0,TCM,"Business Credit Cards - 'Great rates, rewards and security'; employee cards at no extra cost, credit line sharing, consolidated statements (TCM/ICBA card menu)",https://www.mycommunitycc.com/MD3MEmzFSWgb,online,https://www.couleebank.net/business/business-products-and-services/business-credit-cards,VERIFIED-own-page,"Own business-credit-card page disclosure: '*See the card application's Important Disclosures for current terms, rates and fees. This card is issued by TCM Bank, N.A. Subject to credit approval.' All three 'Apply Now' buttons href=https://www.mycommunitycc.com/MD3MEmzFSWgb",https://www.couleebank.net/business/business-products-and-services/business-credit-cards
3. TCM BANK (ICBA agent issuer),80,Bank of Lake Mills,Lake Mills,8695,401023,0,TCM,Small Business Rewards Card; Small Business Cash Rewards Card; Small Business Edition Card; Company Rewards Charge Card,https://www.mycommunitycc.com/BR3xJ9Yh71Hr,Online self-serve via TCM mycommunitycc.com apply link,https://www.bankoflakemills.com/business/products/credit-cards,VERIFIED-own-page,"Own business credit card page names TCM Bank, N.A. as issuer of all Visa credit cards offered through Bank of Lake Mills; every Apply button points to https://www.mycommunitycc.com/BR3xJ9Yh71Hr; TCM cardholder line 800-883-0131 / intl 813-868-2891 (Tampa); rewards at cRewardsCard.com",https://www.bankoflakemills.com/business/products/credit-cards
3. TCM BANK (ICBA agent issuer),80,The First National Bank of Bangor,Bangor,5337,223904,0,TCM,TCM Bank card lineup via mycommunitycc landing (consumer + business options); no product names on bank site,https://www.mycommunitycc.com/U30GTIHmT2WJ,Online self-serve via TCM link; branch,https://www.fnbbangor.net/ (Services > Credit Cards; no internal card page),VERIFIED-own-page,"Bank's own site routes its ""Credit Cards"" service link to TCM's application host: https://www.mycommunitycc.com/U30GTIHmT2WJ (mycommunitycc.com is TCM Bank N.A.'s application platform - confirmed via Mound City Bank and Badger Bank pages that pair the same host with ""issued by TCM Bank, N.A."")",https://www.fnbbangor.net/ | https://www.mycommunitycc.com/U30GTIHmT2WJ
3. TCM BANK (ICBA agent issuer),76,Badger Bank,Fort Atkinson,2469,172949,0,TCM,Small Business Rewards Credit Card; Small Business Edition Credit Card; Company Expense Charge Card,https://www.mycommunitycc.com/Pi6VN3VyVI1q,Online self-serve via TCM link,https://www.badgerbank.bank/loans/business-loans/visa-business-credit-cards.html,VERIFIED-own-page,"Dedicated Visa Business Credit Cards page discloses: ""This card is issued by TCM Bank, N.A. Subject to credit approval."" Apply link = https://www.mycommunitycc.com/Pi6VN3VyVI1q (TCM application host)",https://www.badgerbank.bank/loans/business-loans/visa-business-credit-cards.html | https://www.badgerbank.bank/loans/personal-loans/visa-credit-cards.html
3. TCM BANK (ICBA agent issuer),76,Bluff View Bank,Galesville,8693,120393,0,TCM,"TCM Bank card lineup (build credit, cash back, travel rewards); business cards described elsewhere as employee cards at no extra cost, credit line sharing, consolidated statements",https://www.mycommunitycc.com/DiBI8l2drXtv,Online self-serve (Learn More & Apply Now / pre-qualify via TCM),https://www.bluffviewbank.com/credit-cards/,VERIFIED-own-page,"Own credit cards page states ""We partner with TCM Bank to offer a variety of credit cards with competitive rates, rewards, and convenient features"" and offers to ""securely pre-qualify through TCM Bank - without impacting your credit score""; apply link = https://www.mycommunitycc.com/DiBI8l2drXtv (TCM agent portal). Bank's earlier /business-credit-cards/ page now 404s / consolidated into /credit-cards/",https://www.bluffviewbank.com/credit-cards/ | https://www.bluffviewbank.com/
3. TCM BANK (ICBA agent issuer),76,Union State Bank,West Salem,14560,99001,0,TCM,Platinum Edition or Rewards Card (revolving); Company Rewards Charge Card (pay-in-full); employee cards at no cost,https://www.mycommunitycc.com/rBXYTnZsM4ee,Online self-serve (questionnaire + mycommunitycc.com application),https://www.usbwestsalem.com/business/other-services/credit-cards,VERIFIED-own-page,"Own page states ""Cards issued by TCM Bank, N.A."" and ""Union State Bank is partnering with TCM Bank, N.A. to offer our business customers credit card options."" Application link = https://www.mycommunitycc.com/rBXYTnZsM4ee; servicing = MyCardStatement.com; TCM service line 1-800-883-0131",https://www.usbwestsalem.com/business/other-services/credit-cards
4. BANKERS BANK WI (agent program),64,The Bank of New Glarus,New Glarus,10378,644021,367,BANKERSBANK,Visa Platinum / Platinum Rewards / Platinum Cash Rewards (personal),https://lp.applycommunitycard.com/?merchantId=9BP85UKLLC (personal cards only),Personal cards online self-serve; business card not advertised (branch inquiry only),https://www.thebankofnewglarus.bank/personal/credit-cards,MEDIUM-HIGH,"Own credit-card page lists only PERSONAL Visa Platinum / Platinum Rewards / Platinum Cash Rewards, applied for at lp.applycommunitycard.com - the Bankers' Bank (Madison WI) 'Community BankCard' agent platform (Capitol Bank's parallel page names ""Community BankCard Department at Bankers' Bank"" and FIS as processor). Definitively NOT TCM (no mycommunitycc.com, TCM Bank never named). Business-banking page lists NO business credit card - only loans, checking, savings, ACH, merchant card services. | RECLASSIFIED NO-CARD->BankersBank (personal-card-only): PERSONAL CARDS ONLY - no business credit card product, so no change to business-card coverage. Rail for its personal cards is Bankers' Bank:",https://www.thebankofnewglarus.bank/personal/credit-cards | https://www.thebankofnewglarus.bank/business-ag/business-banking | https://thebankofnewglarus.yourcommunitycard.com/
4. BANKERS BANK WI (agent program),60,Capitol Bank,Madison,34074,497652,0,BANKERSBANK,VISA Business Credit Card (three business plans); three consumer VISA plans,https://lp.applycommunitycard.com/?merchantId=S83GDKD32O,Online self-serve application portal + supporting docs (personal guaranty/beneficial owner form),https://capitol.bank/business-credit-cards.html,HIGH,"NOT TCM. Own pages state: ""Through our partnership with Bankers' Bank, we offer three consumer VISA credit card plans"" and three distinct VISA business credit card plans; processor is FIS (svc 1-800-423-7503), Community BankCard Dept at Bankers' Bank 1-877-636-7244. Apply portal is lp.applycommunitycard.com (Bankers' Bank Community BankCard), not mycommunitycc.com and no ""TCM Bank, N.A."" text. | RECLASSIFIED SELF->BankersBank: RECLASSIFIED from SELF. Own pages state: ""Through our partnership with Bankers' Bank, we offer three distinct VISA business credit card plan",https://capitol.bank/business-credit-cards.html | https://capitol.bank/credit-cards.html
4. BANKERS BANK WI (agent program),60,Farmers Savings Bank,Mineral Point,13025,405960,0,BANKERSBANK,Visa Platinum Cash Rewards Card (personal); business credit cards via same Community Card portal,https://lp.applycommunitycard.com/?merchantId=IR0TEJN4YN,Online self-serve (applycommunitycard.com landing page),https://www.farmerssavings.com/personal/credit-cards,HIGH,"NOT TCM. Own site's business Credit Cards nav item links to https://lp.applycommunitycard.com/?merchantId=IR0TEJN4YN (not mycommunitycc.com). Own credit-cards page lists card support as ""Bankers Bank Credit Card Support 877-636-7244 / BBCards@bankersbank.com"" plus legacy Elan servicing link (myaccountaccess.com theme=elan0&loc=0286); cardholder site mycardstatement.com. Rail = Bankers' Bank (Madison WI) agent program; no TCM Bank N.A. mention anywhere | RECLASSIFIED OTHER-BankersBank->BankersBank: Own page names the issuer's servicing desk directly: ""Bankers Bank Credit Card support call 877-636-7244 or email BBCards@bankersbank.com"".",https://www.farmerssavings.com/ | https://www.farmerssavings.com/personal/credit-cards
4. BANKERS BANK WI (agent program),60,FORTE BANK,Hartford,5297,346227,0,BANKERSBANK,"VISA Platinum Business Cashback ($25 AF, 1% cash back); VISA Platinum Business Rewards ($25 AF, 1x points); VISA Platinum Business ($0 AF, Prime+10%)",https://lp.applycommunitycard.com/?merchantId=S7UOISX643,online (requires existing Forte Bank checking/savings/MMA),https://www.fortebankwi.com/business-credit-cards.html,HIGH,"NOT TCM. Own page 'Apply Now' -> https://lp.applycommunitycard.com/?merchantId=S7UOISX643 and 'online application' -> https://cardmarketing.bankersbankusa.com/cards/113, whose disclosure reads: 'Credit cards are issued by Bankers' Bank, Madison WI.' Page also asks 'Are you an existing Bankers' Bank credit card customer?'; servicing MyCardStatement.com, rewards ScoreCardRewards.com. No mycommunitycc/TCM reference. | RECLASSIFIED OTHER-BankersBank/Fiserv->BankersBank: FIRST-PARTY DISCLOSURE on bank's own page: ""The creditor and issuer of these credit cards is Bankers' Bank, pursuant to a license from Visa",https://www.fortebankwi.com/business-credit-cards.html | https://cardmarketing.bankersbankusa.com/cards/113
4. BANKERS BANK WI (agent program),60,The Peoples Community Bank,Mazomanie,15046,344681,1141,BANKERSBANK,VISA Travel Rewards; VISA Cash Back Rewards (no business card advertised),https://onlineapps.bankersbankusa.com/#!/w/GRL8N76GZQ (personal Travel Rewards); https://onlineapps.bankersbankusa.com/#!/w/OLTWB1PP11 (personal Cash Back) - no business card app,Online self-serve (Bankers' Bank hosted app),https://www.thepcb.bank/personal/credit-cards,MEDIUM-HIGH,"Own credit-card page lists only VISA Travel Rewards and VISA Cash Back Rewards cards; apply links go to onlineapps.bankersbankusa.com (Bankers' Bank / Madison WI correspondent card platform), rewards via scorecardrewards.com. No TCM/mycommunitycc/Elan/TIB/CorServ reference. NOTE: no BUSINESS credit card product advertised (business pages cover loans, ACH, e-business banking only) | RECLASSIFIED SELF->BankersBank: RECLASSIFIED from SELF. Apply links go to onlineapps.bankersbankusa.com - Bankers' Bank's own domain; that app's footer reads ""(c) <year> Ba",https://www.thepcb.bank/personal/credit-cards | https://www.thepcb.bank/business/e-business-banking
4. BANKERS BANK WI (agent program),60,First National Community Bank,New Richmond,5357,304143,0,BANKERSBANK,Business Platinum; Business Rewards; Commercial Rewards (plus personal Platinum/World/Secured),https://lp.applycommunitycard.com/?merchantId=O4PKTIBOWB,Online self-serve,https://www.fnc.bank/business/borrow/business-credit-cards (redirects to TCM apply host),MEDIUM-HIGH,"FNC Bank's own site links ""Business Credit Cards"" and ""Personal Credit Cards"" to https://lp.applycommunitycard.com/?merchantId=O4PKTIBOWB. Verified that applycommunitycard.com serves the byte-identical application app as TCM's confirmed host mycommunitycc.com (same md5 for index HTML and main.js). Bank's cardholder portal fncbank.yourcommunitycard.com serves TCM's product artwork set (platinum, secured, world, business-platinum, business-rewards, commercial-rewards) | RECLASSIFIED TCM->BankersBank: FLIPPED from TCM. Deciding evidence is first-party infrastructure naming: FNC's own cardholder portal fncbank.yourcommunitycard.com ships Ne",https://www.fnc.bank/resources/information-center/online-applications | https://lp.applycommunitycard.com/?merchantId=O4PKTIBOWB | https://fncbank.yourcommunitycard.com/
4. BANKERS BANK WI (agent program),60,West Pointe Bank,Oshkosh,34162,266044,0,BANKERSBANK,Business Visa Platinum credit card,https://westptebank.yourcommunitycard.com/,Online self-serve via westptebank.yourcommunitycard.com,https://www.westptebank.com/business/business-visa-credit-cards,MEDIUM-HIGH,"NOT TCM. Own business-card page's only card link/apply portal is https://westptebank.yourcommunitycard.com/ - the yourcommunitycard.com / applycommunitycard.com ""Community Card"" platform of Bankers' Bank (Madison WI). Peer banks on the identical platform disclose Bankers' Bank as issuer (e.g. Ergo Bank: ""The creditor and issuer of these credit cards is Bankers' Bank...""; Capitol Bank: ""Through our partnership with Bankers' Bank, we offer three consumer VISA credit card plans""). No mycommunitycc.com / TCM Bank text on West Pointe's page. | RECLASSIFIED OTHER-BankersBank->BankersBank: Upgraded from INFERRED. Own business-card page's only card portal is westptebank.yourcommunitycard.com, whose shipped runtimeConfig is ""apiU",https://www.westptebank.com/business/business-visa-credit-cards | https://ergobank.com/credit-cards.html | https://capitol.bank/credit-cards.html
4. BANKERS BANK WI (agent program),35,State Bank of Newburg,Newburg,9529,259788,368,BANKERSBANK,Personal credit card; Business Rewards Credit Card (no product page),,branch/phone,https://www.newburg.bank/services/,INFERRED,"NOT TCM. Own Services page: 'SBN offers both a personal credit card and business rewards credit card. To report a lost or stolen credit card after business hours please call 1-800-423-7503.' That 800-423-7503 is the Bankers' Bank (Madison WI) / MyCardStatement cardholder-support line, not TCM's. No mycommunitycc.com, TCM Bank, Elan, cardaccount.net or myapexcard reference anywhere on newburg.bank; no online card application link exists (site has no credit-card product page).",https://www.newburg.bank/services/ | https://www.newburg.bank/sitemap | https://cardmarketing.bankersbankusa.com/cards/113
4. BANKERS BANK WI (agent program),30,Citizens State Bank of Loyal,Loyal,6186,242765,0,BANKERSBANK,VISA Credit Cards - basic and rewards (consumer); no business card published,NONE for business (consumer only: https://lp.applycommunitycard.com/?merchantId=JJWPPVO58T),n/a for business - no published business credit card product,https://csbloyal.com/credit-card.html,MEDIUM-HIGH,"csbloyal.com (CERT 6186, Loyal WI) has one card page (personal only) - business.html lists checking/MM/loans/lease/cash mgmt with no business credit card. Consumer cards run on the Bankers' Bank Community BankCard rail (apply at lp.applycommunitycard.com?merchantId=JJWPPVO58T, servicing mycardstatement.com + scorecardrewards.com, FIS svc 800-423-7503) - NOT TCM. NOTE: distinct from Citizens State Bank (citizensstatebank.us), an Elan bank. | RECLASSIFIED NO-CARD->BankersBank (personal-card-only): BONUS ROW - same disputed host, same finding. Personal cards only (business.html lists no business credit card). Apply at lp.applycommunityc",https://csbloyal.com/credit-card.html | https://csbloyal.com/business.html | https://csbloyal.com/
4. BANKERS BANK WI (agent program),60,Ergo Bank,Markesan,10004,221684,0,BANKERSBANK,Visa Platinum Business Rewards; Visa Platinum Business Cash Rewards; Visa Platinum Business,https://lp.applycommunitycard.com/card-detail/BCC/VISA_PLATINUM_BUSINESS_REWARDS?merchantId=0L9F4CZNHG,Online self-serve (Bankers' Bank lp.applycommunitycard.com),https://ergobank.com/credit-cards.html,HIGH,"NOT TCM. Own page discloses verbatim: ""The creditor and issuer of these credit cards is Bankers' Bank, pursuant to a license from VISA U.S.A. Inc. in association with Ergo Bank."" Apply on lp.applycommunitycard.com (Bankers' Bank Community Card platform); servicing mycardstatement.com; rewards scorecardrewards.com. | RECLASSIFIED OTHER-BankersBank->BankersBank: FIRST-PARTY DISCLOSURE on bank's own page: ""The creditor and issuer of these credit cards is Bankers' Bank, pursuant to a license from VISA",https://ergobank.com/credit-cards.html
4. BANKERS BANK WI (agent program),56,Citizens State Bank,Cadott,2467,194657,0,BANKERSBANK,Visa Business Credit Cards (Visa Platinum Business Rewards family),https://lp.applycommunitycard.com/?merchantId=S8R27L4W4U,Online self-serve (Bankers' Bank community-card portal),https://www.csbankcadott.com/business.phtml,MEDIUM-HIGH,"Own business page links ""Visa(R) Business Credit Cards"" to csbankcadott.yourcommunitycard.com and ""View Options"" to lp.applycommunitycard.com/?merchantId=S8R27L4W4U. yourcommunitycard.com / applycommunitycard.com is the Bankers' Bank (Madison WI) agent card platform - ""The creditor and issuer of these credit cards is Bankers' Bank, pursuant to a license from VISA U.S.A. Inc."" NOT TCM (no mycommunitycc.com, TCM never named). Card-platform pages bot-block direct fetch (403/error). | RECLASSIFIED OTHER-BankersBank->BankersBank: Own business page links both csbankcadott.yourcommunitycard.com (runtimeConfig ""apiUrl"":""https://bankersbank.close.mkdecision.com"") and lp.a",https://www.csbankcadott.com/business.phtml | https://csbankcadott.yourcommunitycard.com/ | https://bankersbank.com/solutions/bank-cards/
4. BANKERS BANK WI (agent program),56,The Portage County Bank,Almond,10012,176573,254,BANKERSBANK,Personal Visa credit cards only,https://lp.applycommunitycard.com/?merchantId=PJ51JYJDBL (personal cards),Personal cards online self-serve; business card not advertised,https://www.portagecountybank.com/ (personal credit cards; no business card page),MEDIUM-HIGH,"Full HTML crawl of portagecountybank.com (home + sitemap): 'Credit Cards' appears ONLY under the Personal menu and links to lp.applycommunitycard.com/?merchantId=PJ51JYJDBL (Bankers' Bank Community BankCard platform; cardholder portal mycardstatement.com). Business menu contains only Business Checking Accounts - no business credit card page or apply link. TCM never named; no mycommunitycc.com. | RECLASSIFIED NO-CARD->BankersBank (personal-card-only): PERSONAL CARDS ONLY - full site crawl found ""Credit Cards"" solely under the Personal menu; no business card page or apply link. Personal rai",https://www.portagecountybank.com/ | https://www.portagecountybank.com/sitemap | https://capitol.bank/credit-cards.html
4. BANKERS BANK WI (agent program),56,Mayville Savings Bank,Mayville,30585,66988,0,BANKERSBANK,Visa personal and business credit cards (rewards / cash back) - no individual product names,https://lp.applycommunitycard.com/?merchantId=WGA94MG1AV,online,https://www.mayvillesavings.com/credit-cards.html,MEDIUM-HIGH,"NOT TCM. Own credit-cards page: 'Choosing the right personal or business credit card is easier than ever, thanks to the variety of Visa cards available through MSB!' Apply -> https://lp.applycommunitycard.com/?merchantId=WGA94MG1AV (same applycommunitycard platform as Forte Bank, whose linked Bankers' Bank page states 'Credit cards are issued by Bankers' Bank, Madison WI'); servicing at www.MyCardStatement.com and support 1-800-423-7503. No mycommunitycc.com or TCM Bank reference on the site. | RECLASSIFIED OTHER-BankersBank/Fiserv->BankersBank: Own credit-cards page carries the Bankers' Bank/FIS servicing stack: ""call 1-800-423-7503"" and ""access your credit card account at www.MyCar",https://www.mayvillesavings.com/credit-cards.html | https://cardmarketing.bankersbankusa.com/cards/113
5. ELAN (U.S. Bank agent),78,"Associated Bank, National Association",Green Bay,5296,35800709,194730,ELAN,Visa Smart Business Rewards Card; Business Specialty Cards; Commercial Rewards Card; One Card,https://card.myaccountaccess.com/credit/visa-smart-business-rewards.do?exp=&lang=en&redirect=smartbusinessvisa,online,https://www.associatedbank.com/business/cards/business-credit-cards,VERIFIED-own-page,Apply link goes to card.myaccountaccess.com/credit/visa-smart-business-rewards.do; page disclosure: 'Elan Financial Services provides Zero Fraud Liability for unauthorized transactions. Cardmember must notify Elan Financial Services promptly of any unauthorized use.',https://www.associatedbank.com/business/credit-and-lending/business-credit-cards | https://www.associatedbank.com/business/cards/commercial-credit-cards
5. ELAN (U.S. Bank agent),78,Johnson Bank,Racine,20296,5836686,18064,ELAN,Business credit cards (product names not itemized); commercial One Card separately,https://creditcardlearnmore.com/11t3/index?ecdma-lc=3924&ecid=OTHE_25940#business,Online self-serve (Apply Now) or phone 888.769.3796 opt 2,https://www.johnsonfinancialgroup.com/business/cash-management/business-credit-cards/,VERIFIED-own-page,"Own page discloses: ""The creditor and issuer of these cards is Elan Financial Services, pursuant to separate licenses from Visa U.S.A. Inc., and Mastercard International Incorporated."" Apply button goes to creditcardlearnmore.com",https://www.johnsonfinancialgroup.com/business/cash-management/business-credit-cards/
5. ELAN (U.S. Bank agent),78,"Town Bank, National Association",Hartland,34717,3719776,0,ELAN,Business credit cards (Elan Visa - low rate / cash back / flexible rewards),https://creditcardlearnmore.com/11t3/index?ecdma-lc=35591&ecid=OTHE_25940,Online self-serve via Elan creditcardlearnmore portal,https://www.townbank.us/small-business/borrowing/credit-cards.html,VERIFIED-own-page,"Own biz card page states: ""The creditor and issuer of these cards is Elan Financial Services, pursuant to a license from Visa U.S.A. Inc.""; CTA goes to creditcardlearnmore.com",https://www.townbank.us/small-business/borrowing/credit-cards.html
5. ELAN (U.S. Bank agent),78,Bank Five Nine,Oconomowoc,12517,2174252,284,ELAN,Elan Visa Business credit card,https://creditcardlearnmore.com/11t3/index?ecdma-lc=0117&ecid=OTHE_25940,Online self-serve (Apply Now) or contact cash management advisor,https://www.bankfivenine.com/business/lending/business-credit-cards/,VERIFIED-own-page,"Own page: ""To learn more, and/or to apply for an Elan Visa Consumer credit card, or an Elan Visa Business credit card, click below."" Apply link = creditcardlearnmore.com; servicing = myaccountaccess.com",https://www.bankfivenine.com/business/lending/business-credit-cards/
5. ELAN (U.S. Bank agent),78,North Shore Bank,Brookfield,28679,2163064,0,ELAN,Visa Business credit cards (low rate / cash back / flexible rewards); Business Travel Card,https://www.mycardapply.com/synindex/?ecdma-lc=12201&ecid=OTHE_25940&offertype=0#business,Online self-serve (Elan mycardapply.com),https://www.northshorebank.com/business/business-debit-and-credit-cards/business-credit-cards,VERIFIED-own-page,"Own-page disclosure: ""The creditor and issuer of these cards is Elan Financial Services, pursuant to separate licenses from Visa U.S.A. Inc., and Mastercard International Incorporated."" Apply via mycardapply.com; servicing myaccountaccess.com",https://www.northshorebank.com/business/business-debit-and-credit-cards/business-credit-cards
5. ELAN (U.S. Bank agent),74,National Bank of Commerce,Superior,14266,1840777,0,ELAN,Business Visa credit cards,https://creditcardlearnmore.com/11t3/index?ecdma-lc=35786&ecid=OTHE_25940#business,Online self-serve (Elan portal),https://www.nbcbanking.com/business-banking/,VERIFIED-own-page,"Own business-banking page 'Apply Online' button links to creditcardlearnmore.com/11t3/index?ecdma-lc=35786&ecid=OTHE_25940#business (Elan Financial Services portal); page text: ""our full array of VISA card services help you make more possible.""",https://www.nbcbanking.com/business-banking/
5. ELAN (U.S. Bank agent),74,IncredibleBank,Wausau,19772,1775232,0,ELAN,"Business credit cards - low interest, cash back, flexible rewards (Elan suite)",https://creditcardlearnmore.com/11t3/index?ecdma-lc=17297&ecid=OTHE_25940,online,https://www.incrediblebank.com/business/credit-cards,VERIFIED-own-page,"Page disclosure: 'The creditor and issuer of these cards is Elan Financial Services, pursuant to separate licenses from Visa U.S.A. Inc., and Mastercard International Incorporated.' Apply/learn-more link -> creditcardlearnmore.com/11t3/index?ecdma-lc=17297; servicing at myaccountaccess.com/onlineCard/login.do?theme=elan1",https://www.incrediblebank.com/business/credit-cards | https://www.incrediblebank.com/business/banking-and-cards
5. ELAN (U.S. Bank agent),74,Tri City National Bank,Oak Creek,18922,1768019,0,ELAN,Business low rate / cash back / flexible rewards cards (Elan),https://creditcardlearnmore.com/11t3/index?ecdma-lc=13898&ecid=OTHE_25940,Online self-serve,https://tcnb.com/business-credit-cards.html,VERIFIED-own-page,"Own business-card page discloses: ""The creditor and issuer of these cards is Elan Financial Services, pursuant to a license from Visa U.S.A. Inc."" Apply link = creditcardlearnmore.com; servicing = myaccountaccess.com",https://tcnb.com/business-credit-cards.html
5. ELAN (U.S. Bank agent),59,CCFBank National Association,Altoona,57265,1588094,0,ELAN,Smart Business Rewards Card (Elan),Not published on page (Learn More link is #nogo); contact bank,Branch/phone contact - no live online apply link on page,https://ccf.us/business/business-banking/credit-cards/,VERIFIED-own-page,"Own page discloses: ""The creditor and issuer of these cards is Elan Financial Services, pursuant to separate licenses from Visa U.S.A. Inc., and Mastercard International Incorporated."" Servicing link = myaccountaccess.com",https://ccf.us/business/business-banking/credit-cards/
5. ELAN (U.S. Bank agent),74,"WaterStone Bank, SSB",Wauwatosa,28513,1465485,718,ELAN,Business credit cards (low rate / cash back / rewards; names not listed),https://www.mycardapply.com/synindex/?ecdma-lc=01649&ecid=OTHE_25940&offertype=0,Online self-serve (Elan mycardapply.com),https://www.wsbonline.com/business/business-cards/business-credit-cards/,VERIFIED-own-page,"Own-page disclosure: ""The creditor and issuer of these cards is Elan Financial Services, pursuant to separate licenses from Visa U.S.A. Inc., and Mastercard International Incorporated."" Apply via mycardapply.com",https://www.wsbonline.com/business/business-cards/business-credit-cards/
5. ELAN (U.S. Bank agent),74,Waukesha State Bank,Waukesha,16160,1267880,5925,ELAN,"Business Visa/Mastercard credit cards (expense reporting, no employee-card fee)",https://creditcardlearnmore.com/11t3/index?ecdma-lc=00181&ecid=OTHE_25940,Online self-serve (Elan portal),https://www.waukeshabank.com/business/lending/loans-credit,VERIFIED-own-page,"Own page states: ""The creditor and issuer of these cards is Elan Financial Services, pursuant to separate licenses from Visa U.S.A. Inc., and Mastercard International Incorporated.""",https://www.waukeshabank.com/business/lending/loans-credit
5. ELAN (U.S. Bank agent),74,The Park Bank,Madison,19608,1247870,5019,ELAN,Visa Business Rewards Card,https://www.mycardapply.com/synindex?ecdma-lc=35987&ecid=OTHE_25940&offertype=0#business,online,https://www.park.bank/business/loans/visa-business-rewards-card,VERIFIED-own-page,"Apply Now button markup: aria-label=""Link to Elan Apply Now"" href=https://www.mycardapply.com/synindex?ecdma-lc=35987&ecid=OTHE_25940&offertype=0#business (Elan application domain, same ecid as other Elan agent banks); servicing myaccountaccess.com",https://www.park.bank/business/loans/visa-business-rewards-card
5. ELAN (U.S. Bank agent),74,Peoples State Bank,Wausau,18569,1200181,0,ELAN,Business low rate / cash back / flexible rewards cards (Elan),https://creditcardlearnmore.com/11t3/index?ecdma-lc=00210&ecid=OTHE_25940,Online self-serve,https://www.bankpeoples.com/business/bank/credit-cards,VERIFIED-own-page,"Own business-card page discloses: ""The creditor and issuer of these cards is Elan Financial Services, pursuant to separate licenses from Visa U.S.A. Inc., and Mastercard International Incorporated."" Apply = creditcardlearnmore.com (Elan)",https://www.bankpeoples.com/business/bank/credit-cards
5. ELAN (U.S. Bank agent),74,Forward Bank,Marshfield,28530,1001728,293,ELAN,Visa Business Cash Preferred; Visa Business Zero+; Smart Business Rewards Visa; Visa Business Real Rewards,https://www.mycardapply.com/synindex/product?ecdma-lc=12176&ecid=OTHE_25940&offertype=143,Online self-serve (per-product apply links),https://www.forward.bank/business/business-credit-cards/,VERIFIED-own-page,"Own page discloses: ""The creditor and issuer of these Cards is Elan Financial Services, pursuant to separate licenses from Visa U.S.A. Inc., and Mastercard International Incorporated."" Apply links go to mycardapply.com (Elan)",https://www.forward.bank/business/business-credit-cards/
5. ELAN (U.S. Bank agent),70,Citizens Bank,Mukwonago,13055,992753,0,ELAN,Visa Business Credit Card (low rate / cash back / flexible rewards),https://creditcardlearnmore.com/11t3/index?ecdma-lc=00285&ecid=OTHE_25940,Online self-serve (Elan creditcardlearnmore.com),https://www.citizensbankwi.bank/business/cards-and-payments,VERIFIED-own-page,"Own-page Cards & Payments disclosure: ""The creditor and issuer of these cards is Elan Financial Services, pursuant to separate licenses from Visa U.S.A. Inc."" Apply link on creditcardlearnmore.com (Elan)",https://www.citizensbankwi.bank/business/cards-and-payments
5. ELAN (U.S. Bank agent),70,The Port Washington State Bank,Port Washington,8698,922861,2785,ELAN,Elan Visa Business Credit Card,https://creditcardlearnmore.com/11t3/index?ecdma-lc=00114&ecid=OTHE_25940,Online self-serve via Elan creditcardlearnmore portal,https://pwsb.bank/business-credit-card.html,VERIFIED-own-page,"Own biz card page states: ""The creditor and issuer of these cards is Elan Financial Services, pursuant to a license from Visa U.S.A. Inc.""; Compare Cards link to creditcardlearnmore.com",https://pwsb.bank/business-credit-card.html
5. ELAN (U.S. Bank agent),70,Bank of Wisconsin Dells,Wisconsin Dells,15136,918457,0,ELAN,"Business low rate, cash back, flexible rewards cards",https://creditcardlearnmore.com/11t3/index?ecdma-lc=00130&ecid=OTHE_25940#business,Online self-serve (Elan portal),https://www.dellsbank.bank/credit-cards/,VERIFIED-own-page,"Own page states: ""The creditor and issuer of these cards is Elan Financial Services, pursuant to separate licenses from Visa U.S.A Inc., and Mastercard International Incorporated.""",https://www.dellsbank.bank/credit-cards/
5. ELAN (U.S. Bank agent),70,Security Financial Bank,Durand,14222,822715,0,ELAN,Business Visa credit cards (Elan suite),https://creditcardlearnmore.com/11t3/index?ecdma-lc=00448&ecid=OTHE_25940#business,online,https://www.sfbank.com/business_debit_credit_cards.phtml,VERIFIED-own-page,"Page disclosure: 'The creditor and issuer of these cards is Elan Financial Services, pursuant to a license from Visa USA, Inc.' Apply link -> creditcardlearnmore.com/11t3/index?ecdma-lc=00448#business; servicing myaccountaccess.com?theme=elan1&loc=448",https://www.sfbank.com/business_debit_credit_cards.phtml | https://www.sfbank.com/business_banking.phtml
5. ELAN (U.S. Bank agent),70,River Bank,Stoddard,14995,795014,0,ELAN,Visa/American Express business cards via Elan (low rate / cash back / flexible rewards),https://creditcardlearnmore.com/11t3/index?ecdma-lc=00099&ecid=OTHE_25940#business,Online self-serve (Learn More/Apply),https://riverbank.biz/business-credit-cards.html,VERIFIED-own-page,"Own page discloses: ""The creditor and issuer of these cards is Elan Financial Services, pursuant to a license from Visa U.S.A. Inc."" Apply/Learn More = creditcardlearnmore.com",https://riverbank.biz/business-credit-cards.html
5. ELAN (U.S. Bank agent),70,Peoples State Bank,Prairie Du Chien,12814,792043,0,ELAN,"Business credit cards (Elan suite; expense reporting, employee spend limits)",https://www.mycardapply.com/synindex/?ecdma-lc=36115&ecid=OTHE_25940&offertype=0#business,Online self-serve (Elan mycardapply.com),https://peoplesfinancial.com/business-credit-cards.html,VERIFIED-own-page,"Own-page disclosure: ""The creditor and issuer of these Cards is Elan Financial Services, pursuant to separate licenses from Visa U.S.A. Inc. and Mastercard International Incorporated."" Apply mycardapply.com; servicing myaccountaccess.com",https://peoplesfinancial.com/business-credit-cards.html
5. ELAN (U.S. Bank agent),55,Farmers and Merchants Union Bank,Columbus,14445,783784,0,ELAN,FMUB Visa credit cards (consumer / young adult / business),NOT-FOUND (no online business application published; Contact Us),Branch/contact (920-623-4000) - no online self-serve business application found,https://fmub.bank/card-services.html,VERIFIED-own-page,"Own Card Services page offers Visa credit cards ""for consumers, young adults and businesses"" and the only card servicing link is https://www.myaccountaccess.com/onlineCard/login.do (Elan). No TCM/mycommunitycc.com, no TIB/cardaccount.net.",https://fmub.bank/card-services.html
5. ELAN (U.S. Bank agent),70,Prevail Bank,Medford,29294,757718,0,ELAN,"Business credit cards - low rate, cash back, flexible rewards (Elan suite)",https://creditcardlearnmore.com/11t3/index?ecdma-lc=2109&ecid=OTHE_25940,online,https://www.prevail.bank/personal/banking/credit-cards,VERIFIED-own-page,"Own page text: 'Prevail Bank has partnered with Elan Financial Services (R) to offer credit card options' and 'The creditor and issuer of these cards is Elan Financial Services, pursuant to separate licenses from Visa U.S.A. Inc., and Mastercard International Incorporated.' Business section 'See our Business Options and Apply Today!' -> creditcardlearnmore.com/11t3/index?ecdma-lc=2109",https://www.prevail.bank/personal/banking/credit-cards | https://www.prevail.bank/business/services
5. ELAN (U.S. Bank agent),70,Royal Bank,Elroy,13454,716539,358,ELAN,Business low rate / cash back / flexible rewards cards (Elan),https://creditcardlearnmore.com/11t3/index?ecdma-lc=231&ecid=OTHE_25940,Online self-serve,https://www.royalbank-usa.com/business-and-ag/business-banking-services/business-credit-cards,VERIFIED-own-page,"Own business-card page discloses: ""The creditor and issuer of these cards is Elan Financial Services, pursuant to separate licenses from Visa U.S.A. Inc., and Mastercard International Incorporated."" Apply = creditcardlearnmore.com (Elan)",https://www.royalbank-usa.com/business-and-ag/business-banking-services/business-credit-cards
5. ELAN (U.S. Bank agent),70,Westbury Bank,Waukesha,28400,706433,0,ELAN,Business Cash Preferred Card; Smart Business Rewards Card; Business Real Rewards Card,https://creditcardlearnmore.com/11t3/index?ecdma-lc=23490&ecid=OTHE_25940#business,Online self-serve via Elan co-branded portal,https://westburybankwi.com/credit-cards.html,VERIFIED-own-page,"Bank's own /credit-cards.html 301-redirects to Elan portal creditcardlearnmore.com (lc=23490); Westbury-branded portal discloses ""The creditor and issuer of these Cards is Elan Financial Services, pursuant to a license from Visa U.S.A. Inc., and Mastercard International Incorporated."" (NOTE: a TCM claim found in search results belongs to name-twin West Bank of Iowa, westbankstrong.com - not Westbury)",https://westburybankwi.com/credit-cards.html | https://creditcardlearnmore.com/11t3/index?ecdma-lc=23490&ecid=OTHE_25940#business
5. ELAN (U.S. Bank agent),70,Dairy State Bank,Rice Lake,17162,644588,162,ELAN,Business credit cards (Elan: low rate / cash back / flexible rewards),https://creditcardlearnmore.com/11t3/index?ecdma-lc=12246&ecid=OTHE_25940,Online self-serve via Elan creditcardlearnmore portal,https://dairystatebank.com/business/credit-cards/,VERIFIED-own-page,"Own business credit card page states: ""The creditor and issuer of these cards is Elan Financial Services, pursuant to separate licenses from Visa U.S.A. Inc., and Mastercard International Incorporated.""; servicing via myaccountaccess.com?theme=elan2&loc=12246",https://dairystatebank.com/business/credit-cards/ | https://dairystatebank.com/
5. ELAN (U.S. Bank agent),70,Bank of Luxemburg,Luxemburg,13264,631259,0,ELAN,Business Visa/Mastercard credit cards (Elan suite),https://creditcardlearnmore.com/11t3/index?ecdma-lc=27844&ecid=OTHE_25940,online,https://www.bankofluxemburg.com/business/business-credit-cards,VERIFIED-own-page,Own page disclosure names Elan Financial Services ('Elan Financial Services provides zero fraud liability... The creditor and issuer of these cards is Elan Financial Services'); apply link -> creditcardlearnmore.com/11t3/index?ecdma-lc=27844; servicing myaccountaccess.com?theme=elan1&loc=27844,https://www.bankofluxemburg.com/business/business-credit-cards | https://www.bankofluxemburg.com/services/credit-cards
5. ELAN (U.S. Bank agent),70,"Great Midwest Bank, S.S.B.",Brookfield,29657,616915,47,ELAN,Business Visa/Mastercard - cash back or flexible rewards (Elan),https://creditcardlearnmore.com/11t3/index?ecdma-lc=01791&ecid=OTHE_25940,Online self-serve,https://greatmidwestbank.com/bank-account/credit-cards/,VERIFIED-own-page,"Own credit-card page discloses: ""The creditor and issuer of these cards is Elan Financial Services, pursuant to a license from Visa U.S.A. Inc."" Apply = creditcardlearnmore.com; login = myaccountaccess.com; Elan Business Credit Card phone (866) 552-8855 listed",https://greatmidwestbank.com/bank-account/credit-cards/
5. ELAN (U.S. Bank agent),70,Ixonia Bank,Ixonia,12514,602665,234,ELAN,Business credit cards (low rate / cash back / flexible rewards; names not listed),https://creditcardlearnmore.com/11t3/index?ecdma-lc=X00396&ecid=OTHE_25940,Online self-serve (Elan creditcardlearnmore.com),https://www.ixoniabank.com/commercial/business-loan-products/credit-cards/,VERIFIED-own-page,"Own-page disclosure: ""The creditor and issuer of these cards is Elan Financial Services, pursuant to separate licenses from Visa U.S.A. Inc., and Mastercard International Incorporated."" Apply link on creditcardlearnmore.com (Elan)",https://www.ixoniabank.com/commercial/business-loan-products/credit-cards/
5. ELAN (U.S. Bank agent),70,The Stephenson National Bank and Trust,Marinette,5306,595960,603,ELAN,Business low rate / cash back / flexible rewards Visa cards,https://creditcardlearnmore.com/11t3/index?ecdma-lc=00190&ecid=OTHE_25940,Online self-serve (Elan portal),https://www.snbt.com/corporate-credit-cards,VERIFIED-own-page,"Own business credit card page states creditor/issuer is ""Elan Financial Services, pursuant to separate licenses from Visa U.S.A. Inc., and Mastercard International Incorporated.""",https://www.snbt.com/corporate-credit-cards
5. ELAN (U.S. Bank agent),70,Bank of Sun Prairie,Sun Prairie,13565,587550,0,ELAN,Visa Business credit cards (Elan suite),https://creditcardlearnmore.com/11t3/index?ecdma-lc=32345&ecid=OTHE_25940,online,https://bankofsunprairie.com/business-credit-cards.html,VERIFIED-own-page,"Own page: 'The creditor and issuer of these cards is Elan Financial Services, pursuant to separate licenses from Visa U.S.A. Inc., and MasterCard International Incorporated.' Apply link -> creditcardlearnmore.com/11t3/index?ecdma-lc=32345; servicing myaccountaccess.com?theme=elan1&loc=32345",https://bankofsunprairie.com/business-credit-cards.html
5. ELAN (U.S. Bank agent),60,Fortifi Bank,Berlin,5286,583932,0,ELAN,Fortifi Bank Business Mastercard (Elan-issued),https://www.mycardapply.com/synindex/?ecdma-lc=37563&ecid=OTHE_25940&offertype=0,Online self-serve (also legacy PDF business app),https://www.fortifibank.com/cards/,INFERRED,Own /cards/ page offers personal AND business credit cards via a single apply portal at mycardapply.com (Elan Financial Services' application site; ecdma-lc / ecid=OTHE_25940 = Elan tracking params). No TCM/mycommunitycc/TIB/CorServ reference on site,https://www.fortifibank.com/cards/ | https://www.mycardapply.com/synindex/ | https://www.fortifibank.com/wp-content/uploads/2020/06/Fortifi-Bank-Business-Credit-Card-App.pdf
5. ELAN (U.S. Bank agent),70,Northwestern Bank,Chippewa Falls,2468,577225,140,ELAN,Business credit cards (low rate / cash back / flexible rewards; names not listed),https://creditcardlearnmore.com/11t3/index?ecdma-lc=00201&ecid=OTHE_25940#business,Online self-serve (Elan creditcardlearnmore.com),https://www.northwesternbank.com/business/borrow/business-credit-cards/,VERIFIED-own-page,"Own-page disclosure: ""The creditor and issuer of these cards is Elan Financial Services, pursuant to separate licenses from Visa U.S.A. Inc., and Mastercard International Incorporated."" Apply creditcardlearnmore.com; servicing myaccountaccess.com",https://www.northwesternbank.com/business/borrow/business-credit-cards/
5. ELAN (U.S. Bank agent),70,AbbyBank,Abbotsford,19795,565305,0,ELAN,Business low rate / cash back / flexible rewards cards,https://creditcardlearnmore.com/11t3/index?ecdma-lc=416&ecid=OTHE_25940,Online self-serve (Elan portal),https://www.abbybank.com/services/card-services/credit-cards,VERIFIED-own-page,"Own card-services page states: ""The creditor and issuer of these cards is Elan Financial Services, pursuant to separate licenses from Visa U.S.A. Inc., and Mastercard International Incorporated.""",https://www.abbybank.com/services/card-services/credit-cards
5. ELAN (U.S. Bank agent),70,Community First Bank,Boscobel,11595,530940,181,ELAN,Business Visa Credit Cards (product names not itemized),https://creditcardlearnmore.com/11t3/index?ecdma-lc=0507&ecid=OTHE_25940,Online self-serve (Apply/Learn More to Elan portal),https://www.cfbank.com/Business/Bank/Cards/Credit-Cards,VERIFIED-own-page,Own business credit card page apply link = creditcardlearnmore.com (lc=0507) and cardholder access = myaccountaccess.com/onlineCard/login.do?theme=elan2&loc=0507 - both Elan Financial Services domains. No TCM/mycommunitycc reference. (Entity confirmed: cfbank.com = Community First Bank HQ 925 Wisconsin Ave Boscobel WI; distinct from Community First Bank of Rosholt WI at cfbwi.bank),https://www.cfbank.com/Business/Bank/Cards/Credit-Cards | https://www.cfbank.com/Locations-Hours
5. ELAN (U.S. Bank agent),66,Baraboo State Bank,Baraboo,12788,496839,180,ELAN,Visa Business Cash Preferred; Visa Business Zero+; Smart Business Rewards Visa Signature; Visa Business Real Rewards,https://creditcardlearnmore.com/11t3/index?ecdma-lc=00429&ecid=OTHE_25940,Online self-serve (Elan portal),https://www.baraboobank.com/business/banking/business-credit-cards,VERIFIED-own-page,"Own business credit card page states: ""The creditor and issuer of these cards is Elan Financial Services, pursuant to separate licenses from Visa U.S.A. Inc., and Mastercard International Incorporated.""",https://www.baraboobank.com/business/banking/business-credit-cards
5. ELAN (U.S. Bank agent),66,PremierBank,Fort Atkinson,5295,456623,0,ELAN,Business Credit Cards (product names not itemized),https://creditcardlearnmore.com/11t3/index?ecdma-lc=32342&ecid=OTHE_25940,Online self-serve (Apply to Elan portal),https://www.bankwithpremier.com/loans/credit-cards/,VERIFIED-own-page,"Own page discloses: ""The creditor and issuer of these cards is Elan Financial Services, pursuant to separate licenses from Visa U.S.A. Inc., and Mastercard International Incorporated."" Business apply link = creditcardlearnmore.com (lc=32342); access = myaccountaccess.com theme=elan1",https://www.bankwithpremier.com/loans/credit-cards/
5. ELAN (U.S. Bank agent),66,State Bank Financial,La Crosse,10383,451824,0,ELAN,Visa Business Credit Cards (low rate / cash back / flexible rewards),https://creditcardlearnmore.com/11t3/index?ecdma-lc=00230&ecid=OTHE_25940#business,Online self-serve via Elan creditcardlearnmore portal,https://www.statebankfinancial.bank/loans-credit/credit-cards/visa-business-credit-cards.html,VERIFIED-own-page,"Own Visa Business Credit Cards page states: ""The creditor and issuer of these cards is Elan Financial Services, pursuant to a license from Visa U.S.A. Inc.""; cardholder login myaccountaccess.com",https://www.statebankfinancial.bank/loans-credit/credit-cards/visa-business-credit-cards.html
5. ELAN (U.S. Bank agent),66,State Bank of Chilton,Chilton,12331,433403,172,ELAN,Business low rate / cash back / flexible rewards cards,https://creditcardlearnmore.com/11t3/index?ecdma-lc=310&ecid=OTHE_25940,Online self-serve (Elan portal),https://www.statebankofchilton.com/business-credit-cards,VERIFIED-own-page,"Own business credit card page states: ""The creditor and issuer of these cards is Elan Financial Services, pursuant to separate licenses from Visa U.S.A. Inc., and Mastercard International Incorporated.""",https://www.statebankofchilton.com/business-credit-cards
5. ELAN (U.S. Bank agent),66,Citizens State Bank,Hudson,6194,411208,0,ELAN,Elan Visa Business Credit Cards,https://creditcardlearnmore.com/11t3/index?ecdma-lc=513&ecid=OTHE_25940,Online self-serve,https://www.csbnet.net/business/credit-cards,VERIFIED-own-page,"Own business-card page states: ""Citizens State Bank partners with Elan VISA so you can find a business card solution that is right for you."" Apply = creditcardlearnmore.com (Elan); login = myaccountaccess.com. Entity confirmed as Hudson WI HQ on csbnet.net",https://www.csbnet.net/business/credit-cards
5. ELAN (U.S. Bank agent),66,"PyraMax Bank, FSB",Greenfield,29120,402723,0,ELAN,Business credit cards - Small Business / Company / Community card options with and without rewards (uChoose Rewards),https://creditcardlearnmore.com/,Online self-serve via Elan creditcardlearnmore.com (bank-specific deep link not exposed on page),https://pyramaxbank.com/commercial-cards.html,VERIFIED-own-page,"Own commercial-cards page discloses verbatim: ""The creditor and issuer of these cards is Elan Financial Services, pursuant to separate licenses from Visa U.S.A. Inc., and Mastercard International Incorporated."" Learn-more/apply link on creditcardlearnmore.com (Elan)",https://pyramaxbank.com/commercial-cards.html | https://pyramaxbank.com/credit-cards.html
5. ELAN (U.S. Bank agent),66,Woodford State Bank,Monroe,10011,393758,0,ELAN,Business credit cards (Elan suite),https://creditcardlearnmore.com/11t3/index?ecdma-lc=00912&ecid=OTHE_25940,online,https://woodfordstatebank.com/business-credit-cards.html,VERIFIED-own-page,Business credit card page's only apply/learn-more link is https://creditcardlearnmore.com/11t3/index?ecdma-lc=00912&ecid=OTHE_25940 (Elan agent-bank application domain); bank directs lost-card calls to Elan at 800-558-3424. No TCM/mycommunitycc reference.,https://woodfordstatebank.com/business-credit-cards.html | https://woodfordstatebank.com/credit-cards.html
5. ELAN (U.S. Bank agent),66,BLC Community Bank,Little Chute,11608,387184,0,ELAN,Elan Visa business cards - low rate / cash back / flexible rewards,https://creditcardlearnmore.com/11t3/index?ecdma-lc=36082&ecid=OTHE_25940#business,Online self-serve via Elan portal; phone (920) 788-4141,https://www.blccb.com/business/loans/business-credit-cards,VERIFIED-own-page,"Own business-card page discloses: ""The creditor and issuer of these cards is Elan Financial Services, pursuant to separate licenses from Visa U.S.A. Inc., and Mastercard International Incorporated."" Learn-more/apply = creditcardlearnmore.com#business",https://www.blccb.com/business/loans/business-credit-cards
5. ELAN (U.S. Bank agent),66,Oostburg State Bank,Oostburg,10380,380755,0,ELAN,Business credit cards - low rate / cash back / flexible rewards (names not itemized),https://creditcardlearnmore.com/11t3/index?ecdma-lc=27395&ecid=OTHE_25940,Online self-serve (Apply Now to Elan portal),https://www.oostburgstate.bank/business-credit-cards,VERIFIED-own-page,"Own page discloses: ""The creditor and issuer of these cards is Elan Financial Services, pursuant to separate licenses from Visa U.S.A. Inc., and Mastercard International Incorporated."" Apply Now = creditcardlearnmore.com (lc=27395); servicing = myaccountaccess.com",https://www.oostburgstate.bank/business-credit-cards
5. ELAN (U.S. Bank agent),66,First Citizens State Bank,Whitewater,11228,370088,0,ELAN,Visa Business Card; Visa Business Travel / Rewards card (unlimited 1% cash back),https://creditcardlearnmore.com/11t3/index?ecdma-lc=00256&ecid=OTHE_25940,Online self-serve (Elan creditcardlearnmore.com),https://www.firstcitizensww.com/Business-Card-Services.aspx,VERIFIED-own-page,"Own Business Card Services page's apply link points to Elan's application portal creditcardlearnmore.com (ecdma-lc=00256); page uses Elan business-card boilerplate (low rate / cash back / flexible rewards, company card employee spend controls). No TCM/mycommunitycc.com.",https://www.firstcitizensww.com/Business-Card-Services.aspx
5. ELAN (U.S. Bank agent),66,American National Bank - Fox Cities,Appleton,33812,366383,0,ELAN,Business credit cards (Elan: low rate / cash back / flexible rewards),https://www.mycardapply.com/synindex/?ecdma-lc=36059&ecid=OTHE_25940&offertype=0#business,Online self-serve via Elan mycardapply portal,https://www.anbfc.bank/business-banking/business-credit-cards/,VERIFIED-own-page,"Own business credit cards page names ""Elan Financial Services"" as ""the creditor and issuer of these cards"" under Visa U.S.A. Inc. and Mastercard International licenses; apply portal is Elan's mycardapply.com (ecdma-lc=36059)",https://www.anbfc.bank/business-banking/business-credit-cards/
5. ELAN (U.S. Bank agent),66,Bank of Mauston,Mauston,12327,362417,0,ELAN,Business low rate / cash back / flexible rewards Elan cards,https://creditcardlearnmore.com/11t3/index?ecdma-lc=00316&ecid=OTHE_25940,Online self-serve (Elan portal),https://www.thebankofmauston.com/business-credit-cards/,VERIFIED-own-page,"Own business credit card page states: ""The creditor and issuer of these cards is Elan Financial Services, pursuant to separate licenses from Visa U.S.A. Inc., and Mastercard international incorporated."" Existing-cardholder link = myaccountaccess.com.",https://www.thebankofmauston.com/business-credit-cards/
5. ELAN (U.S. Bank agent),56,The Bank of Brodhead,Brodhead,2455,336872,0,ELAN,Commercial Cards; Business/Agriculture Credit Cards,https://www.mycardapply.com/synindex/?ecdma-lc=36076&ecid=OTHE_25940&offertype=0#business,Online self-serve (apply via mycardapply.com),https://www.bankofbrodhead.com/business/payment-solutions,INFERRED,Own business payment-solutions page apply links go to https://www.mycardapply.com/synindex/?ecdma-lc=36076&ecid=OTHE_25940&offertype=0#business - mycardapply.com is Elan Financial Services' application portal (same ecid/OTHE_25940 Elan referral scheme). No TCM/mycommunitycc reference on page,https://www.bankofbrodhead.com/business/payment-solutions
5. ELAN (U.S. Bank agent),66,Sterling Bank,Barron,6195,318906,0,ELAN,"Elan Visa Platinum Travel, Visa Platinum, Visa Classic, College Visa Classic; VISA Purchasing card (business, up to 1.25% cash rebate)",https://creditcardlearnmore.com/11t3/index?ecdma-lc=362&ecid=OTHE_25940,Online self-serve via Elan creditcardlearnmore portal; business purchasing card via banker,https://www.sterlingbank.ws/credit-cards/,VERIFIED-own-page,"Own credit cards page: cards offered ""through Elan Financial Services"" (Elan Visa Platinum Travel / Platinum / Classic / College Classic listed); apply via creditcardlearnmore.com?ecdma-lc=362; existing accounts at myaccountaccess.com. Site also markets a VISA Purchasing card for mid/large business (Elan program).",https://www.sterlingbank.ws/credit-cards/ | https://www.sterlingbank.ws/
5. ELAN (U.S. Bank agent),66,Wolf River Community Bank,Hortonville,34240,307443,0,ELAN,Business credit card options (Elan suite; no bank-specific product names listed),https://creditcardlearnmore.com/11t3/index?ecdma-lc=01991&ecid=OTHE_25940,online,https://www.wolfriverbank.com/business/business-credit-cards/,VERIFIED-own-page,"Own business-credit-card page disclosure: 'The creditor and issuer of these cards is Elan Financial Services, pursuant to separate licenses from Visa U.S.A. Inc., and Mastercard International Incorporated.' Only apply/learn-more link is https://creditcardlearnmore.com/11t3/index?ecdma-lc=01991&ecid=OTHE_25940. Site returns 403 to plain curl; read via rendering fetch of the bank's own page.",https://www.wolfriverbank.com/business/business-credit-cards/ | https://www.wolfriverbank.com/personal/credit-cards/
5. ELAN (U.S. Bank agent),66,Fox Valley Savings Bank,Fond Du Lac,29188,304022,78,ELAN,Business Visa credit cards - low rate / cash back / flexible rewards,https://www.mycardapply.com/synindex?ecdma-lc=664&ecid=OTHE_25940&offertype=0,Online self-serve (apply via Elan portal),https://www.fvsbank.com/business/business-visa-credit-card/,VERIFIED-own-page,"Own page discloses: ""The creditor and issuer of these cards is Elan Financial Services."" Apply = mycardapply.com (lc=664) and creditcardlearnmore.com; access = myaccountaccess.com theme=elan0",https://www.fvsbank.com/business/business-visa-credit-card/
5. ELAN (U.S. Bank agent),66,"The Equitable Bank, S.S.B.",Wauwatosa,28614,296086,60,ELAN,Business credit cards (Elan: low rate / cash back / flexible rewards),https://creditcardlearnmore.com/11t3/index?ecdma-lc=00557&OTHE_25940,Online self-serve via Elan creditcardlearnmore portal,https://www.theequitablebank.com/Business-Banking/Services/Business-Services,VERIFIED-own-page,"Own business services page states: ""The creditor and issuer of these cards is Elan Financial Services, pursuant to separate licenses from Visa U.S.A. Inc., and Mastercard International Incorporated.""; servicing at myaccountaccess.com",https://www.theequitablebank.com/Business-Banking/Services/Business-Services
5. ELAN (U.S. Bank agent),66,The First National Bank of River Falls,River Falls,5364,287909,64,ELAN,Business credit cards (Elan suite),https://creditcardlearnmore.com/11t3/index?ecdma-lc=00197&ecid=OTHE_25940,online,https://www.fnbrf.com/business/business-services/,VERIFIED-own-page,"Own business-services page disclosure: 'The creditor and issuer of these cards is Elan Financial Services, pursuant to separate licenses from Visa U.S.A. Inc, and Mastercard International incorporated.' Apply link -> creditcardlearnmore.com/11t3/index?ecdma-lc=00197; servicing myaccountaccess.com?theme=elan0&loc=197",https://www.fnbrf.com/business/business-services/ | https://www.fnbrf.com/business/business-accounts/
5. ELAN (U.S. Bank agent),66,Laona State Bank,Laona,11601,265231,0,ELAN,Business credit cards (Elan: low rate / cash back / flexible rewards),https://creditcardlearnmore.com/11t3/index?ecdma-lc=00347&ecid=OTHE_25940,Online self-serve via Elan creditcardlearnmore portal,https://www.laonastatebank.com/lending/business/commercial-loans,VERIFIED-own-page,"Business lending page carries business credit card block with disclosure: ""The creditor and issuer of these cards is Elan Financial Services, pursuant to separate licenses from Visa U.S.A. Inc., and Mastercard International Incorporated.""; Apply Now -> creditcardlearnmore.com?ecdma-lc=00347. No TCM/mycommunitycc.com.",https://www.laonastatebank.com/lending/business/commercial-loans | https://laonastatebank.com/lending/consumer/consumer-loans
5. ELAN (U.S. Bank agent),66,The Peshtigo National Bank,Peshtigo,5317,257112,0,ELAN,Elan Visa & American Express cards (business cards not separately named),https://creditcardlearnmore.com/11t3/index?ecdma-lc=00086&ecid=OTHE_25940,Online self-serve (Learn More/Apply) or branch/phone 888-550-4512,https://pnbwi.com/credit-cards.html,VERIFIED-own-page,"Own credit-cards page discloses Elan Financial Services as ""the creditor and issuer of these cards, pursuant to separate licenses from Visa U.S.A. Inc., and Mastercard International Incorporated."" Learn More/apply = creditcardlearnmore.com (lc=00086); business cardmember service 1-866-552-8855 (Elan business line)",https://pnbwi.com/credit-cards.html
5. ELAN (U.S. Bank agent),66,Collins State Bank,Collins,14914,254468,25,ELAN,Credit cards for personal and business needs (product names not listed),https://creditcardlearnmore.com/11t3/index?ecdma-lc=00493&ecid=OTHE_25940,Online self-serve (Elan creditcardlearnmore.com),https://www.collinsstatebank.com/Loans/Credit-Cards,VERIFIED-own-page,Own credit-cards page (personal + business) apply/learn-more link is Elan's portal https://creditcardlearnmore.com/11t3/index?ecdma-lc=00493&ecid=OTHE_25940 with third-party-site leaving notice. No TCM/mycommunitycc.com.,https://www.collinsstatebank.com/Loans/Credit-Cards
5. ELAN (U.S. Bank agent),66,The Farmers State Bank of Waupaca,Waupaca,13033,242233,44,ELAN,Business low rate / cash back / flexible rewards cards (Visa Business Reporting tool),https://creditcardlearnmore.com/11t3/index?ecdma-lc=00202&ecid=OTHE_25940,Online self-serve (Elan portal),https://fsbwaupaca.com/business-credit-cards.html,VERIFIED-own-page,"Own business credit card page states: ""The creditor and issuer of these cards is Elan Financial Services, pursuant to separate licenses from Visa U.S.A. Inc., and Mastercard International Incorporated.""",https://fsbwaupaca.com/business-credit-cards.html
5. ELAN (U.S. Bank agent),66,Nekoosa Port Edwards State Bank,Nekoosa,2482,241762,28,ELAN,"Business credit cards - low rate, cash back, flexible rewards (Elan suite)",https://creditcardlearnmore.com/11t3/index?ecdma-lc=541&ecid=OTHE_25940,online,https://www.npesb.bank/business-banking/business-credit-card-accounts/,VERIFIED-own-page,"Own business-credit-card page: 'The creditor and issuer of these cards is Elan Financial Services, pursuant to a license from Visa U.S.A. Inc.' Apply link -> creditcardlearnmore.com/11t3/index?ecdma-lc=541&ecid=OTHE_25940; servicing myaccountaccess.com",https://www.npesb.bank/business-banking/business-credit-card-accounts/
5. ELAN (U.S. Bank agent),56,Bank of Deerfield,Deerfield,2477,223733,157,ELAN,Business credit cards from Visa (two options; names not published),https://www.mycardapply.com/synindex?ecdma-lc=35989&ecid=OTHE_25940&offertype=0#business,Online self-serve via Elan portal; page also invites contacting the bank,https://www.bankofdeerfield.bank/business-banking/credit-cards-merchant-processing,INFERRED,Own business credit card page's apply link = https://www.mycardapply.com/synindex?ecdma-lc=35989&ecid=OTHE_25940&offertype=0#business (Elan application portal) and page also links cardholder access myaccountaccess.com (Elan). No TCM/mycommunitycc reference; no explicit issuer sentence on page,https://www.bankofdeerfield.bank/business-banking/credit-cards-merchant-processing
5. ELAN (U.S. Bank agent),66,Partners Bank of Wisconsin,Marshfield,12513,218216,67,ELAN,Business low rate / cash back / flexible rewards cards,https://www.mycardapply.com/synindex/?ecdma-lc=00208&ecid=OTHE_25940&offertype=0,Online self-serve (Elan portal),https://www.partnersbankwi.com/business/business-credit-cards/,VERIFIED-own-page,"Own business credit card page states: ""The creditor and issuer of these cards is Elan Financial Services, pursuant to a license from Visa U.S.A. Inc."" (and Mastercard variant). Apply link is mycardapply.com (Elan application host).",https://www.partnersbankwi.com/business/business-credit-cards/
5. ELAN (U.S. Bank agent),66,First Federal Bank of Wisconsin,Waukesha,30422,211664,0,ELAN,"Business/commercial credit cards - low rate, cash back, flexible rewards (Elan suite)",https://creditcardlearnmore.com/11t3/index?ecdma-lc=1260&ecid=OTHE_25940#business,online,https://www.firstfederalwisconsin.com/commercial-banking/commercial-credit-cards/,VERIFIED-own-page,"Own commercial-credit-cards page disclosure: 'The creditor and issuer of these cards is Elan Financial Services, pursuant to separate licenses from Visa U.S.A. Inc.' plus 'Elan Financial Services provides zero fraud liability...'. Apply link -> creditcardlearnmore.com/11t3/index?ecdma-lc=1260&ecid=OTHE_25940#business",https://www.firstfederalwisconsin.com/commercial-banking/commercial-credit-cards/ | https://www.firstfederalwisconsin.com/card-management/
5. ELAN (U.S. Bank agent),66,Security Bank,New Auburn,10015,204562,40,ELAN,Elan VISA business credit cards,https://creditcardlearnmore.com/11t3/index?ecdma-lc=00859&ecid=OTHE_25940,Online self-serve via Elan portal,https://www.securityonlinebank.com/Business-Loans#Credit-Cards,VERIFIED-own-page,"Own Business Loans page: ""Choose from a variety of VISA Credit cards, each designed to match your financial needs."" with Learn More going to creditcardlearnmore.com/11t3/index?ecdma-lc=00859&ecid=OTHE_25940 (Elan); site also links elancard.com/cgi_w/cfm/elancard/index.cfm?loc=0405&theme=elan1",https://www.securityonlinebank.com/Business-Loans | https://www.securityonlinebank.com/
5. ELAN (U.S. Bank agent),66,Cleveland State Bank,Cleveland,9517,203884,64,ELAN,Business credit cards - low rate / cash back / flexible rewards,https://creditcardlearnmore.com/11t3/index?ecdma-lc=337&ecid=OTHE_25940#business,Online self-serve (Learn More or Apply Now),https://clevelandstate.bank/business-banking/business-credit-cards/,VERIFIED-own-page,"Own page discloses: ""The creditor and issuer of these cards is Elan Financial Services, pursuant to separate licenses from Visa U.S.A. Inc., and Mastercard International Incorporated."" Apply = creditcardlearnmore.com (lc=337); access = myaccountaccess.com theme=elan1&loc=00337",https://clevelandstate.bank/business-banking/business-credit-cards/
5. ELAN (U.S. Bank agent),62,Pillar Bank,Baldwin,5336,194972,0,ELAN,Business credit cards (Elan: low rate / cash back / flexible rewards),https://creditcardlearnmore.com/11t3/index?ecdma-lc=00512&ecid=OTHE_25940,Online self-serve via Elan creditcardlearnmore portal,https://www.pillar.bank/business/#accordion-Credit-Cards,VERIFIED-own-page,"Own business page Credit Cards accordion states: ""The creditor and issuer of these cards is Elan Financial Services, pursuant to a license from Visa U.S.A. Inc.""; LEARN MORE -> creditcardlearnmore.com?ecdma-lc=00512. No TCM/mycommunitycc.com. (Pillar Bank = former First Bank of Baldwin, CERT 5336.)",https://www.pillar.bank/business/ | https://www.pillar.bank/
5. ELAN (U.S. Bank agent),62,Community Bank of Cameron,Cameron,12349,193214,0,ELAN,"Business credit cards - low rate, cash back, flexible rewards (Elan suite); no bank-specific names",https://www.mycardapply.com/synindex/?ecdma-lc=00478&ecid=OTHE_25940&offertype=0,online,https://www.communitybankwi.com/credit-cards/,VERIFIED-own-page,"NOT TCM. Own /credit-cards/ page: 'Compare Credit Card Options' button -> https://www.mycardapply.com/synindex/?ecdma-lc=00478&ecid=OTHE_25940&offertype=0 (Elan application platform, same ecid=OTHE_25940 as other Elan agent banks) and 'Manage Your Existing Card' -> myaccountaccess.com/onlineCard/login.do. Former page /business-banking/business-credit-cards/ (now 404) carried Elan business-card boilerplate: 'popular business credit card options such as low rate, cash back or flexible rewards... No fee for additional employee cards'. No mycommunitycc/TCM reference.","https://www.communitybankwi.com/credit-cards/ | https://www.communitybankwi.com/business-banking/business-credit-cards/ (404, via search snippet)"
5. ELAN (U.S. Bank agent),37,Bank of Milton,Milton,11232,193050,72,ELAN,Visa Credit Cards through Elan (business card not separately named),"None - branch only (""""Stop in and we can help pick a card that's right for you"""")",Branch,https://www.bankofmilton.com/convenience-services/,VERIFIED-own-page,"Own Convenience Services page states: ""We offer Visa Credit Cards through Elan."" and links Credit Card Account Access to myaccountaccess.com (Elan servicing). Apply = ""Stop in and we can help pick a card that's right for you."" No separate business-card product page",https://www.bankofmilton.com/convenience-services/ | https://www.myaccountaccess.com/onlineCard/login.do
5. ELAN (U.S. Bank agent),62,"Paper City Savings Bank, S.A.",Wisconsin Rapids,29676,174001,0,ELAN,"Business Visa/Mastercard credit cards (Elan suite); consumer line includes Platinum, Everyday Rewards, Travel Rewards",https://creditcardlearnmore.com/11t3/index?ecdma-lc=25063&ecid=OTHE_25940#business,online,https://www.pcs.bank/lending-center/business-lending/business-credit-cards,VERIFIED-own-page,"Own business-credit-cards page disclosure: 'Visa: The creditor and issuer of these cards is Elan Financial Services, pursuant to a license from Visa U.S.A. Inc.' / 'Mastercard: The creditor and issuer...'. Apply link -> creditcardlearnmore.com/11t3/index?ecdma-lc=25063&ecid=OTHE_25940#business",https://www.pcs.bank/lending-center/business-lending/business-credit-cards | https://www.pcs.bank/personal/banking-services/credit-cards
5. ELAN (U.S. Bank agent),62,Farmers & Merchants Bank & Trust,Marinette,10382,146621,0,ELAN,Business low rate / cash back / flexible rewards Visa cards,https://creditcardlearnmore.com/11t3/index?ecdma-lc=00157&ecid=OTHE_25940,Online self-serve (Elan portal),https://www.fmmarinette.com/lending/business-credit-cards,VERIFIED-own-page,"Own business credit card page states: ""The creditor and issuer of these cards is Elan Financial Services, pursuant to separate licenses from Visa U.S.A. Inc., and Mastercard International Incorporated.""",https://www.fmmarinette.com/lending/business-credit-cards
5. ELAN (U.S. Bank agent),62,The Bank of Kaukauna,Kaukauna,15228,144249,25,ELAN,Elan Business Cash Preferred; Business Real Rewards (plus consumer Travel/Reserve Rewards Plus),https://creditcardlearnmore.com/11t3/index?ecdma-lc=00596&ecid=OTHE_25940,Online self-serve via Elan portal,https://www.bankofkaukauna.com/business/,VERIFIED-own-page,Own site links credit cards to creditcardlearnmore.com/11t3/index?ecdma-lc=00596&ecid=OTHE_25940 which is branded Elan Financial Services and exposes business products business-cash-preferred and business-real-rewards for loc 00596; servicing = myaccountaccess.com?theme=elan3&loc=00596. Business Credit Cards listed in business services,https://www.bankofkaukauna.com/ | https://creditcardlearnmore.com/11t3/index?ecdma-lc=00596&ecid=OTHE_25940
5. ELAN (U.S. Bank agent),62,GreenLeaf Bank,Greenleaf,12661,131580,0,ELAN,VISA Business Cash Card; VISA Business Bonus Rewards Card; VISA Business Bonus Rewards Card Plus,https://online1.elancard.com/oad/begin?locationCode=0554,Online self-serve (Elan online1.elancard.com application),https://www.greenleaf.bank/business/commercial-loans/business-credit-cards,VERIFIED-own-page,"Own business-credit-cards page discloses verbatim: ""The creditor and issuer of these Cards is Elan Financial Services, pursuant to separate licenses from Visa U.S.A. Inc."" Direct online application on Elan's online1.elancard.com (locationCode=0554) plus creditcardlearnmore.com learn-more link. No TCM/mycommunitycc.com.",https://www.greenleaf.bank/business/commercial-loans/business-credit-cards
5. ELAN (U.S. Bank agent),52,Bank of Cashton,Cashton,12325,126026,0,ELAN,Credit cards via Elan portal (no business-specific product page named),https://www.mycardapply.com/synindex?ecdma-lc=01536&ecid=OTHE_25940&offertype=0,online,https://www.bankofcashton.bank/loans/business-loans/,INFERRED,"NOT TCM. Site-wide the only card application is 'Credit Card Application Apply Now' -> https://www.mycardapply.com/synindex?ecdma-lc=01536&ecid=OTHE_25940&offertype=0 (Elan agent-bank application platform; same ecid=OTHE_25940 as confirmed Elan banks incl. Park Bank, whose button markup is labeled 'Link to Elan Apply Now'). Same Elan link repeated on /loans/business-loans/. No dedicated business-card page and no explicit issuer disclosure on the bank's own pages; no mycommunitycc/TCM reference.",https://www.bankofcashton.bank/ | https://www.bankofcashton.bank/loans/business-loans/
5. ELAN (U.S. Bank agent),62,Security State Bank,Iron River,9036,110077,22,ELAN,Business credit cards with employee monthly reporting,https://creditcardlearnmore.com/11t3/index?ecdma-lc=0405&ecid=OTHE_25940,Online self-serve (Elan portal),https://www.sbankonline.com/Business-Loans#Credit-Cards,VERIFIED-own-page,"Own Business Loans page 'Credit Cards' section links apply to creditcardlearnmore.com/11t3/index?ecdma-lc=0405&ecid=OTHE_25940 and existing accounts to elancard.com/cgi_w/cfm/elancard/index.cfm?loc=0405 - i.e. Elan Financial Services. Page text: ""Providing businesses with monthly reporting in order to track all employees using the account."" and notes applicants ""receive instant decisions"" via the Elan link.",https://www.sbankonline.com/Business-Loans | https://www.sbankonline.com/
5. ELAN (U.S. Bank agent),62,Conservation First Bank,Benton,14316,101231,9,ELAN,"Business credit cards - low rate, cash back, flexible rewards (Elan suite)",https://creditcardlearnmore.com/11t3/index?ecdma-lc=3555&ecid=OTHE_25940#business,online,https://www.conservationfirstbank.com/business-loans#businesscreditcards,VERIFIED-own-page,"Own business-loans page (#businesscreditcards anchor) disclosure: 'The creditor and issuer of these cards is Elan Financial Services, pursuant to a license from Visa U.S.A. Inc.' plus Elan zero-fraud-liability boilerplate. Apply/Learn More -> https://creditcardlearnmore.com/11t3/index?ecdma-lc=3555&ecid=OTHE_25940#business",https://www.conservationfirstbank.com/business-loans | https://conservationfirstbank.com/
5. ELAN (U.S. Bank agent),62,Black River Country Bank,Black River Falls,15152,85424,63,ELAN,"Business credit cards - low rate, cash back, flexible rewards (Elan suite)",https://www.mycardapply.com/synindex?ecdma-lc=531&ecid=OTHE_25940&offertype=0#business,online,https://www.brcbank.com/business-credit-cards/,VERIFIED-own-page,"Own business-credit-cards page is headed 'Credit Cards (By Elan)' and discloses: 'Visa: The creditor and issuer of these cards is Elan Financial Services, pursuant to a license from Visa U.S.A. Inc. Mastercard: The creditor and issuer of these cards is Elan Financial Services...'. Apply/Learn More -> https://www.mycardapply.com/synindex?ecdma-lc=531&ecid=OTHE_25940&offertype=0#business",https://www.brcbank.com/business-credit-cards/ | https://www.brcbank.com/credit-cards/
5. ELAN (U.S. Bank agent),62,Ladysmith Federal Savings and Loan Association,Ladysmith,28983,70604,0,ELAN,Business credit cards (Elan: low rate / cash back / flexible rewards),https://creditcardlearnmore.com/11t3/index?ecdma-lc=36774&ecid=OTHE_25940#business,Online self-serve via Elan creditcardlearnmore portal or in person at the office,https://ladysmithfederal.com/business-credit-card.html,VERIFIED-own-page,"Own business credit card page states: ""The creditor and issuer of these cards is Elan Financial Services, pursuant to separate licenses from Visa U.S.A. Inc."" and ""Credit cards are subject to credit approval & are issued by Elan Financial Services.""; apply via creditcardlearnmore.com?ecdma-lc=36774#business. TCM Bank not mentioned anywhere.",https://ladysmithfederal.com/business-credit-card.html | https://ladysmithfederal.com/
5. ELAN (U.S. Bank agent),62,Bank of Ontario,Ontario,21085,67996,0,ELAN,"Business Visa / Mastercard credit cards - low rate, cash back, flexible rewards",https://creditcardlearnmore.com/11t3/index?ecdma-lc=1196&ecid=OTHE_25940,Online self-serve (Elan portal),https://www.myvernoncountybank.com/Pages/debit.html,VERIFIED-own-page,"Own Debit/Credit Cards page names Elan Financial Services as issuer and offers BOTH personal and business Visa/Mastercard credit cards: ""Choose from our popular business credit card options such as low rate, cash back or flexible rewards to find the one that works best for your business."" Business bullet: ""Free online expense reporting tools. No fee for additional employee cards."" Apply/learn-more link is creditcardlearnmore.com (Elan).",https://www.myvernoncountybank.com/Pages/debit.html | https://www.myvernoncountybank.com/
5. ELAN (U.S. Bank agent),47,Hustisford State Bank,Hustisford,12354,55750,38,ELAN,Visa credit cards issued through Elan (no separate business product named),None published - contact bank (920-349-3241); no online application,Branch/phone (no online application),https://hustisfordstatebank.com/services.php,VERIFIED-own-page,"NOT TCM. Bank's own Banking Services page lists under Loan Services: ""Credit Cards - Issued through Elan"" / ""Visa""; Special Services lists ""Credit Cards (VISA)"". Live site is Cloudflare-blocked (HTTP 403/202) so evidence taken from the bank's own services.php page as archived 2024-07-22 (identical text also present in 2019 snapshot). No distinct business credit card product published; no mycommunitycc.com/TCM reference",https://web.archive.org/web/20240722073355/https://hustisfordstatebank.com/services.php | https://web.archive.org/web/20190722162213/https://hustisfordbank.com/services.php
6. TIB (agent),62,Marathon Bank,Wausau,29745,181373,0,TIB,Standard Card (No Fee); Choice Rewards Card / Preferred Points Card (Visa or Mastercard),https://www.cardaccount.net/application/5301e29a42/business/new,Online self-serve via TIB cardaccount.net business application,https://www.marathonbank.com/business-credit-cards/,VERIFIED-own-page,"Own business credit card page routes applications to https://www.cardaccount.net/application/5301e29a42/business/new and servicing to cardaccount.net / cardmanager.net / mypreferredpoints.com = TIB (The Independent BankersBank) rail. No ""TCM Bank, N.A."" text, no mycommunitycc.com, no Elan disclosure.",https://www.marathonbank.com/business-credit-cards/ | https://www.marathonbank.com/personal/personal-credit-cards/
7. CORSERV (own-balance-sheet platform),65,First Business Bank,Madison,15229,3571989,92,CORSERV,Business Credit Card (commercial/business card program),UNKNOWN - no public online application found; contact bank,Branch/relationship banker (no public online apply),https://firstbusiness.bank/business-banking/,INFERRED,"PRNewswire/CorServ 2025 release: ""CorServ ... is partnering with First Business Bank"" — ""Through CorServ, First Business Bank will offer commercial, business and consumer credit cards"" (moved from Agent Bank referral model to CorServ hybrid issuing). No public product page found on firstbusiness.bank.",https://www.corservsolutions.com/first-business-bank-partners-with-corserv/ | https://www.prnewswire.com/news-releases/first-business-bank-partners-with-corserv-for-improved-credit-card-issuing-to-commercial-customers-302454464.html
8. UNKNOWN (ask the bank),17,Bristol Morgan Bank,Oakfield,9523,150800,396,UNKNOWN,No business credit card published (Mastercard debit only; consumer Visa Classic referenced),NOT-FOUND (call 920-583-3191 / 888-852-3191),Branch/phone only,https://bristolmorganbank.com/business/debit-credit-cards/,UNKNOWN,"NOT TCM (no mycommunitycc.com, no ""TCM Bank, N.A."" anywhere on site). Both /business/debit-credit-cards/ and /personal/debit-credit-cards/ describe only Mastercard debit; no business credit card product, issuer disclosure, or apply link is published. Search snippets of the bank's own pages reference a consumer ""Bristol Morgan Bank Visa Classic Credit Card ... subject to credit approval"" with 24-hr service 1-800-423-7503 (FIS - same rail as other Bankers' Bank Community BankCard banks), but no business card is evidenced. Business rail unverifiable from public pages.",https://bristolmorganbank.com/business/debit-credit-cards/ | https://bristolmorganbank.com/personal/debit-credit-cards/
8. UNKNOWN (ask the bank),17,First Community Bank,Milton,11225,146145,279,UNKNOWN,Business Credit Card ($15/year add-on to business checking),,branch,https://www.fcbmilton.com/Business/Checking,UNKNOWN,"Bank DOES offer a business credit card - own Business/Checking page lists 'Business Credit Card availible for $15 per year' on Organization Advantage, Small Business Advantage and Small Business Advantage Plus Checking - but the full site map (fcbmilton.com/the-site-map) has NO credit-card product page, no application link, and no issuer disclosure anywhere. No mycommunitycc/TCM, no Elan/creditcardlearnmore/mycardapply, no cardaccount.net, no myapexcard on the site. Issuer cannot be determined from bank-published material.",https://www.fcbmilton.com/Business/Checking | https://www.fcbmilton.com/the-site-map | https://www.fcbmilton.com/Business/Loans
8. UNKNOWN (ask the bank),42,Waldo State Bank,Waldo,8700,126964,0,UNKNOWN,"Credit Cards (unnamed, listed among commercial lending tools)",https://waldostatebank.connectfi.com/ (general loan application portal; no card-specific apply link),Branch/loan-officer via general online loan portal,https://waldostate.bank/loans,UNKNOWN,"Own /loans page lists under commercial lending: ""Term loans ... Operating Lines of Credit. Letters of Credit. Credit Cards. SBA guaranteed loans."" - so a business credit card exists, but NO issuer is named anywhere on waldostate.bank, there is no dedicated credit card page, and the only apply path is the general loan portal waldostatebank.connectfi.com. No TCM/Elan/TIB/CorServ domain or disclosure found.",https://waldostate.bank/loans | https://waldostate.bank/merchant-services
8. UNKNOWN (ask the bank),27,Bonduel State Bank,Bonduel,11235,112245,75,UNKNOWN,Credit cards (no product names or business/consumer split published),NOT-FOUND (apply by phone 715-758-2141),Phone/branch only - no online application,https://www.bonduelbank.com/loans/credit-cards/,UNKNOWN,"NOT TCM - no mycommunitycc.com, no ""TCM Bank, N.A."", and no third-party card servicing domain anywhere on bonduelbank.com. Credit Cards page names no issuer and no product tiers: only ""apply today by calling us at 715-758-2141"". Business Services page lists no credit card. Rail not determinable from public pages.",https://www.bonduelbank.com/loans/credit-cards/ | https://www.bonduelbank.com/business/business-services/ | https://www.bonduelbank.com/
8. UNKNOWN (ask the bank),12,The International Bank of Amherst,Amherst,14907,85674,0,UNKNOWN,UNKNOWN,UNKNOWN,UNKNOWN,UNKNOWN - bank site unreachable,UNKNOWN,FDIC-listed website www.ibamherst.com refuses connections (TLS/connection reset) from this environment and the legacy internationalbank-amherst.com domain has been taken over by an unrelated spam site; only secure.ibamherst.com (online-banking login) is reachable. Web search budget exhausted before an own-page card disclosure could be located. No TCM/Elan/TIB/CorServ evidence either way.,https://api.fdic.gov/banks/institutions?filters=CERT:14907 (WEBADDR www.ibamherst.com) | https://secure.ibamherst.com/Pages/Login.aspx
9. NO BUSINESS CARD,0,Bank Cmg,Madison,11623,781816,62,NO-CARD,None advertised (business debit card only),None found,N/A,https://www.bankcmg.com/business-loans/ (no business card page exists),VERIFIED-own-page,"Full sitemap crawl of bankcmg.com (page-sitemap.xml, 56 pages): the only card pages are /card-management/, /debit-card-atm-cards/ and /business-debit-card/. Business pages (business-loans, business-checking, business-debit-card, business-online) contain zero 'credit card' occurrences and no Elan/TCM/TIB/CorServ/community-card link. No credit card product.",https://www.bankcmg.com/page-sitemap.xml | https://www.bankcmg.com/business-loans/ | https://www.bankcmg.com/business-debit-card/
9. NO BUSINESS CARD,0,Hiawatha National Bank,Hager City,13058,596152,0,NO-CARD,None published (debit/ATM cards only),NONE,n/a - no credit card product offered,https://www.hnbank.com/business/value-added-services,VERIFIED-own-page,"hnbank.com (CERT 13058, Hager City WI) publishes no credit card product at all. Business Value Added Services page: ""does not mention business credit cards"" - only debit/ATM and cash management. Resources page also debit-only. NOTE: do not confuse with Hiawatha Bank & Trust (hiawathabank.com), a different entity.",https://www.hnbank.com/business/value-added-services | https://www.hnbank.com/resources/helpful-information | https://www.hnbank.com/
9. NO BUSINESS CARD,0,Chippewa Valley Bank,Hayward,12322,556456,0,NO-CARD,None found (debit/cash cards and Clover merchant services only),,n/a,https://www.chippewavalleybank.com/Card-Services,VERIFIED-own-page,"Full site sitemap (chippewavalleybank.com/sitemap) lists only Business-Checking, Business-Savings, Business-Lending, Card-Services; Card-Services page covers only Cash/Debit cards and Clover merchant services - no credit card product, and zero 'credit card' product mentions on business pages. No mycommunitycc/TCM/Elan references anywhere.",https://www.chippewavalleybank.com/Card-Services | https://www.chippewavalleybank.com/sitemap
9. NO BUSINESS CARD,0,Premier Community Bank,Marion,15799,495374,266,NO-CARD,None found (business debit cards only),,n/a,https://www.premiercommunity.com/business-banking.html,VERIFIED-own-page,"Site sitemap (premiercommunity.com/sitemap.html) lists business-checking, business-savings, business-loans, business-banking-tools, debit-cards, manage-my-card - no credit card page. business-banking.html and section-business-services.html contain zero 'credit card' mentions. No TCM/mycommunitycc/Elan references.",https://www.premiercommunity.com/sitemap.html | https://www.premiercommunity.com/business-banking.html
9. NO BUSINESS CARD,0,Oak Bank,Fitchburg,35333,397575,619,NO-CARD,None advertised,None found,N/A,https://www.oak.bank/business-banking,VERIFIED-own-page,"Own business-banking page lists Online Banking, Mobile Banking, Business Checking, Business Savings, Business Loans, Treasury Management, Nonprofit Banking - no credit card product page or apply link anywhere on oak.bank; no issuer disclosure found.",https://www.oak.bank/business-banking | https://www.oak.bank/
9. NO BUSINESS CARD,0,Spring Bank,Brookfield,58780,329337,0,NO-CARD,None found,,N/A - no business credit card offered online; would require calling 262-754-5555,https://www.springbankwi.bank/business-banking,VERIFIED-own-page,"No business credit card product exists on the bank's own site. Business Banking nav lists only Cash Management Services (online banking, wires, ACH, positive pay, remote deposit, merchant services, sweep) - no card page. Contact page's lost/stolen section covers debit cards only. No TCM/mycommunitycc.com, no Elan, no TIB.",https://www.springbankwi.bank/business-banking | https://www.springbankwi.bank/business/cash-management-services | https://www.springbankwi.bank/about/contact
9. NO BUSINESS CARD,0,Shell Lake State Bank,Shell Lake,14911,309896,76,NO-CARD,None advertised (debit cards only),None found,N/A,https://shelllakestatebank.com/lending-loans/,VERIFIED-own-page,Full site crawl of shelllakestatebank.com (home + lending-loans + business-checking): all 'card' references are DEBIT card / Manage My Card only; no credit card product page and no issuer disclosure anywhere.,https://shelllakestatebank.com/ | https://shelllakestatebank.com/lending-loans/ | https://shelllakestatebank.com/business-checking/
9. NO BUSINESS CARD,0,Northern State Bank,Ashland,15242,295604,64,NO-CARD,None advertised (debit cards only),None found,N/A,https://www.nsbashland.com/services/more-services,VERIFIED-own-page,Own site nav (nsbashland.com) lists Personal/Business checking-savings-loans and Services: Debit Cards only - no credit card page; /services/more-services explicitly has no credit card mention. Caveat: a third-party doxo biller page titled 'Northern State Bank - Credit Card' exists but is not bank-published evidence.,https://www.nsbashland.com/ | https://www.nsbashland.com/services/more-services
9. NO BUSINESS CARD,0,"Cumberland Federal Bank, FSB",Cumberland,29293,262145,0,NO-CARD,None advertised (Visa debit only),None found,N/A,https://www.cumberlandfederal.com/Business-Other-Services,VERIFIED-own-page,"Own Business Other Services page offers only debit: ""Our VISA(R) Debit Card gives you a faster, more economical, more convenient way to buy the products and services you need."" No credit card product page and no issuer disclosure on cumberlandfederal.com.",https://www.cumberlandfederal.com/Business-Other-Services | https://www.cumberlandfederal.com/Business-Loans
9. NO BUSINESS CARD,0,Alliance Bank,Mondovi,12511,202592,44,NO-CARD,None found,,N/A - no business credit card offered; card inquiries would go through a loan officer,https://www.alliancebank.us/ag-commercial-banking/other-business-services/,VERIFIED-own-page,"No credit card product (business or personal) anywhere on the bank's own site. Business nav = checking/savings, ag banking, other business services (wires, night depository, coin/currency, HSAs), commercial & ag loans; electronic services page lists debit/ATM cards only. Site search returns no credit card product page. No TCM/mycommunitycc.com, Elan, TIB or Bankers' Bank references.",https://www.alliancebank.us/ | https://www.alliancebank.us/ag-commercial-banking/other-business-services/ | https://www.alliancebank.us/tools-services/electronic-services/
9. NO BUSINESS CARD,0,Crossbridge Community Bank,Tomahawk,30516,186417,0,NO-CARD,None (Visa debit cards only),None - no business credit card offered,N/A,https://www.crossbridge.bank/business/business-atm-debit-cards,VERIFIED-own-page,"No business credit card product found on the bank's own site. Business Banking nav lists only Commercial Deposit Accounts, Commercial Loans, Business ATM/Debit Cards, Business Showcase, Online Business Services; the Business ATM/Debit Cards page covers Visa debit only and mentions no credit card or issuer. No TCM/Elan/TIB/CorServ references anywhere on site",https://www.crossbridge.bank/ | https://www.crossbridge.bank/business/business-atm-debit-cards
9. NO BUSINESS CARD,0,Farmers & Merchants State Bank,Waterloo,13242,183746,0,NO-CARD,None found,,N/A - no business credit card offered online or on the paper credit application,https://www.fandmstbk.com/business/business-checking-accounts,VERIFIED-own-page,"No business credit card product on the bank's own site (fandmstbk.com). Business section = business checking, business savings, cash management, business online banking - no card page. The bank's online Credit Application offers only Automobile / Motorcycle / Recreational Vehicle / Debt Consolidation / Other. Only card references are a CardValet controls page and a credit-card payoff calculator. No TCM/mycommunitycc.com, Elan, TIB or Bankers' Bank references.",https://www.fandmstbk.com/ | https://www.fandmstbk.com/business/business-checking-accounts | https://www.fandmstbk.com/credit-application
9. NO BUSINESS CARD,0,Great North Bank,Florence,15146,170360,0,NO-CARD,None (debit/ATM cards only),None - no business credit card offered,N/A,https://www.greatnorthbank.com/debit-cards-atm/,VERIFIED-own-page,"No credit card product on the bank's own site. Business Banking nav = Business Checking, Business Loans, Online Banking/Bill Pay/RDC, ACH Services only; card page is Debit Cards/ATM which mentions no credit card and no issuer. No TCM/Elan/TIB/CorServ references found",https://www.greatnorthbank.com/ | https://www.greatnorthbank.com/debit-cards-atm/
9. NO BUSINESS CARD,0,Bank of Alma,Alma,26689,168499,28,NO-CARD,None found,,N/A - no business credit card offered,https://www.bankofalma.net/banking-services/,VERIFIED-own-page,"No credit card product (business or personal) on the bank's own site (bankofalma.net, confirmed Alma WI with Nelson/Pepin/Wabasha offices). Banking Services = savings, checking, loans, debit card info, wire instructions. Loan applications cover home, auto/personal, and business & agriculture only. No TCM/mycommunitycc.com, Elan, TIB or Bankers' Bank references.",https://www.bankofalma.net/ | https://www.bankofalma.net/banking-services/ | https://api.fdic.gov/banks/institutions?filters=CERT:26689
9. NO BUSINESS CARD,0,State Bank of Reeseville,Reeseville,14960,132458,0,NO-CARD,None found,None - no business credit card offered,N/A,https://www.statebankofreeseville.com/business/,VERIFIED-own-page,"Bank's own business page lists only checking, money market and non-profit savings - no credit card product and no issuer named; personal page also has no credit card product or apply link. No TCM/Elan/TIB/CorServ references found",https://www.statebankofreeseville.com/business/ | https://www.statebankofreeseville.com/personal/
9. NO BUSINESS CARD,0,The Pineries Bank,Stevens Point,9526,131324,206,NO-CARD,None published,NONE,n/a - no credit card product offered,https://pineries.com/mortgages-loans/,VERIFIED-own-page,"pineries.com publishes no credit card product: home page nav has only Checking / Savings / Mortgages & Loans; Mortgages & Loans page lists real estate, HELOC, installment, commercial and student loans with ""no credit card offerings, issuer disclosures, or application links"". No business credit card page exists.",https://pineries.com/ | https://pineries.com/mortgages-loans/
9. NO BUSINESS CARD,0,River Falls State Bank,River Falls,16840,125735,58,NO-CARD,None,None,N/A,https://www.rfstatebankonline2.com/home/business/business-banking,VERIFIED-own-page,"Entire site (personal, business, loans, tools-support) offers no credit card product - only ATM/debit cards; business banking page lists Commercial Checking, business loans, bill pay, direct deposit, online access with no credit card mention. No card-issuer domain appears anywhere on site",https://www.rfstatebankonline2.com/home/business/business-banking | https://www.rfstatebankonline2.com/home/personal/loans | https://www.rfstatebankonline2.com/home/tools-support/lost-or-stolen-debit-cards
9. NO BUSINESS CARD,0,Oakwood Bank,Pigeon Falls,13030,119470,0,NO-CARD,None found,,N/A - no business credit card offered,https://www.oakwoodbank.net/business-banking/,VERIFIED-own-page,"No business credit card on the bank's own site (oakwoodbank.net, confirmed Pigeon Falls WI, former Pigeon Falls State Bank). Business Banking page lists only Agri/Business Checking, Commercial Checking, Agri/Business Freedom Club, Agri/Business Interest Checking, Business Money Market, Agri/Business Savings, Business Loans, Business CDs. No card product, no apply link, no TCM/mycommunitycc.com, Elan, TIB or Bankers' Bank references.",https://www.oakwoodbank.net/ | https://www.oakwoodbank.net/business-banking/
9. NO BUSINESS CARD,0,Headwaters State Bank,Land O' Lakes,9035,100361,0,NO-CARD,None,None,N/A,https://www.headwatersstatebank.com/about/services,VERIFIED-own-page,"Own Services page lists the full product set (""Account Research, ATM/Debit Cards, Automatic Transfers, Bank By Mail, ... Wire Transfers"") with no credit card of any kind; loans and business pages contain no credit card reference and no issuer domain",https://www.headwatersstatebank.com/about/services | https://www.headwatersstatebank.com/loans | https://www.headwatersstatebank.com/business/business-checking
9. NO BUSINESS CARD,0,Richland County Bank,Richland Center,15092,95822,0,NO-CARD,None found (merchant credit card processing only),,N/A - no business credit card offered,https://www.richlandcountybank.com/business-banking/other-business-services,VERIFIED-own-page,"No business credit card issued. The Other Business Services page offers only merchant acquiring: ""We offer a credit card processing service with competitive pricing and personalized customer service."" Personal side lists a Master Money debit card only. No TCM/mycommunitycc.com, Elan, TIB or Bankers' Bank references.",https://www.richlandcountybank.com/ | https://www.richlandcountybank.com/business-banking/other-business-services
9. NO BUSINESS CARD,0,Superior Savings Bank,Superior,28790,76900,0,NO-CARD,Consumer credit card only (unnamed); no business card product,None - no business credit card offered,N/A for business (consumer card by phone/online form),https://www.ss-bank.com/loans/credit-cards/,VERIFIED-own-page,"NOT TCM. Single-office savings bank with no business banking section at all - own site nav covers only Loans (mortgage/auto/personal/home equity), Personal Banking, Resources, About, Rates, Contact. Credit-cards page is consumer-only, names no issuer, and lists no business card; linked application URL (/credit-card-application/) returns 404. No mycommunitycc.com / creditcardlearnmore.com / cardaccount.net references",https://www.ss-bank.com/ | https://www.ss-bank.com/loans/credit-cards/
9. NO BUSINESS CARD,0,Independence State Bank,Independence,10741,73564,0,NO-CARD,None found (merchant card acceptance only),,N/A - no business credit card offered,https://www.independencestatebank.com/business/business-services.html,VERIFIED-own-page,"No business credit card issued. Business Services page lists ACH Processing, Remote Deposit Capture and Merchant Card Services (acceptance only - ""Accept major credit and debit cards""). No card product page, no apply link, no TCM/mycommunitycc.com, Elan, TIB or Bankers' Bank references.",https://www.independencestatebank.com/ | https://www.independencestatebank.com/business/business-services.html
9. NO BUSINESS CARD,0,Northwestern Mutual Wealth Management,Milwaukee,57093,50500,0,NO-CARD,None found,,N/A - not a card-issuing institution,https://www.northwesternmutual.com/,INFERRED,"Single-office trust/wealth-management institution (FDIC CERT 57093, 1 office, trust powers) that provides investment management, trust and fiduciary services - it does not offer business deposit/card products. No business credit card product exists on northwesternmutual.com and no TCM/mycommunitycc.com, Elan, TIB or Bankers' Bank card program is associated with it.",https://api.fdic.gov/banks/institutions?filters=CERT:57093 | https://www.northwesternmutual.com/
9. NO BUSINESS CARD,0,Highland State Bank,Highland,6198,40899,25,NO-CARD,None published (debit cards only),NONE,n/a - no credit card product offered,https://highlandstatebank.net/lending/,VERIFIED-own-page,"FDIC-listed site www.highlandstatebank.net (CERT 6198, Highland WI) has no credit card page at all - nav is Checking / Savings / Lending / Helpful Links; Lending page lists only mortgages, consumer loans and small business & farm loans. Card content is debit-only (CardValet). No TCM/Elan/TIB reference anywhere.",https://www.highlandstatebank.net/ | https://highlandstatebank.net/lending/
9. NO BUSINESS CARD,0,First National Bank in Tigerton,Tigerton,14400,26520,0,NO-CARD,None advertised,None found,N/A,http://www.bank1stnational.com/loans.php,VERIFIED-own-page,"Crawled every page on bank1stnational.com (index, checking, savings, loans, services, online-banking, site-map): zero occurrences of 'credit card' and no card-issuer link anywhere. Loans page covers personal/mortgage/business/ag loans only; services page covers safe deposit boxes and stop payments.",http://www.bank1stnational.com/ | http://www.bank1stnational.com/loans.php | http://www.bank1stnational.com/services.php | http://www.bank1stnational.com/site-map.php
9. NO BUSINESS CARD,0,Columbia Savings and Loan Association,Milwaukee,28480,19718,0,NO-CARD,None - no credit card product of any kind,,n/a,https://columbiasavingsandloans.com/,VERIFIED-own-page,"Entire site (columbiasavingsandloans.com, redirected from columbiasla.com) offers only: Buy a Home (mortgages), Buy a Commercial Property, Save for Your Future (savings). Zero occurrences of 'card' anywhere in the page content or navigation; no consumer or business credit card product. $19.7M-deposit Milwaukee thrift.",https://columbiasavingsandloans.com/ | https://columbiasavingsandloans.com/we-can-help-you/buy-a-commercial-property/
9. NO BUSINESS CARD,0,Thrivent Trust Company,Appleton,34799,2000,0,NO-CARD,None,None,N/A,https://www.thriventtrust.com/,VERIFIED-own-page,"FDIC BKCLASS=SB non-depository-style trust institution (TRUST powers=10, $2.0MM deposits, 2 offices) whose website offers only trust, fiduciary and wealth management services - no card, deposit or lending products; no card-issuer domain present",https://api.fdic.gov/banks/institutions?filters=CERT:34799 | https://www.thriventtrust.com/
