Rec Rank,Rec Pick #,Bank,Type,SoCal Priority,Meets Gold?,ChexSystems (deposit),EWS (deposit),Mentor List,Card Category,Est. Credit Limit,Assets,Deposits,CA Footprint,CA Presence,Self-UW?,Business Card?,Underwriter,Apply,How to Apply,Website,Biz Card Link,HP Bureau,Reports To (biz bureaus),Approval Info & Limits (+link),No-Doc Fit (/5),PG / Tax Returns,Other No-Doc Funding,Deposit Acct?,Best For,Card Products,Region / Metro,City (HQ),Asset Rank,Confidence / Date,Sources
1,1,Chase (JPMorgan Chase),National,National (lends in CA),3/4  ✓SUW ✓Onl ✗SoCal ✓Card,No — does not pull (DoC list 2025-08-07; Chex-report DP 2026-04-14; biz also no-pull ×4),Yes — pulls + reports (EWS co-owner; DPs 2026-05-22),,A — Self-UW (online),$5K–$36K (2mo biz→$5K; $500K rev→$16K)  [myFICO #6803261],~$4.9T (largest US bank),~$2.7T,National; extensive CA retail + business presence,Major CA (branches + lending),Yes,"✅ Ink Cash/Unlimited: 0% 12 mo, $0 AF; Ink Preferred $95; Ink Premier $195",Self (JPMorgan Chase Bank NA),Online,Online — apply at https://creditcards.chase.com/business-credit-cards/ink/cash,https://creditcards.chase.com/business-credit-cards,https://creditcards.chase.com/business-credit-cards/ink/cash,Experian-lean (CA mixed EX/EQ; verify),"Personal: only on default (Ink doesn't ADD to 5/24). Business: per-product, conflicting -> N/M","5/24 GATE: 5+ new personal cards/24mo = denied; but Ink doesn't add to the count. 'Ink train': ~1 Ink per 90 days (wait 4-6mo); 4 open Inks -> ~0% odds. Limits $5K-$36K; 2mo-old biz->$5K, $500K rev->$16K. myfico.com #6803261 / #6823313",3,PG yes; NO tax returns (cards),"Chase Business Line of Credit (existing customers; data-only path ~$100K+ rev, FICO 660+)",No (Business LOC path needs Chase deposit acct),★ The 'Ink train' — stack multiple Inks,"Ink Business Cash, Ink Business Unlimited, Ink Business Preferred ($95), Ink Business Premier ($195)",National — branches + biz banking statewide in CA,"New York, NY",Natl,HIGH self/lineup/terms/5-24/Ink-train/personal-default-only; N/M per-product business reporting. 2026-05-28,"creditcards.chase.com/business-credit-cards/ink; doctorofcredit.com (5/24, Chase pull); thepointsguy.com; myfico.com #6803261"
2,2,Bank of America,National,National (lends in CA),3/4  ✓SUW ✓Onl ✗SoCal ✓Card,"No — does not pull (DoC 2025-08-07, 9 DPs; comment 2026-03-06)",Yes — pulls (EWS co-owner; DoC ×4 DPs),,A — Self-UW (online),$8K–$16K typ.; up to $39.5K instant  [myFICO #6510094],~$3.41T,—,"~1,065 CA financial centers (most of any state)",Major CA (branches + lending),Yes,"✅ Business Advantage Cash/Travel: 0% 7-9 cyc, $0 AF; + secured",Self (Bank of America NA),Online,Online — apply at https://business.bankofamerica.com/en/credit-cards/business-advantage-unlimited-cash-rewards,https://business.bankofamerica.com/en/credit-cards,https://business.bankofamerica.com/en/credit-cards/business-advantage-unlimited-cash-rewards,Experian-dominant in CA (DoC CA: 15 EX / 6 TU / 4 EQ),Personal: only on serious delinquency. Business: SBFE (D&B indirect),"7/12 rule (personal); BUSINESS cards largely EXEMPT + don't add to personal 5/24 -> known workaround. Limits $8-16K typical, up to $39.5K instant. Existing BofA/Merrill relationship is the big lever. Preferred Rewards for Business +25/50/75% rewards. CLI request = hard pull. myfico.com #6510094 / #6816689",3,PG yes (SSN); NO tax returns for cards (large/recon requests may ask 2yr returns),"Unsecured Business LOC (2yr, $100K rev — full-doc, NOT no-doc); Cash-Secured LOC easier",No (unsecured),★ No-doc 0% card — apply online,"Business Advantage Customized Cash Rewards, Unlimited Cash Rewards, Travel Rewards, + Secured",National — LARGEST CA branch network,"Charlotte, NC",Natl,HIGH self/lineup/SBFE/personal-default-only/CA-footprint/7-12-exempt; MED exact 0% length (7 vs 9). 2026-05-28,"business.bankofamerica.com cards; doctorofcredit.com (BofA pull CA, 7/12); wallethub.com; myfico.com #6510094"
3,3,Wells Fargo,National,National (lends in CA),3/4  ✓SUW ✓Onl ✗SoCal ✓Card,"No — mostly (DoC 'mixed' 34-no vs 1-yes, 2025-08-07; DP 2026-04-14)","Yes — pulls (EWS co-owner; BIZ app hits owner's EWS, DP 2019-01-12)",,A — Self-UW (online),Signify $15K–$60K ($2.5K min guaranteed)  [myFICO #6773132],~$2.21T,—,HQ San Francisco; extensive statewide CA branches,Major CA (branches + lending),Yes,"✅ Signify Business Cash: 0% 12 mo, $0 AF, 2% (ONLY card open to new apps)",Self (Wells Fargo Bank NA),Online,Online — apply at https://www.wellsfargo.com/biz/business-credit/credit-cards/signify-business-cash-credit-card-terms-conditions/,https://www.wellsfargo.com/biz/business-credit/credit-cards/,https://www.wellsfargo.com/biz/business-credit/credit-cards/signify-business-cash-credit-card-terms-conditions/,CA = Experian-dominant (DoC CA: 9 EX / 2 TU / 1 EQ),Personal: NEVER (does not report to consumer bureaus). Business: SBFE,"1/6 rule (loosely enforced w/ relationship); biz cards separate track, don't count to 5/24. Signify limits $15K-$60K ($2,500 min guaranteed). Online path favors existing WF customers (~60-day acct DP). myfico.com #6773132 / #6756650",4,PG yes (Account Guarantor); NO tax returns (cards),BusinessLine LOC (Prime+1.75-9.75%; usually 2yr returns — not no-doc by default),"No (WF account optional, for overdraft)",★ Never reports to personal (CA-HQ),Signify Business Cash (OPEN); Business Elite Signature + Business Platinum (CLOSED to new apps),National — HQ in CA; huge CA branch network,"San Francisco, CA",Natl,HIGH self/Signify-terms/SBFE/personal-NEVER/CA-HQ; MED only-Signify-open. 2026-05-28,"wellsfargo.com Signify T&C + agreement (SBFE, PG); doctorofcredit.com (WF pull CA); myfico.com #6773132"
4,4,U.S. Bank (direct),National,National (lends in CA),3/4  ✓SUW ✓Onl ✗SoCal ✓Card,"Yes — pulls, incl. business (Chex-report DP 2025-05/2026-05-08; biz DP 2025-10-17, not sensitive)",Yes — pulls (EWS co-owner; 'US Bank & Elan' inquiries DP 2026-05-22),,A — Self-UW (online),$3K–$10K typ.; $20K–$35K strong/long-relationship  [myFICO #6845780],~$695B (5th-largest US bank),—,National; large West/CA branch network,Major CA (branches + lending),Yes,"✅ Triple Cash: 0% 12 cyc, $0 AF, 3% cats; Business Shield/Platinum: 0% UP TO 18 cyc (in-branch) / 12 (online)",Self (U.S. Bank NA),Online,Online — apply at https://www.usbank.com/business-banking/business-credit-cards/business-triple-cash-back-credit-card.html,https://www.usbank.com/business-banking/business-credit-cards.html,https://www.usbank.com/business-banking/business-credit-cards/business-triple-cash-back-credit-card.html,TransUnion-dominant (varies by state),Personal: NEVER in good standing. Business: D&B + SBFE only (NOT Experian-Biz/Equifax-Biz),"DISTINCT from Elan (US Bank's agent arm) — counted as SEPARATE issuers (one applicant: US Bank-direct $20K + Elan SouthState $15K same profile). Limits $3-10K typical, $20-35K strong/long-relationship. Soft-pull CLIs reported. myfico.com #6845780 / #6608888",4,PG yes; NO tax returns (cards),Cash Flow Manager LOC <=$250K (may request returns — not truly no-doc),No,★ 0% up to 18 cyc + never reports personal,"Triple Cash Rewards, Business Leverage ($95), Business Altitude Connect/Power, Business Platinum/Shield",National — branches + biz banking in CA,"Minneapolis, MN",Natl,HIGH self/disclosures/terms/D&B+SBFE/personal-NEVER; MED HP-map. DISTINCT from Elan agent program. 2026-05-28,usbank.com business cards (creditor disclosures) + KB0096233 (D&B+SBFE); ir.usbank.com (18-cyc); myfico.com #6845780
5,5,PNC Bank,National,National (lends in CA),3/4  ✓SUW ✓Onl ✗SoCal ✓Card,Yes — mixed DPs (DoC 2025-08-07; Crediful 2025-10-22),Yes — pulls (EWS co-owner; DoC ×5 DPs),EXP #1 (mentor ✓ matches our EX-cards data),A — Self-UW (online),"BusinessOptions/LOC $25K–$100K (soft-pull, no tax returns)  [myFICO #6589727]",~$574B,—,"~2,200 branches / 27 states; CA via BBVA USA western branches",Major CA (branches + lending),Yes,"✅ Visa Business 0% 13 cyc (best intro); BusinessOptions = SOFT-PULL, up to $250K",Self (PNC Bank NA),Online,Online — apply at https://www.pnc.com/en/small-business/borrowing/business-credit-cards/pnc-businessoptions-visa-signature-credit-card.html,https://www.pnc.com/en/small-business/borrowing/business-credit-cards.html,https://www.pnc.com/en/small-business/borrowing/business-credit-cards/pnc-businessoptions-visa-signature-credit-card.html,"Hard-pull cards: Experian. BusinessOptions: SOFT pull, Equifax (NO hard inquiry!)",Personal: never (normal use). Business: D&B + Experian-Biz + Equifax-Biz + SBFE,"STANDOUT no-doc combo: BusinessOptions card + Small Business LOC = SOFT pull, NO tax returns up to $100K, no personal reporting. Approvals $25K-$100K. SOFT-PULL CLIs every ~6mo (grown to $52.5K). (BusinessOptions card itself is phone-apply.) myfico.com #6589727 / #6509179",4,PG yes; NO tax returns on the no-doc path,"PNC Small Business LOC: SOFT pull, no financials up to $100K, ~10% of gross-revenue sizing — strong no-doc",No (cards); functionally helps BusinessOptions/LOC,★ Soft-pull no-doc LOC to $100K — SoCal branches (BBVA legacy); mentor EXP #1,"Visa Business (0% 13cyc), Cash Rewards Visa Signature, points Visa, BusinessOptions Visa Signature (<=$250K)",National — CA presence via 2021 BBVA acquisition (thinner),"Pittsburgh, PA",Natl,HIGH self/lineup/SOFT-pull-BusinessOptions/no-doc-LOC/soft-CLI/business-bureaus; MED CA branch density. 2026-05-28,pnc.com business credit cards + rate PDFs; myfico.com #6589727 / #6509179 (soft-pull no-doc); creditsuite.com
6,6,American Express,National,National (lends in CA),3/4  ✓SUW ✓Onl ✗SoCal ✓Card,Yes — consumer checking (Crediful 2025-10-21; DP 2026-04-14); biz checking N/M,Yes — pulls + reports (DoC list; DP 2026-05-22),,A — Self-UW (online),$6K–$20K (Blue Business); charge NPSL $10K–$250K  [myFICO #6507116],~$300B (Amex Co.),—,National online issuer; no branch needed,"Online to CA (pure card issuer, no branch needed)",Yes,"✅ Blue Business Plus/Cash: 0% 12 mo, $0 AF, 2x/2%; Business Platinum/Gold = charge (No Preset Limit)",Self (American Express NB),Online,Online — apply at https://www.americanexpress.com/us/credit-cards/business/business-credit-cards/american-express-blue-business-plus-credit-card-amex/,https://www.americanexpress.com/us/credit-cards/business/business-credit-cards/,https://www.americanexpress.com/us/credit-cards/business/business-credit-cards/american-express-blue-business-plus-credit-card-amex/,Experian (~90% of apps; rare TU/EQ),Personal: only on default (60+ days). Business: weak — SBFE/derogatory; positive D&B/EX-Biz NOT reliable,"VELOCITY: 1-in-5-days, 2-in-90 (CHARGE cards EXEMPT), 5-credit-card limit (charge cards don't count) -> stack charge cards. Blue Business limits ~$6-20K (750 FICO->$3K, ~3x grows in ~3mo). Business Platinum NPSL spend-power $10K-$250K by profile. myfico.com #6507116 / #4995093",3,PG yes; NO tax returns (cards). Business LOC verifies via bank-link (no returns),"Amex Business Line of Credit $2K-$250K — doc-free via bank-account link (FICO 660+, 12mo, $3K/mo rev)",No,★ Highest limits + charge-card velocity,"Business Platinum, Business Gold, Business Green (charge/NPSL); Blue Business Plus, Blue Business Cash (credit)",National — issues/lends in CA,"New York, NY (issuing bank: Salt Lake City, UT)",Natl,HIGH self/lineup/velocity/HP=Experian/personal-default-only; MED business-bureau (weak positive). 2026-05-28,americanexpress.com business cards + Blueprint BLOC; doctorofcredit.com; FDIC cert 27471; myfico.com #6507116
7,7,Capital One,National,National (lends in CA),3/4  ✓SUW ✓Onl ✗SoCal ✓Card,No — consumer 360 (Crediful 2025-10-18; DoC mixed 9/9),Yes — pulls + reports (EWS co-owner; denial DP 2025-08-15),,A — Self-UW (online),$5K–$15K new; $20K–$50K est.; $75K–$100K+ strong  [myFICO #5427942],~$669B (post-Discover),—,National card issuer; ~7-state branches (NOT CA); lends nationwide,"Online to CA (pure card issuer, no branch needed)",Yes,"⚠️ Spark Cash Plus (charge, 2%); Spark Cash (2%, $95); Spark Cash Select (1.5%, $0). NO 0% on main cards. REPORTS TO PERSONAL CREDIT",Self (Capital One NA / Bank USA NA),Online,Online — apply at https://www.capitalone.com/small-business/credit-cards/spark-cash-plus/,https://www.capitalone.com/small-business/credit-cards/,https://www.capitalone.com/small-business/credit-cards/spark-cash-plus/,ALL THREE bureaus (EX + EQ + TU triple pull),"Personal: YES, ALWAYS (Spark Cash/Select report ongoing balances) — EXCEPT Spark Cash Plus / Venture X (default-only). Business: weak/none","VELOCITY: 1 Capital One card per 6 MONTHS (all personal + biz combined; else auto-deny, no HP). Soft-pull pre-qual available. Limits $5-15K new, $20-50K established, $75-100K+ strong. CLI usually SOFT pull. myfico.com #5427942 / #6822160",1,PG yes; NO tax returns (stated revenue),None separate (Spark cards ARE the no-doc vehicle — but they report to personal credit),No,★ AVOID for no-doc — reports to personal,"Spark Cash Plus (charge), Spark Cash, Spark Cash Select, Spark Classic; Spark Miles -> now Venture Business",National — issues in CA (no CA branches),"McLean, VA (bank: Glen Allen, VA)",Natl,"HIGH self/triple-pull/REPORTS-TO-PERSONAL/6mo-velocity; MED legal entity, biz-bureau. 2026-05-28",capitalone.com/small-business/credit-cards; uscreditcardguide.com (triple pull); ramp.com (personal reporting); doctorofcredit.com (6mo rule)
8,8,Citi (Citibank),National,National (lends in CA),3/4  ✓SUW ✓Onl ✗SoCal ✓Card,Yes — but approves with FROZEN Chex (DoC 2025-08-07 31 DPs; freeze-OK DPs 2026-04-14 + 2026-06-04),Yes — pulls (DoC ×3; DP 2026-05-22),,A — Self-UW (online),$1.5K–$20K (instant $20K seen)  [myFICO #6155387],~$1.76T (Citibank NA),—,"~270 CA branches / 171 cities (LA, SF, San Diego, Sacramento)",Major CA (branches + lending),Yes,⚠️ One biz card (AAdvantage Business); NO 0% intro; 19.49-28.49%; $99 AF (waived yr1),Self (Citibank NA),Online,Online — apply at https://www.citi.com/credit-cards/citi-aadvantage-business-credit-card,https://www.citi.com/credit-cards/citi-aadvantage-business-credit-card,https://www.citi.com/credit-cards/citi-aadvantage-business-credit-card,Experian-primary (anecdotal TU/EQ),"Personal: no (except default). Business: D&B + Experian-Biz + Equifax-Biz + SBFE, monthly","8/65 rule (1 Citi card/8 days, 2 per 65 days; personal + biz combined). Doesn't count to Chase 5/24; doesn't report to personal. Limits $1.5K-$20K (instant $20K seen). 700+ FICO. myfico.com #6155387 / #6560887",3,PG yes for small biz (Joint & Several); no-PG 'Corporate Liability' only for $5M+ rev / 2yr firms; NO tax returns,None no-doc (SBA/commercial full-doc). The AAdvantage card is the only no-doc-feeling product,No,★ Doesn't report to personal; no 0%,Citi / AAdvantage Business World Elite Mastercard (CitiBusiness ThankYou DISCONTINUED),National — ~270 CA branches,"Sioux Falls, SD (Citibank NA) / NY (Citigroup)",Natl,HIGH self/single-card/no-0%/business-bureaus/8-65; MED no-tax-return inference. 2026-05-28,citi.com AAdvantage business; creditcards.aa.com (corporate guarantee); doctorofcredit.com (8/65); myfico.com #6155387
9,9,BMO Bank,Regional,National (lends in CA),3/4  ✓SUW ✓Onl ✗SoCal ✓Card,"Yes — pulls (DoC 2025-08-07, 18+ DPs; Crediful 2025-10-22); historically NOT inquiry-sensitive",N/M (not on DoC EWS list),TU #3 (mentor ✓ matches our TU),A — Self-UW (online),"Modest: DPs $1,300–$7,500; grows via CLI  [myFICO #6773916]",~$265B (BMO Bank NA),—,600+ branches/10 states incl. CA; ~130 new CA branches planned; 15th-largest US bank,Major CA (branches + lending),Yes,"✅ Business Platinum: 0% 18 mo, $0 AF; Business Platinum Rewards: 0% 9mo, tiered 5/4/3/2%",Self (BMO Bank NA; ex-Bank of the West),Online,Online — apply at https://www.bmo.com/en-us/main/business-banking/credit-cards/platinum/,https://www.bmo.com/en-us/main/business-banking/credit-cards/,https://www.bmo.com/en-us/main/business-banking/credit-cards/platinum/,TransUnion (varies),N/M (BMO-specific; likely default-only),"Limits modest (DPs $1,300-$7,500); TransUnion hard pull, no prequal; CLIs over time. myfico.com #6773916",3,PG yes (INFERENCE); no income docs typical,"Business Line of Credit (relationship-underwritten, not no-doc)",N/M,★ 0% 18 mo + large CA footprint,BMO Business Platinum (0% 18mo); BMO Business Platinum Rewards,National — LARGE CA branches (ex-Bank of the West),"Chicago, IL",Reg,"HIGH self/lineup/18mo-0%; MED rewards, HP; N/M reporting. 2026-05-28",bmo.com/en-us/main/business-banking/credit-cards; supermoney.com; hustlermoneyblog.com; en.wikipedia.org/wiki/BMO_Bank; myfico.com #6773916
10,10,California Bank & Trust,Regional,★ Core SoCal,🥇 GOLD (4/4),"Yes — pulls (Zions charter-wide Deposit Agreement names ChexSystems, file 2024-02-08; Crediful-Zions 2025-10-08)",N/M screening — but FURNISHES to EWS (Zions disclosure: 'may report... to ChexSystems or Early Warning Services'),Branch-verify #1 (mentor; our data: online app exists — verify funding step in branch),A — Self-UW (online),Advertised up to $250K (AmaZing Rate min $500),"~$90B (Zions Bancorporation, N.A. — shared charter)",—,80+ CA branches; California-only (Zions division),N/M,Yes,✅ AmaZing Cash/Rewards/Rate for Business: 0% 6mo; $0 AF (+$25 rewards-program fee); up to $250K limit,"Self (Zions Bancorporation, N.A.)",Online,Online — apply at https://www.calbanktrust.com/business/business-credit-cards/,https://www.calbanktrust.com,https://www.calbanktrust.com/business/business-credit-cards/,Experian (most-cited; varies by state),N/M (reporting not confirmed),Advertised limits up to $250K; AmaZing Rate min $500. State-gated: CB&T = California only. Member-reported business DPs N/M.,3,PG likely (INFERENCE); no tax-return requirement advertised for cards,Cards = no-income-doc PG-based; Commercial Card separate. No no-doc loan.,N/M,★ No-doc 0% card — apply online,"AmaZing Cash for Business, AmaZing Rewards for Business, AmaZing Rate for Business",SoCal / San Diego (CA-only bank),"San Diego, CA",Reg,"HIGH self (agreement)/products/terms/online/CA-only; MED HP; N/M reporting, PG. Mentor (2026-06): 'branch verify' — expect in-branch verification/funding step despite online app. 2026-05-28/2026-06-09",calbanktrust.com/business/business-credit-cards + agreement PDFs (issuer=Zions); doctorofcredit.com (state gating); en.wikipedia.org/wiki/California_Bank_and_Trust
11,11,America First Credit Union,Credit Union,★ Core SoCal,🥇 GOLD (4/4),N/M,N/M,,A — Self-UW (online),N/M (no bank-specific data point found),$24.73B,—,"401 W 2nd St, San Bernardino (sole CA branch); huge UT/NV/AZ/ID network",CA-HQ'd,Yes,✅ Business Visa (1.5% cash back / points / low-rate options); SELF-issued; terms N/M,Self (America First CU),Online,Online — apply at https://www.americafirst.com/business/visa/credit-card.html,https://www.americafirst.com,https://www.americafirst.com/business/visa/credit-card.html,"N/M (no biz DPs, myFICO sweep 2026-06-10)",N/M,$24.7B UT giant; CA entry via 1st Valley CU merger 2024-06-12. BLOC tied to AFCU business checking (amounts N/M). Light census 2026-06-10.,3,N/M,None published,Membership required — CA FOM = San Bernardino County only (live/work/worship/school); family path; NO open association,★ Self-UW Business Visa online — needs San Bernardino Co. membership nexus,Business Visa Credit Card (cash back / points / low rate),SoCal / Inland Empire (1 San Bernardino branch; UT-HQ'd),"Riverdale, UT",CU,MED-HIGH self/products; MED apply-online; SB-County membership nexus required. Light census 2026-06-10,americafirst.com/business/visa/credit-card + lines-of-credit; en.wikipedia.org (1st Valley merger)
12,12,Los Angeles Federal Credit Union (LAFCU),Credit Union,★ Core SoCal,🥇 GOLD (4/4),"Yes — pulls + hard credit pull (own membership page verbatim, 2026-06-09); 2nd-chance if Chex balances paid",N/M,TU #6 (mentor ✓ membership=TU hard pull; card DPs mixed EX/TU),A — Self-UW (online),"Up to $50,000 advertised MAX; zero public biz DPs (consumer proxy: $5K SL @ TU804)  [lafcu.org/rates; myFICO #6722499 2023-11]",~$1.28B,—,"8 LA County branches (Van Nuys, Glendale, Culver City, DTLA, Montebello, El Monte, Gardena, Cerritos); NCUA #1207",CA-HQ'd,Yes,"✅ Business Rewards Platinum Visa: no 0%; 15.75% var; $0 AF; 2x/1x CURewards; limit UP TO $50,000",Self (LAFCU is creditor per agreement; Velera/CURewards = processor),Online,Online — apply at https://www.lafcu.org/loans-credit/business-loans,https://www.lafcu.org,https://www.lafcu.org/loans-credit/business-loans,Membership = TU hard pull + ChexSystems (own site verbatim); card DPs mixed: EX (2022 denial) / TU08 (2023 approval),"Consumer: TU+EXP not EQ (2011 DP, dated); business-card reporting N/M",⚠️ GATES: business must be 2+ FULL YEARS operating + SoCal-located + business membership opened IN BRANCH (then card app online via LoansPQ; 48-hr prequal; no app fee). $50K = advertised MAX — ZERO public business-approval DPs (consumer proxies: $5K SL @ TU804 myFICO #6722499 2023-11; conservative + inquiry-sensitive #6596415 2022-09). '$50K app-only no-doc' = UNVERIFIED.,3,PG expected (guarantor role in portal); income docs N/M (not published),Business LOC $20K–$50K + term $20K–$50K (same 2-yr gate),Membership: LA/OC/Riv/SB/Ventura resident or business; LACA/FFA $8 paths; BUSINESS join = BRANCH ONLY + biz must be in SoCal,★ To $50K self-UW online — BUT 2-yr TIB + branch membership gates,"Business Rewards Platinum Visa (to $50K, $0 AF)",SoCal / LA (8 branches all LA County),Glendale,CU,HIGH product/$50K-max/self/online-card-app/2yr-gate/Chex+TU-membership (primary 2026-06-09); N/M biz-card bureau/docs/limits. 2026-06-09,lafcu.org/loans-credit/business-loans + /rates (eff 6-10-26) + /accounts/credit-union-membership ('ChexSystems and a hard-hit... will be run') + /accounts/business-accounts; myFICO #6596415 (2022-09) + #6722499 (2023-11) + #838290 (2011); app.loanspq.com
13,13,San Diego County Credit Union (SDCCU),Credit Union,★ Core SoCal,🥇 GOLD (4/4),"Yes — uses/furnishes (own FAQ 'bad credit or ChexSystems list... visit a branch' + hosts Chex dispute form, 2026-06-09)",N/M,,A — Self-UW (online),$5K–$20K  [myFICO #6761567],~$9.26B,—,All SoCal counties + FFA nationwide; ~37 branches,CA-HQ'd,Yes,✅ SDCCU Visa Business: NO 0% intro; 11.74% (low); $25 AF (waived $10K spend); NO rewards; $5K-$20K limits,Self (San Diego County Credit Union),Online,Online — apply at https://www.sdccu.com/business/business-credit-card/,https://www.sdccu.com/business/business-credit-card/,https://www.sdccu.com/business/business-credit-card/,Experian (forum DP; membership HP may be reused),Negative/default (personal); business bureaus N/M,2-step (membership first). Conservative: denied a NEW corp despite excellent credit + $55K deposit. Income reviewed. CLI likely hard pull. myfico.com #6761567,3,PG (INFERENCE); income reviewed,None (conservative underwriting; no no-doc),Membership required (all SoCal counties + nationwide via Financial Fitness Assoc $8),★ No-doc card — apply online,"SDCCU Visa Business Credit Card (low-rate, no rewards)",SoCal / San Diego (all-SoCal FOM),"San Diego, CA",CU,HIGH self/terms/low-APR/membership; conservative underwriting (new-biz denials). 2026-05-28,sdccu.com/business/business-credit-card + rates PDF + consumer agreement; myfico.com #6761567; wallethub.com
14,14,Nuvision Credit Union,Credit Union,★ Core SoCal,🥇 GOLD (4/4),Yes — pulls (DoC list 2025-08-07; member 'unfroze Chex' DP 2025-10-16),N/M,,A — Self-UW (online),N/M (no bank-specific data point found),~$3.93B,—,HQ Huntington Beach (OC); ~$3.9B; ~27-36 branches CA/AK/AZ/WY/WA; FOM 5 SoCal counties + nationwide via ACC,CA-HQ'd,Yes,✅ Business Visa Rewards: NO 0% intro; APR N/M ('low rates'); $0 AF; 1pt/$1; free employee cards,Self (Nuvision FCU),Online,Online — apply at https://nuvisionfederal.com/business-banking/credit-cards,https://nuvisionfederal.com/business-banking/credit-cards,https://nuvisionfederal.com/business-banking/credit-cards,N/M (agreement names EX/EQ/TU generically),N/M (personal vs business unspecified),Apply via LoansPQ online portal (app.loanspq.com) or paper. PG likely (N/M). No business-card forum DPs.,3,PG likely (INFERENCE); no income docs stated,None (business loans via Business Member rep; no no-doc product),Membership required (LA/Orange/San Diego/Ventura/Santa Barbara counties + Boeing/SEGs + family; OPEN nationwide via American Consumer Council),★ No-doc card — apply online,"Nuvision Business Visa Rewards Card (self-issued, $0 AF, 1pt/$1)",SoCal / Orange County,Huntington Beach,CU,"HIGH self (agreement 'WE=NUVISION FCU', no agent issuer)/apply-online/SoCal/open-membership; N/M APR, HP, PG. 2026-05-29",nuvisionfederal.com/business-banking/credit-cards + visa agreement PDF (self-issued); /about-us/am-i-eligible (ACC path)
15,15,Premier America Credit Union,Credit Union,★ Core SoCal,🥇 GOLD (4/4),"Yes — pulls + INQUIRY-SENSITIVE: 3 Chex inquiries/90 days = auto-deny (DoC DPs 2025-12-30, 2024-10-05)",N/M,,A — Self-UW (online),"$5,000–$50,000 ($50K needs 2+yr profitable; new biz lower)  [product page]",~$3.31B,—,HQ Chatsworth (LA County); ~$3.31B (NCUA 9/30/25); ~112K members; LA/Ventura + Houston TX,CA-HQ'd,Yes,✅ Premier Business Mastercard: NO 0% intro; 14.99% var; $0 AF; no late/over-limit/BT fees; merchant rebates; $5K-$50K lines,"Self (Premier America CU — confirmed creditor; Experian BusinessIQ app, no agent bank named)",Online,Online — apply at https://www.premieramerica.com/business/loans/premier-business-mastercard,https://www.premieramerica.com/business/loans/premier-business-mastercard,https://www.premieramerica.com/business/loans/premier-business-mastercard,Personal pull on guarantor (FCRA auth; bureau not named),Personal: late payments reported; business bureaus N/M (markets 'build business credit'),Online app on Experian BusinessIQ (commercialcreditapps.com); CU-creditor language + Personal Guarantee Authorization. Lines $5K-$50K ($50K needs 2+yr profitable; new biz lower). No forum DPs.,3,PG yes (Personal Guarantee Authorization on app); SSN/income collected; no tax returns stated,None advertised (card is PG + personal-credit pull),Membership required (LA + Ventura County CA + Harris County TX + family; OPEN via Thousand Oaks Alliance for the Arts; business share deposit $250),★ No-doc card — apply online,"Premier Business Mastercard (SELF-issued; $0 AF, 14.99%, $5K-$50K, merchant rebates)",SoCal / LA (+ Ventura),Chatsworth,CU,"HIGH self (CU-creditor language in app, no agent bank named — re-verified 2026-05-29)/online/SoCal/$5K-$50K = GOLD; MED HP bureau, biz reporting. 2026-05-29","premieramerica.com/business/loans/premier-business-mastercard + /borrow/credit-cards/compare-all-cards (CU=lender); commercialcreditapps.com BusinessIQ app (PG, FCRA); hustlermoneyblog (arts path)"
16,16,Firefighters First Credit Union,Credit Union,★ Core SoCal,🥇 GOLD (4/4),N/M,N/M,,A — Self-UW (online),N/M (no bank-specific data point found),~$2.47B,—,"LA HQ, Pasadena, Santa Clarita, Thousand Oaks, OC, Loma Linda",CA-HQ'd,Yes,⚠️ Business Visa Platinum: 10.75–18.00% var; SELF-issued — but FULL-DOC ('current business income statement and business federal tax returns') + firefighters-only FOM,Self (Firefighters First CU),Online,Online — apply at https://www.firefightersfirstcu.org/Business/Business-Loans/Business-Credit-Cards,https://www.firefightersfirstcu.org,https://www.firefightersfirstcu.org/Business/Business-Loans/Business-Credit-Cards,N/M,N/M,FULL-DOC requirement verbatim on site. FOM = fire service + immediate family only (NO open path). Light census 2026-06-10.,1,PG likely; tax returns REQUIRED,None — opposite (full-doc),Membership: firefighters + family + their orgs (closed FOM),★ ⚠ Firefighters-only FOM + FULL-DOC (tax returns required),Business Visa Platinum (10.75–18%),SoCal / LA (HQ 815 Colorado Blvd; + OC + Loma Linda SB),"Los Angeles, CA",CU,HIGH self/full-doc/closed-FOM. Light census 2026-06-10,firefightersfirstcu.org Business-Credit-Cards + Membership-Eligibility
17,17,WaFd Bank,Regional,★ Core SoCal,3/4  ✓SUW ✗Onl ✓SoCal ✓Card,"Yes — pulls (own Fresh Start page: 2nd-chance for paid-off non-fraud Chex records, 2026-06-09)",N/M,TU #5 (mentor — publicly N/M; in-house UW since 2020),B — Self-UW (in branch),"$15K @ 13.99% (sole DP)  [myFICO #6674742, 2023-05-04]",~$28B,—,"10 CA branches: LA Co ×6 (Beverly Hills, Burbank-Toluca Lake, El Segundo, Encino, Long Beach, Pasadena) + NorCal ×4; NO OC/Riverside/SB",Major CA (branches + lending),Yes,⚠️ Small Business Cash Back Visa: 16.49% var; $0 AF; 2% gas/grocery/pharmacy + 1% — APPLICATIONS PAUSED until 2026-06-30 (provider switch),"Self (in-house since 2020-04-01 — ended Elan partnership, own FAQ verbatim; FIS→Fiserv rails)",In-person,Visit branch / contact a banker (no online application),https://www.wafdbank.com,https://www.wafdbank.com/business-banking/business-credit-cards/small-business-credit-card,"N/M (personal pull confirmed; bureau unnamed; mentor 2026-06: TU — uncorroborated, zero DPs)",Personal/consumer bureaus (INFERENCE from agreement); biz N/M,"PG yes ('underwriting based on your personal credit'). App fields = self-reported biz+personal income, NO tax returns listed (own qualify article). DP: $15K @ 13.99% (myFICO #6674742, 2023-05-04). CLI gated 24mo.",2,PG YES; self-reported income only per published app-field list,"Card IS the low-doc play (personal-credit UW, no doc list); Fresh Start = 2nd-chance checking (Chex-paid-off path)",N/M (relationship practically expected),"⏸ Apps paused til 2026-06-30 — self-UW, no-tax-return app (LA)",Small Business Cash Back Visa/Signature; Commercial Preferred Solution (RM),"SoCal / LA County (6 branches, ex-Luther Burbank; WA-HQ'd)","Seattle, WA",Reg,HIGH in-house-since-2020/terms/LA-only-footprint/pause-til-2026-06-30 (all primary 2026-06-09); N/M bureau. 2026-06-09,wafdbank.com small-business-credit-card + FAQ (Elan ended 4/1/2020; June-30 banner) + rate PDF + qualify article + locations; myFICO #6674742 (2023-05-04); globenewswire 2024-01-30 (Luther Burbank)
18,18,First Citizens Bank,Regional,National (lends in CA),2/4  ✓SUW ✗Onl ✗SoCal ✓Card,Yes — pulls (DoC 2025-08-07; Crediful 2025-10-07),N/M (not on DoC EWS list),EQ #1 (mentor — our data: all-3-bureau blended pull),B — Self-UW (in branch),"$20K SL (Low-Interest Biz, branch + biz checking)  [myFICO #6704468]",~$236B,—,"500+ branches/23 states; major CA (ex-SVB, Santa Clara); SVB->First Citizens rebrand Q4 2026",Major CA (branches + lending),Yes,"✅ 4 Business Visa (Cash Rewards, Rewards, Premium $95, Low-Interest 0% 12mo). Branch-apply only. + SVB Innovator (NO PG, commercial charge)",Self (First-Citizens Bank & Trust),In-person,Visit branch / contact a banker (no online application),https://www.firstcitizens.com/small-business/credit-financing/credit-cards,https://www.firstcitizens.com/small-business/credit-financing/credit-cards,All 3 bureaus (EX+EQ+TU) blended w/ business data,Pulls D&B/EX-Biz/EQ-Biz; personal N/M (likely default-only),"DP: Low-Interest Business $20K SL, auto-approved after opening biz checking in-branch (FICO ~750, D&B 80). Branch + deposit relationship required. myfico.com #6704468",2,PG yes; NO tax returns (states income) — but branch + relationship gated,"SVB Innovator Card = NO personal guarantee (commercial charge, for funded companies) — notable no-PG option","Yes (business checking relationship, opened in-branch)",SVB Innovator = no personal guarantee,"First Citizens Business Visa: Cash Rewards, Rewards, Premium Rewards ($95), Low-Interest; SVB Innovator (no-PG charge)",National — major CA via SVB acquisition (2023),"Raleigh, NC",Reg,HIGH self (cardholder agreement)/lineup/PG/no-tax; branch-only + deposit-relationship gated. SVB Innovator = no-PG. 2026-05-28,firstcitizens.com/small-business/credit-financing/credit-cards + cardholder agreement PDF (no agent issuer); svb.com/.../svb-innovator-card; myfico.com #6704468
19,19,First Bank (MO),Regional,★ Core SoCal,3/4  ✗SUW ✓Onl ✓SoCal ✓Card,N/M,N/M,,A — Self-UW (online),"Card N/M; Business First LOC up to $250,000 published  [first.bank 2026-06-10]",N/M,N/M,~27 branches across all 4 SoCal counties (FDIC SOD 2025); MO/IL/CA footprint,N/M,Partial (CorServ self-issue),✅ 4 Mastercards (Business Platinum / Platinum Rewards / Low Rate / World Elite); terms N/M,Self (CorServ 'Apex' platform — firstbank.myapexcard.com),Online,Online — apply at https://firstbank.myapexcard.com,https://www.first.bank,https://firstbank.myapexcard.com,N/M,N/M,CorServ Apex apply portal (same family as Fremont Bank). LOC 'Business First' up to $250K published. No forum DPs. Light census 2026-06-10.,3,N/M,"Business First LOC up to $250,000 (docs N/M)",N/M,★ CorServ self-issue + ONLINE + 27 SoCal branches (new decode: myapexcard=CorServ),"Business Platinum, Business Platinum Rewards, Business Low Rate Platinum, World Elite (CorServ MC)",SoCal / LA-OC-Riverside-SB (27 branches; MO-HQ'd),"Creve Coeur, MO",Reg,"MED-HIGH CorServ/online/footprint; N/M terms, HP, Chex. Light census 2026-06-10",first.bank/Business/Bank/Business-Credit-Cards; firstbank.myapexcard.com (CorServ); first.bank Business-Lines-of-Credit
20,20,Valley National Bank,Regional,★ Core SoCal,3/4  ✓SUW ✗Onl ✓SoCal ✓Card,"Yes — pulls (Crediful 2025-10-07); 2016 DoC DP: online sensitive, in-branch lenient",N/M,"TU #2 (mentor — publicly N/M; biz card self-issued, confirmed)",B — Self-UW (in branch),$5K–$100K application request range  [WalletHub 2025-02-17],~$63B,—,"2 LA County offices ($220M dep, FDIC SOD 2025); ~$63B; commercial/private-banking style, not CA retail",Major CA (branches + lending),Yes,"✅ 0% 6 cycles → 14.45–25.75% var; $0 AF; 1% cash back; + Secured Business option (110% deposit, ≤$25K)",Self (Valley National Bank — BUSINESS cards self-issued per own disclosures eff 2025-10-01; PERSONAL cards = Elan since ~2024),In-person,Visit branch / contact a banker (no online application),https://www.valley.com,https://www.valley.com/business/business-credit-cards,N/M public (mentor 2026-06: TU — zero public DPs to corroborate),N/M (joint individual+company liability per disclosure),Request range $5K–$100K (WalletHub form-field 2025). PG joint & several (verbatim). ENTITY TRAP: vnb.com = Virginia National Bank (its Elan disclosure is NOT Valley's). Personal→Elan redirect: mycardapply lc=28283.,2,"PG YES ('personally responsible, both individually and jointly with the Company')","Secured Business Card = low-barrier path ($1.1K deposit → $1K limit, credit-issues tolerated)",No for unsecured (relationship plausible); Secured = yes by design,"Self-UW 0% 6cyc, $0 AF — LA offices, rep-mediated","Visa Business Credit Card (1% CB, $0 AF, 0% 6cyc); Valley Visa Secured Business; OneCard commercial","SoCal / LA (2 offices: DTLA 555 W 5th + Beverly Hills 225 N Beverly, ex-Bank Leumi; NJ-HQ'd)","Morristown, NJ",Reg,HIGH self-for-business (own 2025-10-01 disclosures)/terms/LA offices; LOW bureau (mentor-only); zero applicant DPs. 2026-06-09,valley.com/business/business-credit-cards + Business Credit Card disclosure PDFs (eff 2025-10-01); FDIC SOD 2025 cert 9396; crediful.com/chexsystems/valley-national-bank (2025-10-07); wallethub.com Q&A (2025-02-17 upd 2025-10-16); globenewswire 2022-04-01 (Leumi)
21,21,Western Alliance Bank,Regional,★ Core SoCal,3/4  ✓SUW ✗Onl ✓SoCal ✓Card,Yes — pulls (Crediful 2025-10-24),N/M,TU #4 (mentor — publicly N/M),B — Self-UW (in branch),N/M (no bank-specific data point found),~$98.8B,—,HQ Phoenix; CA divisions Torrey Pines Bank (San Diego) + Bridge Bank (Silicon Valley); ~10 CA branches,Major CA (branches + lending),Yes,"✅ Business Plus Visa (revolving, 1pt, $0 AF); NO 0% intro; ~Prime+10% (~17.5%)",Self (Western Alliance Bank),In-person,Lead form → banker contacts in 2–3 days (RM-driven),https://www.westernalliancebancorporation.com/small-business/business-credit-cards,https://www.westernalliancebancorporation.com/small-business/credit-cards/business-plus-credit-card,"N/M public — mentor DP (2026-06, unverified): TransUnion",N/M (reporting authorized; bureaus unspecified),"Relationship/RM-driven; lead form ('banker contacts in 2-3 days'), balance transfers via RM. No forum data.",2,PG conditional ('if Bank requires'); financials at banker discretion,None (SBA/C&I/CRE relationship-underwritten),N/M (banking relationship expected),No-doc card — apply in branch,Visa Business Plus; Visa Commercial / Commercial Plus / ONE Card,SoCal / San Diego + Silicon Valley (Torrey Pines / Bridge Bank),"Phoenix, AZ",Reg,"HIGH self/products/no-0%/footprint; apply N (RM/lead form); N/M HP, reports. 2026-05-28",westernalliancebancorporation.com/small-business/credit-cards + commercial-credit-card-agreement (issuer=self); torrey-pines-bank + bridge-bank pages; FDIC cert 57512
22,22,Redwood Credit Union,Credit Union,Other — NorCal,3/4  ✓SUW ✓Onl ✗SoCal ✓Card,N/M,N/M,,A — Self-UW (online),N/M (no bank-specific data point found),~$9.76B,—,8 North Bay counties; ~23 branches,CA-HQ'd,Yes,"⚠️ Business Visa Platinum (Preferred/Select): $0 AF, 1pt; NO 0% intro. FULL-DOC: requires tax returns + financials",Self (Redwood Credit Union),Online,Online — apply at https://www.redwoodcu.org/business/cards/business-visa-platinum/,https://www.redwoodcu.org/business/cards/business-visa-platinum/,https://www.redwoodcu.org/business/cards/business-visa-platinum/,N/M,Negative/default (personal); business bureaus N/M,FULL-DOC: 'need business income statement and business federal tax returns; personal credit reviewed.' Business must be HQ'd in 8-county area. No forum data.,1,PG (INFERENCE) + tax returns + financials REQUIRED — NOT no-doc,None (the card itself is full-doc),Membership required (8 North Bay counties; business HQ'd there),★ Full-doc — requires tax returns,Redwood CU Business Visa Platinum (Preferred / Select),"NorCal / SF (North Bay, 8-county FOM)","Santa Rosa, CA",CU,HIGH self/card-exists/FULL-DOC (tax returns required); MED APR. NOT a no-doc target. 2026-05-28,redwoodcu.org/business/cards/business-visa-platinum (tax returns required); CFPB agreement PDF (self); /about/press-room/fact-sheet
23,23,Fremont Bank,CA Bank,Other — NorCal,2/4  ✗SUW ✓Onl ✗SoCal ✓Card,N/M,N/M,,A — Self-UW (online),N/M (no bank-specific data point found),$5.92B,$5.27B,CA-only; ~22 branches SF Bay Area/East Bay,CA-HQ'd,Partial (CorServ self-issue),✅ 0% 6 mo → 12.49-20.49% var; $0 AF (Business Platinum),Self (CorServ 'Apex' platform),Online,Online — apply at https://fremontbank.myapexcard.com,https://www.fremontbank.com,https://fremontbank.myapexcard.com,Experian (inferred from sister personal card),N/M,N/M for biz cards. Sibling personal card (DoC 2022): Experian pull; existing-relationship applicants,3,PG likely (N/M); no income-doc evidence,"N/M (business LOC $25K-$500K+, conventional)",Yes ('Exclusively for Fremont Bank customers'),★ No-doc 0% card — apply online,"Business Platinum, Platinum Rewards, Platinum Low Rate ($99 AF), World Elite ($95 AF)",NorCal / SF-East Bay,Fremont,19,MED-HIGH products/terms/online/CorServ; MED issuer=self; LOW HP/PG. 2026-05-28,fremontbank.com/business/credit (4 product pages); fremontbank.myapexcard.com; corservsolutions.com
24,24,California Credit Union,Credit Union,★ Core SoCal,3/4  ✓SUW ✗Onl ✓SoCal ✓Card,"Yes — pulls (CU-answered myFICO Q&A 2025-08-21: 'Chexsystems { Yes }'; 'Chex sensitive, apply in person' DP)",N/M,EQ #3 (mentor — 2025-08 CU-answered DP says EXPERIAN),B — Self-UW (in branch),N/M (no published range; no forum DPs),~$5.4B,—,~25 branches: 14 LA/OC + 11 San Diego (North Island brand) + Temecula; LAUSD/educator roots,CA-HQ'd,Yes,✅ no 0%; 8.25–15.25% (site; fn 2021); $0 AF; Platinum (low-rate) + Rewards (1%),Self (CCU is creditor per agreement; MeridianLink = processor),In-person,Visit branch / contact a banker (no online application),https://www.ccu.com,https://www.ccu.com/business/loans/business-credit-cards,Experian (CU-answered myFICO Q&A 2025-08-21; mentor said EQ — only one 2020 EQ DP),Negative to consumer bureaus per agreement; biz bureaus N/M,650 floor (2020 rep DP); CREDIT COVENANTS: financials + tax returns ON REQUEST within 45 days (agreement). Fed-charter conversion vote ~2025-08. myFICO #6838366 (2025-08) / #5877067 (2020-01).,2,PG yes (guarantor offset clause) + financials/tax-returns-on-request covenant,None (SBA Preferred Lender — full-doc),"Membership required — OPEN to any business via American Consumer Council (free, ccu.com/join); 6-county FOM; dba North Island CU in SD/Riverside",Open membership via ACC; phone-apply (mentor EQ→2025 DP says EXP),"Visa Business Platinum; Visa Business Rewards (1%); Visa School Business Card (no-PG, schools only)",SoCal / LA (Glendale),Glendale,CU,HIGH self/products/ACC-open-membership/Chex-yes; MED terms (2021 footnote); HP=EXP per 2025 DP (contradicts mentor EQ). 2026-06-09,ccu.com/business/loans/business-credit-cards + Business Rewards agreement PDF (eff 2019-02-28) + /join; myFICO #6838366 (2025-08-21) + #5877067 (2020-01)
25,25,Kinecta Federal Credit Union,Credit Union,★ Core SoCal,3/4  ✓SUW ✗Onl ✓SoCal ✓Card,N/M,N/M,,B — Self-UW (in branch),N/M (no bank-specific data point found),~$6.8B,—,HQ Manhattan Beach (LA County); ~23-28 branches; Greater LA + open via Innovision,CA-HQ'd,Yes,✅ MyPro Business Mastercard: 0% 18 cyc on BALANCE TRANSFERS only; 12.24-18%; $0 AF; 3/2/1% cash back,Self (Kinecta FCU; CUNA Mutual/TruStage = forms vendor only),In-person,By appointment or mail PDF (no instant online),https://www.kinecta.org/credit-card/mypro,https://www.kinecta.org/credit-card/mypro,N/M,N/M (reports owner + business; behavior/bureaus unspecified),Apply by appointment / mail PDF (no instant online). No forum data points.,2,PG yes (guaranty section); financials on request,None (SBA/CRE full-doc),Membership required (Greater LA SoCal ZIPs; OPEN nationwide via Innovision Society $10 — Kinecta covers yr1),No-doc card — apply in branch,MyPro Business Mastercard,SoCal / Los Angeles (Manhattan Beach),"Manhattan Beach, CA",CU,"HIGH self/terms/PG/SoCal/open-membership-path; apply N (appointment); N/M HP, reports. 2026-05-28",kinecta.org/credit-card/mypro + MyPro agreement/disclosure PDFs; CFPB Kinecta MyPro agreement; join pages
26,26,Enterprise Bank & Trust,Regional,★ Core SoCal,3/4  ✓SUW ✗Onl ✓SoCal ✓Card,"N/M (no disclosure, no DPs)",N/M,,B — Self-UW (in branch),"~$50K claimed via broker channel (UNVERIFIED, 2026-06); no public DPs",$17.2B,$14.66B,"8 SoCal branches (FDIC SOD 2025): Cerritos, DTLA, Pasadena, Alhambra, Anaheim, San Juan Capistrano, Chula Vista, Encinitas; 58 offices total",Major CA (branches + lending),Yes,✅ no 0% (biz); 19.25% (Prime+12.5%); $0/$50 AF; 1.25x/1.5x points; + Commercial Card Solution,"Self (FIS rails: eZBusiness/ezcardinfo/ScoreCard; zero agent-portal tells — MED-HIGH inference, no agreement PDF)",In-person,Visit branch / contact a banker (no online application),https://www.enterprisebank.com,https://www.enterprisebank.com/business/credit-cards,N/M (zero public DPs — datapoint desert),N/M,"🎯 BROKER CLAIM (Credit Veterans / Credit-with-Colin / Freedom Funders via rep Jessica Morrow AVP jmorrow@, relayed 2026-06, PUBLICLY UNVERIFIED): ~$50K business LOC and/or card, app-only, NO financials. Scaffolding checks out: rep is real (ZoomInfo/TheOrg 2026-06-09); bank publishes SBA referral-fee program (the broker rail); SBA Express ≤$500K incl. LOCs (Preferred Lender, delegated). No published app-only tier — GET THE UNDERWRITING BOX IN WRITING. Broker BBB complaints on upfront fees.",2,N/M (nothing published),SBA Express ≤$500K (term + LOC); claimed $50K app-only program = unpublished banker-channel,N/M (RM relationship expected),🎯 Broker-claimed $50K app-only (UNVERIFIED) — 8 SoCal branches,"Business Rewards ($0 AF, 1.25x); Business Preferred Rewards ($50 AF, 1.5x); Commercial Card Solution","SoCal / LA-OC-SD (8 CA branches, ex-First Choice + Seacoast; MO-HQ'd)","Clayton, MO",Reg,"HIGH branches/products/terms (own site + FDIC SOD, 2026-06-09); MED-HIGH self-issue; $50K claim UNVERIFIED. 2026-06-09",enterprisebank.com/business/credit-cards + /credit-card-login (FIS) + /business/sba-lending (referral fees); FDIC SOD 2025 cert 27237; zoominfo.com/p/Jessica-Morrow/3066046315; SEC First Choice PR 2021-04-26; BBB Freedom Funders complaints
27,27,CommunityAmerica Credit Union (ex-UNIFY),Credit Union,★ Core SoCal,3/4  ✓SUW ✗Onl ✓SoCal ✓Card,N/M,N/M,,B — Self-UW (in branch),N/M (no bank-specific data point found),~$9.0B,—,11 LA/OC branches (ex-UNIFY),CA-HQ'd,Yes,✅ Business Visa Rewards: 1% cash back; $0 AF; 'as low as 16.99%'; SELF-issued,Self (CommunityAmerica CU),Assisted,Staff-assisted (phone appointment / DocuSign; not instant),https://www.communityamerica.com,https://www.communityamerica.com/business/borrow/business-financing/business-credit-cards,"N/M (no DPs, 2026-06-10)",N/M,"REAL SoCal retail via UNIFY Financial CU merger 2025-11-01 (brand retained; systems integrate mid-2026): Torrance ×2, Hawthorne, Lakewood, Montebello, Redondo Beach, Westchester, Glendale + HB, Santa Ana, Tustin. Light census 2026-06-10.",2,N/M,"None published (BLOC offered, amounts N/M)",Membership: KC/StL metro live-work OR open path via Friends of Hobbs nonprofit,Self-UW 1% biz Visa — 11 ex-UNIFY LA/OC branches; phone-apply,"Business Visa Rewards (1%, $0 AF)",SoCal / LA-OC (11 ex-UNIFY branches; KS-HQ'd),"Lenexa, KS",CU,HIGH self/terms/UNIFY-branches; phone-apply. Light census 2026-06-10,communityamerica.com business-credit-cards + UNIFY merger news; unifyfcu.com locations
28,28,Provident Credit Union,Credit Union,Other — NorCal,3/4  ✓SUW ✓Onl ✗SoCal ✓Card,N/M,N/M,,A — Self-UW (online),N/M (no bank-specific data point found),~$3.5B,—,HQ Redwood City; ~23 Bay Area branches; FOM 10 NorCal counties + LA City,CA-HQ'd,Yes,✅ Business Rewards Visa + Business Share Secured Visa: 6mo intro reduced rate (not 0%); $0 AF; up to $50K; 'qualify with no credit history',Self (Provident CU; Velera/PSCU processing platform),Online,Online — apply at https://providentcu.org/business/business-credit-cards/apply,https://providentcu.org/business/business-credit-cards,https://providentcu.org/business/business-credit-cards/apply,N/M,⚠️ Reports to all 3 PERSONAL bureaus (consumer secured confirmed; business inferred),Online application (member-gated). 'Qualify with no credit history.' Share Secured = savings pledge. No business-card forum data.,1,PG N/M (inferred); account-opening docs (ID/EIN) only,Business Rewards Visa markets 'no credit history' approval; Share Secured (savings pledge). Low-barrier but not no-income-doc.,Membership required (10 NorCal counties + City of Los Angeles FOM; NO nationwide open path),★ Reports to personal credit,Provident Business Rewards Visa; Business Share Secured Visa,NorCal / SF Bay (Redwood City),"Redwood City, CA",CU,"HIGH self/products/apply-online/membership; ⚠️ reports to personal; N/M HP, PG. 2026-05-28",providentcu.org/business/business-credit-cards + /rates + /apply; CFPB share-secured; velera.com
29,29,American United Federal Credit Union,Credit Union,Coachella (low),3/4  ✓SUW ✓Onl ✗SoCal ✓Card,N/M,N/M,,A — Self-UW (online),N/M (no bank-specific data point found),$0.39B,—,3 Riverside-County branches (tribal casinos),CA-HQ'd,Yes,✅ VISA Business Cash Back: 1% back; $0 AF; FIXED as low as 9.90%; SELF-issued (instant-issue in branch),Self (American United FCU),Online,Online — apply at https://www.amucu.org/business/business-cash-back-visa/,https://www.amucu.org,https://www.amucu.org/business/business-cash-back-visa/,N/M,N/M,BLOC secured/unsecured ('limits vary by business financial health'). FAQ cites credit score + biz history + financial statements. Light census 2026-06-10.,3,N/M (financial statements cited in FAQ),None published,Membership OPEN: $5 Financial Fitness Association path (anyone),★ 9.90% FIXED biz Visa online + $5 FFA open join (Riverside Co.),American United Platinum VISA Cash Back (9.90% fixed),"SoCal / Riverside-Coachella (3 casino branches: Spotlight 29 Coachella, Morongo Cabazon, Soboba San Jacinto; UT-HQ'd)","West Jordan, UT",CU,"MED-HIGH self/9.90%-fixed/online/FFA-open; N/M limits, HP. Light census 2026-06-10",amucu.org/business/business-cash-back-visa + lines-of-credit + become-a-member
30,30,Logix Federal Credit Union,Credit Union,★ Core SoCal,3/4  ✓SUW ✗Onl ✓SoCal ✓Card,N/M,N/M,,B — Self-UW (in branch),N/M (no bank-specific data point found),~$9.73B,—,HQ Valencia (LA County); ~18 branches LA + Ventura; CA-only business card,CA-HQ'd,Yes,✅ Smart Business Cashback Mastercard: 5.99% intro 6mo (NOT 0%); 17.99%; $0 AF; 1.5% cash back,Self (Logix FCU),In-person,By appointment (agreement allows online for members),https://www.logixbanking.com/business/credit-card,https://www.logixbanking.com/business/credit-card,N/M (personal pull; a consumer lawsuit alleged EQ + TU),⚠️ Reports to PERSONAL consumer bureaus (negative + tradeline),Apply by appointment (agreement allows online for members). Conservative lender; CA-only business card. No business-card forum data.,0,PG (inferred); creditworthiness-based,None,Membership required (SoCal Easy-Membership + OPEN via American Consumer Council; business within 30mi of a branch),Reports to personal credit,Logix Smart Business Cashback Mastercard,SoCal / Los Angeles (Valencia/Burbank) + Ventura,"Valencia, CA",CU,HIGH self/terms/SoCal/membership; ⚠️ reports to personal credit; apply N (appointment). 2026-05-28,logixbanking.com/business/credit-card + Smart Business Cashback agreement PDF (issuer=self); CFPB; become-a-member
31,31,Sunwest Bank,Regional,★ Core SoCal,3/4  ✓SUW ✗Onl ✓SoCal ✓Card,"N/M (no public DP either way; 'early warning' on site = fraud-alert copy, not the agency)",N/M,"EXP #2 (mentor — STALE: pre-2019 Elan era; now Torpago self-issue, bureau N/M)",B — Self-UW (in branch),"N/M (company-level limits; 'higher than traditional' marketing, unquantified)",$4.27B,$3.45B,"3 CA branches ALL Orange County: Irvine, Tustin, San Clemente; +UT/AZ/ID/FL; cert 20164",Major CA (branches + lending),Yes,⚠️ Visionary Corporate Card — EXISTING Sunwest CLIENTS ONLY; no 0%; APR N/M; $0 AF; 1% cash back,Self (Torpago 'Visionary' platform + Marqeta rails; own balance sheet),In-person,Visit branch / contact a banker (no online application),https://www.sunwestbank.com,https://www.sunwestbank.com/visionary-corporate-card/,N/M (cash-flow/FICO-monitor UW; bureau unpublished. Mentor 'EXP' = STALE pre-2019 Elan-era intel — archive.org proof),'Build business credit' marketed; bureaus N/M,"Cash-flow/statement-based UW (no tax returns evidenced; CLIs = bank statements, 3-5 day decision). Zero forum DPs. VisionaryPayments@SunwestBank.com.",2,N/M (Torpago-direct was no-PG; Sunwest agreement login-gated),Card IS statement-based (no-tax-return); SBA Express ≤$350K 36-hr decision (low-doc),YES — must be Sunwest deposit client first,Statement-based corporate card — CLIENTS ONLY (OC),Visionary Corporate Card (Visa; physical + unlimited virtual; Torpago/Marqeta; launched 2024-01),SoCal / Orange County (UT-chartered — why our CA-HQ sweep missed it),"Sandy, UT (ops Irvine/Tustin/San Clemente)",Reg,"HIGH self/clients-only-gate/OC footprint (all primary, 2026-06-09); N/M bureau, PG, limits. 2026-06-09","sunwestbank.com/visionary-corporate-card; support.visionarycorporatecard.com (clients-only, upd 2026-05-18); torpago.com PR 2024-01-24; FDIC cert 20164; web.archive.org 2015 (Elan-era proof)"
32,32,"Flagstar Bank, N.A.",Regional,★ Core SoCal,3/4  ✗SUW ✓Onl ✓SoCal ✓Card,Yes — pulls (DoC 2025-08-07),N/M,,C — Other agent card,N/M (no bank-specific data point found),N/M,N/M,~13 branches LA/OC/San Bernardino (FDIC SOD 2025); ex-NYCB,N/M,No,✅ Business Edition Visa (+Absolute Rewards / Secured); issued by FNBO; terms N/M,FNBO (First National Bank of Omaha — agent program),Online,Online — apply at https://card.fnbo.com/mpp/fi/flagstar/business/web-visa,https://www.flagstar.com,https://card.fnbo.com/mpp/fi/flagstar/business/web-visa,"Experian (FNBO standard; WalletHub/myFICO, acc. 2026-06-10)",N/M,FNBO agent portal card.fnbo.com — online apply. Secured tier: self-set $2K–$10K deposit. Light census 2026-06-10.,3,PG typical (FNBO; N/M specifics),BLOC = collateral-based (AR/inventory/equipment),No (card portal open),"★ FNBO agent card — online apply, Experian (13 SoCal branches)",Business Edition Visa; w/ Absolute Rewards; Secured w/ Maximum Rewards (FNBO),SoCal / LA-OC-SB (13 branches; NY-HQ'd),"Hicksville, NY",Reg,HIGH issuer=FNBO/online/EX; N/M limits. Light census 2026-06-10,card.fnbo.com/mpp/fi/flagstar/business/web-visa; flagstar.com business-lines-of-credit; DoC Chex list 2025-08-07
33,33,HCN Bank,CA Bank,★ Core SoCal,3/4  ✗SUW ✓Onl ✓SoCal ✓Card,N/M,N/M,,C — Other agent card,N/M (TIB; financials typically required $10K+),$0.97B,N/M,"Inland Empire; Riverside HQ, Hemet, Anza, Beaumont; rebranded from Bank of Hemet (Jan 2023)",CA-HQ'd,No,✅ no 0%; APR N/M (Prime-based); $0/$49 AF; 1pt/$1 (Preferred Points),TIB,Online,Online — apply at https://www.hcnbank.com/Business-Credit-Cards/,https://www.hcnbank.com,https://www.hcnbank.com/Business-Credit-Cards/,Experian (TIB; INFERENCE),N/M (TIB not on DoC list),TIB program (cardaccount.net): underwritten/approved/serviced by TIB; 25-day grace. No HCN-specific forum DPs.,3,PG likely (TIB standard); income docs N/M,None (commercial equipment/CRE/construction/SBA + LOC full-doc),N/M,★ No-doc card — apply online,"Business Card Standard ($0 AF); Business Card Preferred Points ($49 AF, up to 10K pts/mo)",SoCal / Inland Empire,Riverside,63,"HIGH issuer=TIB (own page disclosure)/online/Inland Empire/products; N/M APR, HP, reports. 2026-05-29",hcnbank.com/Business-Credit-Cards (TIB disclosure); cardaccount.net; FDIC cert 21606
34,34,"American Plus Bank, N.A.",CA Bank,★ Core SoCal,3/4  ✗SUW ✓Onl ✓SoCal ✓Card,N/M,N/M,,C — Other agent card,N/M (TIB; financials typically required $10K+),$0.89B,N/M,~4 CA branches (Arcadia HQ + SGV); CDFI; Chinese-American (founded 2007),CA-HQ'd,No,✅ TIB Visa (Platinum Cash Rewards consumer; Charge Company Rewards business); terms N/M,TIB,Online,Online — apply at https://bankaplus.com/Credit-Cards,https://bankaplus.com,https://bankaplus.com/Credit-Cards,Experian/TU (TIB; INFERENCE),"N/M (TIB; biz-only reporting per forum, unconfirmed here)","TIB Community Card program (mycommunitycc.com portal); no AF typical, ~25-day grace (unverified for this program). No bank-specific DPs.",3,PG likely (TIB standard); docs N/M,None (commercial LOC/CRE/construction/SBA/trade full-doc),N/M,★ No-doc card — apply online,Visa Platinum Cash Rewards (consumer); Visa Charge Company Rewards (business) — TIB Community Card suite,SoCal / LA (San Gabriel Valley),Arcadia,65,"MED-HIGH issuer=TIB (mycommunitycc.com portal)/online/SGV; N/M terms, HP, reports. 2026-05-29",bankaplus.com/Credit-Cards; mycommunitycc.com (TIB portal); FDIC cert 58469
35,35,Orange County's Credit Union,Credit Union,★ Core SoCal,3/4  ✓SUW ✗Onl ✓SoCal ✓Card,N/M,N/M,,B — Self-UW (in branch),N/M (no bank-specific data point found),~$2.5B,—,OC branches + Chino; ~$2.5B,CA-HQ'd,Yes,✅ Business Mastercard; SELF-issued (payments to own Santa Ana PO Box; no external creditor); terms N/M,Self (Orange County's CU),In-person,Visit branch / contact a banker (no online application),https://www.orangecountyscu.org,https://www.orangecountyscu.org/products/business-services/,"Experian (consumer loans, own FAQ; biz N/M)",N/M,BLOC referenced in checking fee-waiver text (no product page). Light census 2026-06-10.,2,N/M,None published,Membership OPEN: American Consumer Council / Community Impact Fund paths; serves OC/LA/Riverside/SB,Self-UW biz MC; ACC open join; branch-apply,Business Mastercard Credit Card,SoCal / Orange County (+Chino SB),"Santa Ana, CA",CU,MED-HIGH self/EX-consumer/ACC-open/branch-apply. Light census 2026-06-10,orangecountyscu.org business-services + FAQ (Experian KB218) + contact
36,36,Christian Community Credit Union (AdelFi),Credit Union,★ Core SoCal,3/4  ✓SUW ✗Onl ✓SoCal ✓Card,N/M,N/M,,B — Self-UW (in branch),N/M (no bank-specific data point found),~$0.89B (combined),—,San Dimas + Brea,CA-HQ'd,Yes,✅ 'Gives to Missions' Visa Business Rewards: 1.5% cash back; $300/$3K bonus; SELF-issued. Merged w/ AdelFi 2025-12-01 (~$885M combined; AdelFi brand by mid-2026),Self (CCCU charter continues),Assisted,Staff-assisted (phone appointment / DocuSign; not instant),https://www.adelfibanking.com,https://www.adelfibanking.com/ministry/ministry-credit-cards/,N/M,N/M,Ministry LOCs need 3yr financial statements (churchlend.com) — biz-card docs N/M. Light census 2026-06-10.,2,N/M,None published,"Membership: Christians (statement of faith) — individuals, churches, ministries, Christian-owned businesses, US-wide (open-ish)",No-doc card — apply in branch,Gives to Missions Visa Business Rewards (1.5%),SoCal / LA (San Dimas HQ) + OC (Brea AdelFi),"San Dimas, CA",CU,MED-HIGH self/products/merger-flux. Light census 2026-06-10,adelfibanking.com ministry-credit-cards + business-lines-of-credit; cutimes.com 2025-12-03
37,37,Truist,National,National (lends in CA),3/4  ✓SUW ✓Onl ✗SoCal ✓Card,Yes — personal (DoC 2025-08-07; ~2026-03 DP); one DP: business in-branch SKIPPED Chex (2025-10-17),Yes — pulls (EWS co-owner; predecessor biz DP 2019-01-12; DP 2026-05-22),,A — Self-UW (online),~$10K (EQ 754); $25K seen; combined stacks ~$18K–$72K  [myFICO #6741527],~$548B,—,SE/Mid-Atlantic + new TX (Austin/Dallas); NO California branches,⚠ Needs local branch/account — minimal/no CA retail (likely NOT reachable),Yes,"✅ Business Card 0% 12 cyc, $0 AF (best); Cash Rewards 0% 9cyc; Visa Infinite ($299) branch-only",Self (Truist Bank),Online,Online — apply at https://businesscreditcard.digitalcommerce.truist.com/product/SBL,https://www.truist.com/small-business/credit-cards/compare,https://businesscreditcard.digitalcommerce.truist.com/product/SBL,Equifax (exclusively),Personal: N/M (Truist absent from DoC list). Business: N/M,"Equifax-ONLY HP, per app; SOFT-pull pre-qual path exists. Friendly velocity (approved 6yr LLC then startup LLC ~1wk later). Limits ~$10K (EQ 754), $25K seen; combined ~$18-72K stacks. myfico.com #6741527 / #6650127",4,"PG yes (Guarantor, for-profit); NO tax returns (Equifax-driven)",LOC/term/SBA = doc-based (not no-doc),No (recommended for Loyalty Cash Bonus),★ ⚠ No CA branches — likely not reachable from CA,"Business Cash Rewards, Business Travel ($49), Business Premium Visa Infinite ($299, branch-only), Business Card (0%)",National — NO CA branches (SE/Mid-Atlantic + TX); CA online eligibility UNVERIFIED,"Charlotte, NC",Natl,"HIGH self/lineup/HP=Equifax/no-CA-branches; LOW CA online eligibility, personal/biz reporting (N/M). 2026-05-28",truist.com/small-business/credit-cards; businesscreditworkshop.me; myfico.com #6741527; media.truist.com (Visa Infinite)
38,38,MidFirst Bank,Regional,★ Core SoCal,3/4  ✓SUW ✗Onl ✓SoCal ✓Card,"Yes — pulls, 4 DPs (DoC 2025-08-07)",N/M,,B — Self-UW (in branch),N/M (no bank-specific data point found),N/M,N/M,3 LA branches (FDIC SOD 2025); largest private US bank,N/M,Yes,✅ Business Credit Card / Business Rewards / Business Secured ($35 AF); terms N/M,Self (MidFirst Bank — no third-party portal),In-person,Visit branch / contact a banker (no online application),https://www.midfirst.com,https://www.midfirst.com/business-and-commercial/card-solutions/credit,N/M,N/M,Self-issued lineup incl. secured tier. Commercial LOC $1M–$30M+ (separate tier). Light census 2026-06-10.,2,N/M,None published,N/M (relationship bank),"Self-UW, branch-apply (3 LA branches)",Business Credit Card; Business Rewards; Business Secured ($35 AF),SoCal / LA (3 branches; OK-HQ'd),"Oklahoma City, OK",Reg,"MED-HIGH self/branch-apply; N/M terms, HP. Light census 2026-06-10","midfirst.com/business-and-commercial/card-solutions/credit; DoC Chex list 2025-08-07 (pulls, 4 DPs)"
39,39,Banner Bank,Regional,Other — West Coast — CA,2/4  ✓SUW ✗Onl ✗SoCal ✓Card,"Yes — pulls, sensitive (Unchex; BankDealGuy reader DP 2026-01-27); BankOn 'Digital Account' = fallback",N/M,"TU #1 (mentor — publicly N/M; plausible, unverified)",B — Self-UW (in branch),N/M (no bank-specific data point found),~$16.56B,—,HQ Walla Walla; ~135 branches; ~30 CA branches (ex-AmericanWest/AltaPacific acquisitions),Major CA (branches + lending),Yes,"✅ Business Platinum Mastercard: 0% 12mo, $0 AF; Business Cash Rewards; + commercial",Self (Banner Bank),In-person,Download PDF application → bring to branch (full PG underwriting),https://www.bannerbank.com/business-solutions/services/small-business-credit-card,https://www.bannerbank.com/business-solutions/services/small-business-credit-card/business-platinum-mastercard,"N/M public — mentor DP (2026-06, unverified): TransUnion",N/M,Download PDF application -> bring to branch. No forum data.,2,PG YES (joint & several) + full underwriting (Tax ID + gross revenue + guarantor SSN/income/net worth + bureau pull),None (full-doc card; commercial lending full-doc),N/M,No-doc card — apply in branch,"Business Platinum Mastercard, Business Cash Rewards Mastercard; Commercial / Commercial Rewards",West Coast — CA/WA/OR/ID (~30 CA branches),"Walla Walla, WA",Reg,HIGH self/products/0%-12mo/PG-full-underwrite/CA-footprint; apply N (paper->branch). 2026-05-28,"bannerbank.com/.../business-platinum-mastercard + application PDF (issuer=self, PG); FDIC cert 28489"
40,40,Infinity Bank,CA Bank,★ Core SoCal,3/4  ✗SUW ✓Onl ✓SoCal ✓Card,"N/M (no disclosure, no DPs — ask the banker)",N/M,,C — Other agent card,N/M (ServisFirst; no published limit / forum DP),$0.39B,N/M,"Single branch (Santa Ana, OC); Infinity Bancorp; est 2018",CA-HQ'd,No,✅ no 0%; ~16.75% (Cash Back) / 18.75% (Platinum) var; $79 / $0 AF; 1% cash back to $1K/yr,ServisFirst Bank (agent program),Online,Online — apply at https://app.ccdepartment.com/Credit/credit?name=GoInfinityBank193,https://www.infinity.bank,https://app.ccdepartment.com/Credit/credit?name=GoInfinityBank193,N/M (personal pull on guarantor; bureau not named),N/M (SBFE/biz reporting not disclosed),ServisFirst Agent Bank Card Program (app.ccdepartment.com) — portal states verbatim 'issued by ServisFirst Bank'; bank disclosure PDF titled 'Servis-First-Business-Credit...'. App requires signed guarantee + financials (P&L/income stmt/balance sheet OR tax return — one of). CORRECTION: prior 'Elan' tag was a subagent mis-ID. No forum DPs.,3,PG yes (signed guarantee required); NO tax returns mandated (financials OR return accepted),None (business LOC/merchant services full-doc),N/M,★ No-doc card — apply online,"Business Platinum Cash Back Rewards ($79 AF, 1% to $1K/yr); Business Platinum ($0 AF) — Visa via ServisFirst",SoCal / Orange County,Santa Ana,90,"HIGH issuer=ServisFirst (portal disclosure + Servis-First PDF, triple-confirmed)/online/OC/terms; N/M HP, reports, limit. 2026-05-29",infinity.bank/.../business-credit-cards; app.ccdepartment.com (ServisFirst disclosure); cms...Servis-First-Business-Credit-CRD-Application-Disclosures.pdf; aba.com (ServisFirst Agent Bank program); FDIC cert 59098
41,,City National Bank,CA Bank,★ Core SoCal,2/4  ✓SUW ✗Onl ✓SoCal ✗Card,N/M,N/M,,Commercial-only,—,$99.95B,$81.07B,~75 offices SoCal + SF Bay Area; RBC-owned,CA-HQ'd,Yes,⚠️ Commercial only — Visa Commercial/Crystal; no 0%; $50/$400 AF; branch only,Self,In-person,Branch only (commercial Visa; relationship),https://www.cnb.com,https://www.cnb.com/business-banking/lending/credit-cards/commercial.html,Experian (personal Crystal card; biz N/M),N/M,N/M for biz card (forum data is for personal Crystal Visa Infinite only),0,PG + Personal Financial Statement + tax returns (full-doc),None (LOC/SBA/ABL full-doc),N/M (relationship expected),Commercial / full underwriting,Visa Commercial; Visa Crystal Commercial (corporate),SoCal / LA,Los Angeles,1,HIGH self-issuer/commercial/no-online. 2026-05-28,cnb.com commercial + crystal pages; Commercial-Credit-Card Agreement PDF
42,41,KeyBank,Regional,National (lends in CA),3/4  ✓SUW ✓Onl ✗SoCal ✓Card,Yes — pulls (DoC 2025-08-07; Crediful 2025-10-22),Yes — mixed 2-yes/1-no (DoC EWS list),EQ #2 (mentor ✓ matches our EQ; but NO CA retail — reachability conflict),A — Self-UW (online),Modest biz $3K–$4K DP; soft-pull EQ; CLIs after 6mo  [myFICO #5345434],~$184B,—,"~940 branches/15 states; CA = commercial banking (LA/Newport/SD), negligible retail",⚠ Needs local branch/account — minimal/no CA retail (likely NOT reachable),Yes,"✅ Business Rewards / Cash Rewards / Business MC: 0% 6 cycles, $0 AF","Self (KeyBank NA; self-issues since 2012, ex-Elan)",Online,Online — apply at https://www.key.com/small-business/banking/credit-cards/card-comparison.html,https://www.key.com/small-business/banking/credit-cards/card-comparison.html,https://www.key.com/small-business/banking/credit-cards/card-comparison.html,Equifax (SOFT pull reported for some / existing customers),Personal: NEVER (FAQ confirmed). Business: SBFE likely (N/M),Soft-pull Equifax common (esp. existing customers); relationship-gated. Biz limits modest ($3-4K DP); consumer high ($25K+$32.5K dual). CLIs after 6mo. myfico.com #5345434 / #1073204,5,PG likely (INFERENCE); no tax returns for cards,Business LOC/term = full-doc. Cards NEVER report to personal = strong keep-off-personal play.,No to apply (relationship helps),★ ⚠ Minimal CA retail — great no-doc IF you have a relationship,"KeyBank Business Rewards MC, Business Cash Rewards MC, Business MC","National — CA commercial presence (expanded SoCal 2024), minimal CA retail","Cleveland, OH",Reg,HIGH self/no-personal-reporting (FAQ)/soft-pull-EQ; MED apply-online (relationship-gated). 2026-05-28,key.com/small-business/.../credit-cards + business-credit-card-faq (no personal reporting); crainscleveland.com (self-issue since 2012); cardright.com (Equifax); myfico.com #5345434
43,42,Mission Valley Bank,CA Bank,★ Core SoCal,3/4  ✗SUW ✓Onl ✓SoCal ✓Card,N/M,N/M,,D — TCM agent,"N/M (TCM; conservative, Experian-driven)",$0.77B,N/M,LA County; Sun Valley HQ + Santa Clarita branch,CA-HQ'd,No,✅ TCM business Visa; terms N/M (see Summary of Credit Terms at app); 1pt/$1 typical,"TCM Bank, N.A.",Online,Online — apply at https://www.mycommunitycc.com/A0oVKGkHmrYt,https://www.missionvalleybank.com,https://www.mycommunitycc.com/A0oVKGkHmrYt,Experian (TCM),N/M (TCM; biz bureaus/SBFE typical),TCM platform: Experian pull (apps + CLIs); SBA-eligible only; conservative. myfico.com #6303273,3,PG likely; SBA-eligible only; no tax returns at app,None (SBA/AR financing/BusinessManager/LOC/term/equipment/CRE full-doc),N/M,★ No-doc card — apply online,TCM business Visa (rewards/cash-back variants; names not enumerated),SoCal / LA (San Fernando Valley),Sun Valley,71,"HIGH issuer=TCM (own page quote)/online/SFV; N/M terms, HP forum-only, reports. 2026-05-29","missionvalleybank.com/card-services ('issued by TCM Bank, N.A.'); mycommunitycc.com; FDIC cert 57101"
44,43,GBC International Bank,CA Bank,★ Core SoCal,3/4  ✗SUW ✓Onl ✓SoCal ✓Card,N/M,N/M,,D — TCM agent,"N/M (TCM; conservative, Experian-driven)",$0.68B,N/M,"8 offices, all SoCal/LA; Chinese-American + trade finance; SBA Preferred Lender",CA-HQ'd,No,✅ TCM business Visa; terms N/M; $0 AF likely,"TCM Bank, N.A.",Online,Online — apply at https://www.mycommunitycc.com/k7OgnYPt1fSE,https://www.gbcib.com,https://www.mycommunitycc.com/k7OgnYPt1fSE,Experian (TCM; BBB DPs),N/M (TCM; biz bureaus typical),TCM platform: Experian pull (apps + CLIs); SBA-eligible only; conservative. myfico.com #6303273,3,PG likely; SBA-eligible only,None (BELOC real-estate-secured / SBA / Ex-Im / LC / CRE full-doc),N/M,★ No-doc card — apply online,GBC-branded TCM business Visa (names not enumerated),SoCal / LA,Los Angeles,74,"MED-HIGH issuer=TCM (mycommunitycc.com portal + mycardstatement.com)/online/LA; N/M terms, reports. 2026-05-29",gbcib.com/business; mycommunitycc.com/k7OgnYPt1fSE; tcmbank.com; FDIC cert 22366
45,44,Banc of California,CA Bank,★ Core SoCal,3/4  ✗SUW ✓Onl ✓SoCal ✓Card,"Yes — weak single source (Unchex, undated); verify in branch",N/M,,E — Elan agent,"Elan platform: ~$3K–$10K start, to ~$20K strong files (~$500 seen at 800+ FICO)  [myFICO #6658960]",$34.64B,$27.44B,"~80 CA branches; LA County, Orange County, San Diego (merged PacWest)",CA-HQ'd,No,✅ 0% 20 cycles → ~17-26% var; $0 AF (BEST 0% in set),Elan,Online,Online — apply at https://bancofcal.com/payment-solutions/business-credit-card/,https://bancofcal.com,https://bancofcal.com/payment-solutions/business-credit-card/,TransUnion (varies EX/EQ),D&B; not personal in good standing,Elan platform: starts ~$3-10K (to $20K strong files; ~$500 seen even at 800+ FICO). PG required; ~2yr TIB preferred not required; D&B profile helps. Multiple cards same day = SEPARATE hard pull each (no 1-HP-multi). Don't check 'balance transfer' on app (=low limit). myfico.com #6658960 / #6308920 / #6244031,3,PG yes; no tax returns (<$25K),None (SBA/LOC/term full-doc),No,Longest 0% — 20 billing cycles (Elan),Business Card (0% 20 cyc); Business Cash Card (3/2/1%),SoCal / LA,Los Angeles,3,HIGH issuer/PG/0%-20cyc/apply/$0AF; N/M go-to APR. 2026-05-28,bancofcal.com business credit card page; online1.elancard.com STD_BIZ.pdf; hustlermoneyblog.com
46,45,Mega Bank,CA Bank,★ Core SoCal,3/4  ✗SUW ✓Onl ✓SoCal ✓Card,N/M,N/M,,D — TCM agent,"N/M (TCM; conservative, Experian-driven)",$0.47B,N/M,"4 CA branches (San Gabriel HQ, Arcadia, Hacienda Heights); est 2008; Chinese-American",CA-HQ'd,No,✅ TCM business + personal Visa; terms N/M; $0/low AF likely,"TCM Bank, N.A.",Online,Online — apply at https://www.mycommunitycc.com/vsqcwJmaxwd7,https://www.megabankusa.com,https://www.mycommunitycc.com/vsqcwJmaxwd7,Experian (TCM),N/M (TCM),TCM platform (mycommunitycc.com): Experian pull; SBA-eligible only; conservative. myfico.com #6303273,3,PG likely; SBA-eligible only,None (CRE/construction/commercial/small-business full-doc),N/M,★ No-doc card — apply online,"TCM business Visa ('Administered by TCM Bank, N.A.'; names not enumerated)",SoCal / LA (San Gabriel Valley),San Gabriel,80,"HIGH issuer=TCM (own page 'Administered by TCM Bank')/online/SGV; N/M terms, reports. 2026-05-29",megabankusa.com/Other-Services; mycommunitycc.com/vsqcwJmaxwd7; FDIC cert 58401
47,46,Home Bank of California,CA Bank,★ Core SoCal,3/4  ✗SUW ✓Onl ✓SoCal ✓Card,N/M,N/M,,D — TCM agent,"N/M (TCM; conservative, Experian-driven)",$0.25B,N/M,"Single branch (San Diego, Ruffin Rd); est 1981",CA-HQ'd,No,"✅ TCM business Visa + Company Rewards Charge ($0 AF, 1pt/$1 no cap); terms N/M","TCM Bank, N.A.",Online,Online — apply at https://www.mycommunitycc.com/uJU63OjSlxHb,https://www.hbc.bank,https://www.mycommunitycc.com/uJU63OjSlxHb,Experian (TCM; BBB DPs),N/M (TCM),TCM platform (mycommunitycc.com): Experian pull; SBA-eligible only; conservative. myfico.com #6303273,3,PG likely; SBA-eligible only,None (SBA/CRE/term/LOC full-doc),N/M,★ No-doc card — apply online,"TCM business Visa (multiple) + Company Rewards Charge Card ($0 AF, 1pt/$1 uncapped, free employee cards)",SoCal / San Diego,San Diego,98,"HIGH issuer=TCM (own page 'issued by TCM Bank, N.A.')/online/San Diego/products; N/M APR, reports. 2026-05-29",hbc.bank/business/.../business-credit-cards + /company-rewards-charge-card; mycommunitycc.com; FDIC cert 26271
48,47,Comerica Bank,National,National (lends in CA),2/4  ✗SUW ✓Onl ✗SoCal ✓Card,N/M,N/M,,E — Elan agent,$25K starting (Elan DP); declined 3rd Elan card  [creditboards #632782],~$79B,—,"TX/MI/CA/FL/AZ; CA core market. NOTE: acquired by Fifth Third Bank (closed Feb 1, 2026) — program in transition",Major CA (branches + lending),No,✅ Elan Mastercards (Business Cash 0% 12cyc; Smart Business Rewards $95 after yr1),Elan,Online,Online — apply at https://branchoffer.com/11t1/smart-business-rewards,https://www.comerica.com/small-business/banking-and-services/business-credit-cards.html,https://branchoffer.com/11t1/smart-business-rewards,TransUnion-lean (Elan; varies EX/EQ),Personal: only on default. Business: SBFE,Elan platform. Comerica DP: $25K starting limit. Declined on 3rd Elan card ('sufficient available credit'); Elan rep says no hard cap (cited a customer w/ 13 Elan accounts). creditboards.com #632782 / myfico.com #6478775,3,PG yes; NO tax returns,None (commercial LOC/SBA doc-based),N/M (relationship path),No-doc 0% card — apply online (Elan),"Mastercard Business Platinum, Real Rewards, Rewards PLUS, Smart Business Rewards; + Visa Secured",National — major CA market since 1983,"Dallas, TX",Natl,HIGH issuer=Elan (NOT self)/PG/personal-default-only; MED Comerica-branded terms; flag Fifth Third acquisition. 2026-05-28,comerica.com business credit cards; online1.elancard.com COMERICA_CLIENT_SEC.pdf; creditboards.com #632782; 53.com (acquisition)
49,48,Cathay Bank,CA Bank,★ Core SoCal,3/4  ✗SUW ✓Onl ✓SoCal ✓Card,N/M,N/M,,E — Elan agent,"Elan platform: ~$3K–$10K start, to ~$20K strong files (~$500 seen at 800+ FICO)  [myFICO #6658960]",$24.04B,$20.70B,"~43 branches/37 cities; LA/SGV, SF Bay, Orange County",CA-HQ'd,No,✅ 6-mo intro; 1% cash back; APR N/M,Elan,Online,Online — apply at https://www.mycardapply.com/synindex/?ecdma-lc=36055&ecid=OTHE_25940#business,https://www.cathaybank.com,https://www.mycardapply.com/synindex/?ecdma-lc=36055&ecid=OTHE_25940#business,TransUnion (varies EX/EQ),D&B; not personal in good standing,Elan platform: starts ~$3-10K (to $20K strong files; ~$500 seen even at 800+ FICO). PG required; ~2yr TIB preferred not required; D&B profile helps. Multiple cards same day = SEPARATE hard pull each (no 1-HP-multi). Don't check 'balance transfer' on app (=low limit). myfico.com #6658960 / #6308920 / #6244031,3,PG yes; no tax returns (<$25K),Smart Loans (simplified-doc LOC) $5K-$250K by time-in-biz,N/M (not required to apply),Smart Loans: simplified-doc LOC (Elan),MC Business Platinum; MC Business Platinum Rewards (1% cash back),SoCal / LA,Los Angeles,5,"HIGH relevance/issuer/online/6mo-intro/1%; N/M APR, AF. 2026-05-28",cathaybank.com/business/credit-cards; mycardapply.com; cathaybank.com smart-loans
50,49,Patelco Credit Union,Credit Union,Other — NorCal,2/4  ✓SUW ✗Onl ✗SoCal ✓Card,N/M,N/M,,B — Self-UW (in branch),N/M (no bank-specific data point found),~$9.52B,—,16 NorCal/Central counties + nationwide via FFA; ~35 branches,CA-HQ'd,Yes,✅ Mastercard Business Rewards: NO 0% intro; 10.65-20.15% (LOW); $0 AF; 1.5pts. 2yr-in-business required,Self (Patelco Credit Union),Assisted,Virtual Branch (staff-assisted),https://www.patelco.org/business-banking/business-rewards-card,https://www.patelco.org/business-banking/business-rewards-card,Experian (personal cards; business INFERENCE),⚠️ Personal: ALWAYS (reports to BOTH personal + business credit). Business: D&B/EX-Biz/EQ-Biz,"Apply via Virtual Branch (staff-assisted). 2yr-business required. Personal-card DPs: $25K approvals, Experian, generous CLIs. Business-card DPs N/M.",0,PG yes (INFERENCE); no tax returns,None. Card reports to personal credit (weak for keep-off-personal). Low APR is the draw.,"Membership required (16 NorCal counties + family; OPEN nationwide via Financial Fitness Assoc, Patelco pays yr1)",Low APR but reports to personal,"Patelco Mastercard Business Rewards (low-rate, 1.5 pts)",NorCal / SF Bay (16-county FOM),"Dublin, CA",CU,HIGH self/low-APR/membership; ⚠️ reports to PERSONAL credit always. 2026-05-28,patelco.org/business-banking/business-rewards-card + T&C PDF; /how-do-business-credit-cards-work (personal+business reporting); /become-a-member (FFA); myfico.com #6585690
51,50,SAFE Credit Union,Credit Union,Other — NorCal,2/4  ✓SUW ✗Onl ✗SoCal ✓Card,N/M,N/M,,B — Self-UW (in branch),N/M (no bank-specific data point found),~$5B,—,13 NorCal counties + family / Aerospace Museum path; ~20 branches,CA-HQ'd,Yes,✅ SAFE Visa Business: 0% 12mo BT promo; 13.40-19.40%; $0 AF; ScoreCard points,Self (SAFE Credit Union),In-person,Phone appointment (no online form),https://www.safecu.org/business/grow-your-business/visa-business,https://www.safecu.org/business/grow-your-business/visa-business,N/M business (TransUnion for personal/membership),Negative/default reporting (personal); business bureaus N/M,Apply via phone appointment (no online form). PG explicit; financials on request (Sec 23). Membership-gated.,2,PG YES (explicit guaranty) + financials on request — NOT fully no-doc,None (PG + financials-on-request clause),Membership required (13 NorCal counties + family; Aerospace Museum 'anyone can join' path),No-doc card — apply in branch,SAFE Visa Business Credit Card,NorCal / Sacramento (13-county FOM),"Folsom, CA (Sacramento metro)",CU,"HIGH self/terms/PG-explicit/membership; MED 0%-BT-promo, HP. Financials-on-request = not pure no-doc. 2026-05-28","safecu.org/business/grow-your-business/visa-business + Business Credit Card Agreement PDF (PG, Sec 23 financials); /about/join-safe; dfpi.ca.gov"
52,51,Icon Business Bank,CA Bank,★ Core SoCal,3/4  ✗SUW ✓Onl ✓SoCal ✓Card,N/M,N/M,,D — TCM agent,"N/M (TCM; conservative, Experian-driven)",$0.16B,N/M,Riverside HQ (IE) + Santa Ana (OC); de novo est Aug 2023; Icon Bcorp,CA-HQ'd,No,✅ TCM business + personal Visa; terms N/M; $0/low AF likely,"TCM Bank, N.A.",Online,Online — apply at https://www.mycommunitycc.com/lSp9OsZX4zOr,https://www.iconbusinessbank.com,https://www.mycommunitycc.com/lSp9OsZX4zOr,Experian (TCM),N/M (TCM; biz bureaus/SBFE typical),TCM Agent Program (mycommunitycc.com): Experian pull; SBA-eligible only; PG-based. myfico.com #6303273,3,PG likely; SBA-eligible only,None (unsecured LOC/term/ABL/equipment/CRE/CELOC/SBA 504/7(a) full-doc),N/M,★ No-doc card — apply online,TCM business Visa (via mycommunitycc.com; SKUs N/M),SoCal / Inland Empire,Riverside,109,"MED-HIGH issuer=TCM (mycommunitycc.com portal)/online/Inland Empire; N/M terms, HP, reports. 2026-05-29",iconbusinessbank.com (homepage credit-cards link); mycommunitycc.com/lSp9OsZX4zOr; icba.org TCM; FDIC cert 59314
53,52,Citizens Business Bank,CA Bank,★ Core SoCal,3/4  ✗SUW ✓Onl ✓SoCal ✓Card,N/M,N/M,,E — Elan agent,"Elan platform: ~$3K–$10K start, to ~$20K strong files (~$500 seen at 800+ FICO)  [myFICO #6658960]",$15.51B,$12.00B,CA-only; ~64 branches/57 cities statewide,CA-HQ'd,No,✅ 0% 12 cycles → 17.24-26.24%; $0 AF,Elan,Online,Online — apply at https://creditcardlearnmore.com/11t3/index?ecdma-lc=26893&ecid=OTHE_25940#business,https://www.cbbank.com,https://creditcardlearnmore.com/11t3/index?ecdma-lc=26893&ecid=OTHE_25940#business,TransUnion (varies EX/EQ),D&B; not personal in good standing,Elan platform: starts ~$3-10K (to $20K strong files; ~$500 seen even at 800+ FICO). PG required; ~2yr TIB preferred not required; D&B profile helps. Multiple cards same day = SEPARATE hard pull each (no 1-HP-multi). Don't check 'balance transfer' on app (=low limit). myfico.com #6658960 / #6308920 / #6244031,3,PG yes; no tax returns (<$25K),None (SBA/LOC need biz tax returns),No,No-doc 0% card — apply online (Elan),'Mastercard Business Card' = Elan suite (Cash Preferred/Smart/Real Rewards),SoCal / Inland Empire,Ontario,8,HIGH relevance/issuer/online/PG/footprint. 2026-05-28,cbbank.com/business-cards; creditcardlearnmore.com; cbbank.com/sba-lending
54,53,Community West Bank,CA Bank,Other — Central Valley,2/4  ✗SUW ✓Onl ✗SoCal ✓Card,N/M,N/M,,C — Other agent card,"TIB: $10K+ needs financials (flat-priced, not FICO-risk)  [myFICO #5028638]",$3.70B,$3.15B,Central Valley + Central Coast (Central Valley Community Bancorp merger 2024),CA-HQ'd,No,✅ no 0%; ~19.5% (Prime+10.99%); $0/$49 AF,TIB,Online,Online — apply at https://www.cardaccount.net/application/f87a3255c0/business/new,https://www.communitywestbank.com,https://www.cardaccount.net/application/f87a3255c0/business/new,Experian,N/M (TIB not on DoC list),TIB: pulls Experian incl. CLIs (CLI=hard pull); $10K+ needs financials; flat pricing (not FICO-risk-priced). myfico.com #5028638,3,PG yes; financials required $10K+ (sub-$10K light-doc),N/M (TIB card <$10K is the light-doc path),N/M,★ No-doc card — apply online,Standard Business Card ($0 AF); Preferred Points Business Rewards ($49 AF),Central Valley / Central Coast,Fresno,31,"HIGH products/issuer (TIB)/APR/fees/HP=Experian; N/M reports, deposit. 2026-05-28",communitywestbank.com/business-credit-cards; cardaccount.net/application/f87a3255c0; myfico.com #5028638
55,54,Farmers & Merchants Bank of Long Beach,CA Bank,★ Core SoCal,3/4  ✗SUW ✓Onl ✓SoCal ✓Card,N/M,N/M,,E — Elan agent,"Elan platform: ~$3K–$10K start, to ~$20K strong files (~$500 seen at 800+ FICO)  [myFICO #6658960]",$11.86B,$8.94B,"27 branches; Long Beach, Orange County, South Bay, Santa Barbara",CA-HQ'd,No,✅ 0% 12 cycles → 17.24-26.24%; $0 AF; $350 SUB,Elan,Online,Online — apply at https://creditcardlearnmore.com/11t3/index?ecdma-lc=31463&ecid=OTHE_25940,https://www.fmb.com,https://creditcardlearnmore.com/11t3/index?ecdma-lc=31463&ecid=OTHE_25940,TransUnion (varies EX/EQ),D&B + SBFE (infer); not personal,Elan platform: starts ~$3-10K (to $20K strong files; ~$500 seen even at 800+ FICO). PG required; ~2yr TIB preferred not required; D&B profile helps. Multiple cards same day = SEPARATE hard pull each (no 1-HP-multi). Don't check 'balance transfer' on app (=low limit). myfico.com #6658960 / #6308920 / #6244031,3,PG yes; no tax returns (<$25K),None (CRE/C&I/SBA full-doc),No,No-doc 0% card — apply online (Elan),"6 Elan business Visa: Cash Preferred, Real Rewards, Zero+, Smart Signature, CommUNITY, Company",SoCal / LA-Long Beach,Long Beach,10,HIGH products/issuer/online/terms. Not fandm.bank (ServisFirst). 2026-05-28,fmb.com/business/business-credit-card; creditcardlearnmore.com; cdwest.fmb.com/Locations
56,55,Tri Counties Bank,CA Bank,Other — NorCal,2/4  ✓SUW ✗Onl ✗SoCal ✓Card,N/M,N/M,,B — Self-UW (in branch),N/M (no bank-specific data point found),$9.95B,$8.41B,CA-only; NorCal/Central + SoCal,CA-HQ'd,Yes,✅ no 0%; APR N/M; $0 AF; 1.5% cash back (Platinum),"Self (Tri Counties Bank, N.A.)",In-person,Paper form BCC-301 (in-branch),https://www.tcbk.com,https://www.tcbk.com/business/credit-cards,N/M (personal pull via PG; bureau not named),N/M ('may report'; bureaus unnamed),N/M — zero forum data points (small self-issued program),2,PG yes (mandatory guarantor); no tax returns at app (self-reported revenue),None truly no-doc (LOC needs 3yr profitability),N/M,No-doc card — apply in branch,Visa Business Card; Visa Business Platinum. (Personal cards = TCM — don't conflate),NorCal / Sacramento,Chico,11,"MED-HIGH self-issuer/products/PG/no-tax; N/M HP, reports, APR. 2026-05-28",tcbk.com/business/credit-cards + Business_Card_Disclosure PDF + application PDF
57,56,Hanmi Bank,CA Bank,★ Core SoCal,3/4  ✗SUW ✓Onl ✓SoCal ✓Card,N/M,N/M,,E — Elan agent,"Elan platform: ~$3K–$10K start, to ~$20K strong files (~$500 seen at 800+ FICO)  [myFICO #6658960]",$7.79B,$6.80B,"~21 CA branches; LA, Orange County, San Diego, Silicon Valley; Korean-American",CA-HQ'd,No,✅ 0% 18 cycles (Business Zero+); APR/AF N/M,Elan,Online,Online — apply at https://www.mycardapply.com/synindex/product?ecdma-lc=36069&ecid=OTHE_25940&offertype=132,https://www.hanmi.com,https://www.mycardapply.com/synindex/product?ecdma-lc=36069&ecid=OTHE_25940&offertype=132,TransUnion (varies EX/EQ),D&B; not personal in good standing,Elan platform: starts ~$3-10K (to $20K strong files; ~$500 seen even at 800+ FICO). PG required; ~2yr TIB preferred not required; D&B profile helps. Multiple cards same day = SEPARATE hard pull each (no 1-HP-multi). Don't check 'balance transfer' on app (=low limit). myfico.com #6658960 / #6308920 / #6244031,3,PG yes; no tax returns (<$25K),None (SBA/CRE/term/trade full-doc),No,0% for 18 billing cycles (Elan),"Business Zero+ (0% 18 cyc), Business Real Rewards, Business Cash Preferred, Smart Business Rewards",SoCal / LA,Los Angeles,14,HIGH relevance/issuer/online/PG; MED HP. (Not 'Fifth Third' — snippet error.) 2026-05-28,hanmi.com/business/business-credit-cards; mycardapply.com; online1.elancard.com STD_BIZ.pdf
58,57,Preferred Bank,CA Bank,★ Core SoCal,3/4  ✗SUW ✓Onl ✓SoCal ✓Card,N/M,N/M,,E — Elan agent,"Elan platform: ~$3K–$10K start, to ~$20K strong files (~$500 seen at 800+ FICO)  [myFICO #6658960]",$7.66B,$6.43B,13 CA branches/11 cities; LA + Orange County + SF; Chinese-American,CA-HQ'd,No,✅ 0% 12 cycles → 17.24-26.24%; $0 AF,Elan,Online,Online — apply at https://creditcardlearnmore.com/11t3/index?ecdma-lc=25483&ecid=OTHE_25940#business,https://www.preferredbank.com,https://creditcardlearnmore.com/11t3/index?ecdma-lc=25483&ecid=OTHE_25940#business,TransUnion (varies EX/EQ),Personal delinquency-only; biz bureaus N/M,Elan platform: starts ~$3-10K (to $20K strong files; ~$500 seen even at 800+ FICO). PG required; ~2yr TIB preferred not required; D&B profile helps. Multiple cards same day = SEPARATE hard pull each (no 1-HP-multi). Don't check 'balance transfer' on app (=low limit). myfico.com #6658960 / #6308920 / #6244031,3,PG yes; no tax returns (<$25K),None (LOC/term/SBA full-doc),No,No-doc 0% card — apply online (Elan),"Business Cash Preferred, Smart Business Rewards, Business Real Rewards",SoCal / LA,Los Angeles,16,"HIGH issuer/products/terms/online; N/M HP, biz reporting. 2026-05-28",preferredbank.com/business/loans-and-credit/credit-cards; creditcardlearnmore.com (25483)
59,58,FFB Bank,CA Bank,Other — Central Valley,2/4  ✗SUW ✓Onl ✗SoCal ✓Card,N/M,N/M,,C — Other agent card,N/M (TIB; financials typically required $10K+),$1.57B,$1.35B,Single Fresno branch + Irvine + ~30 states virtual; leading Central Valley SBA lender,CA-HQ'd,No,✅ no 0%; APR N/M; no AF,TIB,Online,Online — apply at https://www.ffb.bank/home/business/loans-credit/credit-cards/,https://www.ffb.bank,https://www.ffb.bank/home/business/loans-credit/credit-cards/,Experian (infer; single 2021 DP; TIB variable),N/M,N/M FFB-specific; TIB-general only,3,PG typical (N/M); income docs N/M,N/M (SBA-focused; conventional/SBA full-doc),N/M,★ No-doc card — apply online,FFB Visa Business Card; FFB Visa Business Preferred Points Card,Central Valley,Fresno,47,"HIGH products/no-AF/SBA; MED-HIGH issuer=TIB (ecosystem); LOW HP, APR. 2026-05-28",ffb.bank/home/business/loans-credit/credit-cards; mypreferredpoints.com; myfico.com #6303273
60,59,Montecito Bank & Trust,CA Bank,Other — Central Coast,2/4  ✓SUW ✗Onl ✗SoCal ✓Card,N/M,N/M,,B — Self-UW (in branch),Visa Business Rewards up to $100K (advertised),$2.04B,$1.79B,~13 branches Santa Barbara + Ventura counties; largest Central Coast bank,CA-HQ'd,Yes,✅ no 0%; 16.49-24.49%; $0 AF; 1% cash back; $250 SUB,Self (Montecito B&T is creditor),Assisted,DocuSign (staff-assisted; not instant),https://montecito.bank,https://montecito.bank/business/credit-card,N/M (personal pull on guarantor),Reports to bureaus; personal on default (specific bureaus N/M),N/M (no forum data),2,Co-liability/guarantor; tax returns N/M,"BizMax LOC + Term $10K-$250K, apply online, decision in minutes",YES — deposit customers only (rare hard requirement),No-doc card — apply in branch,Visa Business Rewards (limit up to $100K); Fiserv SpendTrack servicing,Central Coast,Santa Barbara,41,"HIGH self-issuer/terms/deposit-required; MED PG; N/M HP, biz-bureau. 2026-05-28",montecito.bank/business/credit-card + business-credit-card-contract PDF + /business/lending/.../bizmax
61,60,Royal Business Bank,CA Bank,★ Core SoCal,3/4  ✗SUW ✓Onl ✓SoCal ✓Card,N/M,N/M,,E — Elan agent,"Elan platform: ~$3K–$10K start, to ~$20K strong files (~$500 seen at 800+ FICO)  [myFICO #6658960]",$4.19B,$3.39B,12 CA branches/11 cities; LA + Orange County; Asian-American (RBB Bancorp),CA-HQ'd,No,✅ 0% 12 cycles → 17.24-26.24%; $0 AF,Elan,Online,Online — apply at https://creditcardlearnmore.com/11t3/index?ecdma-lc=27904&ecid=OTHE_25940,https://www.royalbusinessbankusa.com,https://creditcardlearnmore.com/11t3/index?ecdma-lc=27904&ecid=OTHE_25940,TransUnion (varies EX/EQ),Personal delinquency-only; D&B N/M,Elan platform: starts ~$3-10K (to $20K strong files; ~$500 seen even at 800+ FICO). PG required; ~2yr TIB preferred not required; D&B profile helps. Multiple cards same day = SEPARATE hard pull each (no 1-HP-multi). Don't check 'balance transfer' on app (=low limit). myfico.com #6658960 / #6308920 / #6244031,3,PG yes; no tax returns (<$25K),"None (SBA 7(a)/504, C&I, CRE full-doc)",No (Elan 'None' relationship option),No-doc 0% card — apply online (Elan),"Business Cash Preferred, Smart Business Rewards, Business Real Rewards",SoCal / LA,Los Angeles,26,HIGH issuer/products/online/PG/no-income-docs; MED HP. 2026-05-28,royalbusinessbankusa.com/business/services/business-credit-card; creditcardlearnmore.com (27904)
62,61,PCB Bank,CA Bank,★ Core SoCal,3/4  ✗SUW ✓Onl ✓SoCal ✓Card,N/M,N/M,,E — Elan agent,"Elan platform: ~$3K–$10K start, to ~$20K strong files (~$500 seen at 800+ FICO)  [myFICO #6658960]",$3.40B,$2.90B,~11 branches/6 cities LA metro + Orange County; Korean-American (ex-Pacific City Bank),CA-HQ'd,No,✅ 0% 12 cycles → 17.24-26.24%; $0 AF,Elan,Online,Online — apply at https://creditcardlearnmore.com/11t3/index?ecdma-lc=33608&ecid=OTHE_25940,https://www.mypcbbank.com,https://creditcardlearnmore.com/11t3/index?ecdma-lc=33608&ecid=OTHE_25940,TransUnion (varies EX/EQ),D&B; not personal in good standing,Elan platform: starts ~$3-10K (to $20K strong files; ~$500 seen even at 800+ FICO). PG required; ~2yr TIB preferred not required; D&B profile helps. Multiple cards same day = SEPARATE hard pull each (no 1-HP-multi). Don't check 'balance transfer' on app (=low limit). myfico.com #6658960 / #6308920 / #6244031,3,PG yes; no tax returns (<$25K),None (LOC/term/CRE/SBA PLP conventional),No,No-doc 0% card — apply online (Elan),"Business Cash Preferred, Smart Business Rewards, Business Real Rewards",SoCal / LA,Los Angeles,32,HIGH issuer/products/terms/online/SBA; MED PG/HP. 2026-05-28,mypcbbank.com/business/business-credit-cards; creditcardlearnmore.com (33608)
63,62,Travis Credit Union,Credit Union,Other — NorCal,2/4  ✓SUW ✗Onl ✗SoCal ✓Card,N/M,N/M,,B — Self-UW (in branch),N/M (no bank-specific data point found),~$2.3B,—,HQ Vacaville (Solano); ~22 branches; 12-county NorCal FOM,CA-HQ'd,Yes,"✅ TCU Business Visa (sole props, 1.5% cash back, $0 AF) + Standard Business Visa (LLC/corp); NO 0% intro; 12.74-23.74%",Self (Travis CU),In-person,Phone (800) 877-8328 / appointment (no online Apply),https://www.traviscu.org/business/lending/business-visa/,https://www.traviscu.org/business/lending/business-visa/,N/M (personal pull; bureau not named),ADVERSE-ONLY (reports to personal ONLY if late/delinquent — off personal in good standing),Apply by phone (800) 877-8328 / appointment (no online Apply Now). No business-card forum data.,2,PG YES (officer/owner personally obligated),"QuickFund LOC $10K-$100K (needs 2yr + profitable). Card itself low-doc (PG, no tax returns stated).",Membership required (Solano + 11 NorCal counties; Travis AFB; no open path),No-doc card — apply in branch,TCU Business Visa; Standard Business Visa,"NorCal / Sacramento (Vacaville, Solano)","Vacaville, CA",CU,HIGH self/products/PG/adverse-only-reporting/membership; apply N (phone). 2026-05-28,"traviscu.org/business/lending/business-visa + /rates + cardholder agreement (issuer=self, adverse-only reporting); CFPB"
64,63,Open Bank,CA Bank,★ Core SoCal,3/4  ✗SUW ✓Onl ✓SoCal ✓Card,N/M,N/M,,E — Elan agent,"Elan platform: ~$3K–$10K start, to ~$20K strong files (~$500 seen at 800+ FICO)  [myFICO #6658960]",$2.70B,$2.33B,~9 CA branches LA + Orange County + Santa Clara; Korean-American (OP Bancorp),CA-HQ'd,No,✅ Elan biz cards; APR/AF N/M (1.5% Real Rewards),Elan,Online,Online — apply at https://www.creditcardlearnmore.com/11t3/index,https://myopenbank.com,https://www.creditcardlearnmore.com/11t3/index,TransUnion (varies EX/EQ),D&B; personal delinquency-only,Elan platform: starts ~$3-10K (to $20K strong files; ~$500 seen even at 800+ FICO). PG required; ~2yr TIB preferred not required; D&B profile helps. Multiple cards same day = SEPARATE hard pull each (no 1-HP-multi). Don't check 'balance transfer' on app (=low limit). myfico.com #6658960 / #6308920 / #6244031,3,PG yes; no tax returns (<$25K),None (SBA 7(a)/commercial/trade full-doc),No,No-doc 0% card — apply online (Elan),"Business Platinum, Business Cash Preferred, Business Real Rewards, Smart Business Rewards",SoCal / LA,Los Angeles,35,HIGH issuer/relevance/online/PG/D&B; N/M exact terms. 2026-05-28,myopenbank.com/additional-services; creditcardlearnmore.com/11t3; elanfinancialservices.com
65,64,CalPrivate Bank,CA Bank,★ Core SoCal,2/4  ✗SUW ✗Onl ✓SoCal ✓Card,N/M,N/M,,C — Other agent card,N/M (TIB; financials typically required $10K+),$2.69B,$2.38B,"San Diego, Orange County, LA, Santa Barbara (Montecito)",CA-HQ'd,No,✅ no 0%; $0/$49 AF; apply via banker,TIB,In-person,Visit branch / contact a banker (no online application),https://calprivate.bank,https://calprivate.bank/business-banking/business-credit-cards/,Experian (TIB; conflicting 'variable'),N/M,N/M CalPrivate-specific. TIB-general only.,2,"PG (infer, TIB standard); income docs N/M",None (SBA PLP/commercial/CRE full-doc),N/M (relationship likely),No-doc card — apply in branch,Business Standard Card; Business Preferred Points Card,SoCal / San Diego,La Jolla,36,"MED-HIGH products/fees/issuer=TIB(convergent); N/M APRs, HP, reports. 2026-05-28",calprivate.bank/business-banking/business-credit-cards; cardaccount.net; mypreferredpoints.com
66,65,Beneficial State Bank,CA Bank,Other — NorCal,2/4  ✓SUW ✗Onl ✗SoCal ✓Card,N/M,N/M,,B — Self-UW (in branch),N/M (no bank-specific data point found),$1.97B,$1.66B,CA/OR/WA; CA = Oakland/East Bay; CDFI / B-Corp,CA-HQ'd,Yes,✅ card exists; terms NOT yet published; CA/OR/WA only,Self (Fiserv SpendTrack platform),In-person,Visit branch / contact a banker (no online application),https://www.beneficialstatebank.com,https://www.beneficialstatebank.com/business-banking/credit-cards,N/M,N/M (consumer card reports on default),"N/M (new, regionally-restricted CDFI program)",2,N/M (consumer cards underwrite soft/self-reported),None (SBA/USDA/LOC/term/CRE — documentation-based),N/M (relationship likely),No-doc card — apply in branch,2 business credit cards (names not published — 'not ready to advertise yet'),NorCal / SF,Oakland,44,"MED. HIGH self-issue/no-online/CA-OR-WA; LOW/N-M product names, terms, HP. 2026-05-28",beneficialstatebank.com/business-banking/credit-cards; CFPB L Card agreement; spendtrack.fiservapp.com/beneficial-sb
67,66,Commonwealth Business Bank (CBB),CA Bank,★ Core SoCal,3/4  ✗SUW ✓Onl ✓SoCal ✓Card,N/M,N/M,,E — Elan agent,"Elan platform: ~$3K–$10K start, to ~$20K strong files (~$500 seen at 800+ FICO)  [myFICO #6658960]",$1.99B,$1.69B,6 CA branches LA/Orange County; Korean-American major SBA lender (CBB Bancorp),CA-HQ'd,No,✅ 0% 6 cycles (Real Rewards); $0 AF; 1.5% + 5.5% travel,Elan,Online,Online — apply at https://creditcardlearnmore.com/11t3/business-real-rewards,https://www.cbb-bank.com,https://creditcardlearnmore.com/11t3/business-real-rewards,TransUnion (varies EX/EQ),D&B (infer); personal delinquency-only,Elan platform: starts ~$3-10K (to $20K strong files; ~$500 seen even at 800+ FICO). PG required; ~2yr TIB preferred not required; D&B profile helps. Multiple cards same day = SEPARATE hard pull each (no 1-HP-multi). Don't check 'balance transfer' on app (=low limit). myfico.com #6658960 / #6308920 / #6244031,3,PG yes; no tax returns (<$25K),None (SBA 7(a)/504/LOC/CRE full-doc; 2yr returns),No,No-doc 0% card — apply online (Elan),Elan business suite (Visa Business Real Rewards confirmed),SoCal / LA,Los Angeles,43,HIGH issuer/online/Real-Rewards-terms/SBA; MED PG/HP. 2026-05-28,cbb-bank.com/en/business/lending/creditcards; creditcardlearnmore.com/11t3; card.myaccountaccess.com
68,67,Mission Bank,CA Bank,Other — Central Valley (Kern),2/4  ✗SUW ✓Onl ✗SoCal ✓Card,N/M,N/M,,D — TCM agent,"N/M (TCM; conservative, Experian-driven)",$1.92B,$1.68B,"8 offices/6 counties: Bakersfield, Shafter, Lancaster, Ventura, Stockton, SLO, Visalia",CA-HQ'd,No,✅ 0% intro (length N/M); $0 AF; 1% cash back,"TCM Bank, N.A.",Online,Online — apply at https://www.mycommunitycc.com/sgpXj3gLGuZQ,https://www.missionbank.bank,https://www.mycommunitycc.com/sgpXj3gLGuZQ,Experian,N/M (reports per TCM clause; bureaus unnamed),TCM: pulls Experian for apps + CLIs; conservative; partner bank has no underwriting say. myfico.com #6303273,3,PG likely; SBA-eligible ONLY (excl. >$7M rev or 50+ emp); no tax returns on app,None (commercial LOC/equipment/CRE/SBA full-doc),N/M,★ No-doc 0% card — apply online,"Business Rewards, Business Cash Rewards, Business Edition, Company Rewards, Purchasing (TCM Visa)",Central Valley (Kern),Bakersfield,46,MED-HIGH relevance/issuer (TCM)/$0AF/online/HP=Experian/SBA-gate; N/M APR length. 2026-05-28,missionbank.bank/business/business-credit-cards; mycommunitycc.com/sgpXj3gLGuZQ; bbb.org TCM (Experian)
69,68,American Airlines Credit Union,Credit Union,★ Core SoCal,2/4  ✗SUW ✗Onl ✓SoCal ✓Card,N/M,N/M,,C — Other agent card,N/M (no bank-specific data point found),~$9.45B,—,2 LA branches; $9.4B,CA-HQ'd,Unknown,✅ Business credit card + BLOC offered (skim-level); air-transport-industry FOM; terms N/M,N/M (skim level),In-person,Visit branch / contact a banker (no online application),https://www.aacreditunion.org,https://www.aacreditunion.org,N/M,N/M,SEG-skim only — deep-dive pending. 2 LA-area branches (LAX). Light census 2026-06-10.,2,N/M,N/M,Membership: AA/air-transport workers + family (closed-ish FOM),No-doc card — apply in branch,Business card + BLOC (names N/M),SoCal / LA (LAX-area branches; TX-HQ'd),"Fort Worth, TX",CU,LOW (skim). 2026-06-10,aacreditunion.org (skim)
70,69,West Coast Community Bank,CA Bank,Other — Central Coast,1/4  ✗SUW ✗Onl ✗SoCal ✓Card,N/M,N/M,,B — Self-UW (in branch),N/M (no bank-specific data point found),$2.90B,$2.48B,Santa Cruz/Monterey/SLO/Santa Clara; ex-Santa Cruz County Bank + 1st Capital,CA-HQ'd,Partial (CorServ self-issue),⚠️ Commercial — CorServ Mastercard; $0 AF; phone only,Self (CorServ 'Apex'),In-person,Visit branch / contact a banker (no online application),https://wccb.com,https://wccb.com/corporate_cards,N/M,N/M,N/M (no forum data),2,N/M (PG typical),N/M (LOC/CRE/ABL/SBA full-doc),N/M (relationship expected),No-doc card — apply in branch,Corporate Credit Card; Corporate Purchasing Card,Central Coast / Silicon Valley,Santa Cruz,34,MED-LOW. Relationship/phone-only → low no-doc utility; issuer-of-record N/M. 2026-05-28,wccb.com/corporate_cards + business_banking; wccb.myapexcard.com; corservsolutions.com
71,70,Baxter Credit Union (BCU),Credit Union,★ Core SoCal,2/4  ✗SUW ✗Onl ✓SoCal ✓Card,N/M,N/M,,C — Other agent card,N/M (no bank-specific data point found),~$6.5B,—,2 LA/OC branches; ~$6.5B,CA-HQ'd,Unknown,✅ Business card + BLOC offered (skim-level); terms/issuer N/M,N/M (skim),In-person,Visit branch / contact a banker (no online application),https://www.bcu.org,https://www.bcu.org,N/M,N/M,SEG skim 2026-06-10 — deep-dive pending.,2,N/M,N/M,Membership: sponsor-company employees + select communities,No-doc card — apply in branch,Business card + BLOC (names N/M),SoCal / LA-OC (2 branches; IL-HQ'd),"Vernon Hills, IL",CU,LOW (skim). 2026-06-10,bcu.org (skim)
72,71,Beach Cities Commercial Bank,CA Bank,★ Core SoCal,3/4  ✗SUW ✓Onl ✓SoCal ✓Card,N/M,N/M,,E — Elan agent,"Elan platform: ~$3K–$10K start, to ~$20K strong files (~$500 seen at 800+ FICO)  [myFICO #6658960]",$0.18B,N/M,Irvine HQ (OC) + Encinitas + South OC; de novo est 2023; ticker BCCB,CA-HQ'd,No,✅ Elan biz cards incl. Business ZERO+ (extended 0% intro); $0 AF; cash back; tied to select deposit accts,Elan,Online,Online — apply at https://www.beachcitiescb.com/Card-Solutions/,https://www.beachcitiescb.com,https://www.beachcitiescb.com/Card-Solutions/,TransUnion (varies EX/EQ),D&B; not personal in good standing,Elan platform: starts ~$3-10K (to $20K strong files; ~$500 seen even at 800+ FICO). PG required; ~2yr TIB preferred not required; D&B profile helps. Multiple cards same day = SEPARATE hard pull each (no 1-HP-multi). Don't check 'balance transfer' on app (=low limit). myfico.com #6658960 / #6308920 / #6244031,3,PG yes; no tax returns (<$25K),None (LOC/term/equipment/CRE/bridge/SBA/CA loan guarantee/construction full-doc),Tied to select deposit accounts (per Commercial Banking page),No-doc 0% card — apply online (Elan),"Business Cash Preferred, Business ZERO+ (0% intro), Smart Business Rewards, Business Real Rewards (Elan)",SoCal / Orange County,Irvine,106,"HIGH issuer=Elan (own footer disclosure)/products incl ZERO+/online/OC; deposit-tied; N/M HP, exact APR. 2026-05-29",beachcitiescb.com/Card-Solutions ('issuer is Elan Financial Services') + /Commercial-Banking; FDIC cert 59290
73,72,First Tech Federal Credit Union,Credit Union,National (lends in CA),1/4  ✗SUW ✗Onl ✗SoCal ✓Card,N/M,N/M,,C — Other agent card,N/M (no bank-specific data point found),~$28.7B (post-DCU merger),—,Branches CA/OR/WA/TX/GA/CO/ID; merged w/ DCU Jan 1 2026 (~$28.7B),CA-HQ'd,Unknown,"⚠️ Business Credit Mastercard exists but 'existing cardholders only' — no online app, no published terms",N/M (self-issues personal cards; business-card issuer undisclosed),In-person,Visit branch / contact a banker (no online application),https://www.firsttechfed.com/bank/business,—,Experian (personal cards; business N/M),N/M,"Business card closed/legacy. Proof-of-income (POI) required generally — income-focused, NOT no-doc. Merged w/ DCU Jan 2026.",2,N/M (POI required generally),None (income-doc focused),"Membership required (1,700+ tech employers; OPEN via Financial Fitness Assoc $8/yr nationwide)",No-doc card — apply in branch,Business Credit Mastercard (existing cardholders only); Business Debit,National FOM — CA tech employers + open via FFA,"San Jose, CA (corp Beaverton, OR)",CU,MED-HIGH card exists but closed/no-terms/income-doc-focused = low utility; issuer N/M. 2026-05-28,firsttechfed.com/help/cardholder-benefits + /bank/business; CFPB consumer disclosure; financialfitnessassociation.org
74,73,Metropolitan Bank (Oakland),CA Bank,Other — NorCal,2/4  ✗SUW ✓Onl ✗SoCal ✓Card,N/M,N/M,,C — Other agent card,N/M (no bank-specific data point found),$0.23B,N/M,4 CA branches (Oakland Chinatown HQ + Bay Area); Met Financial Corp; est 1983,CA-HQ'd,Unknown,✅ Business + personal Visa (mycommunitycc.com platform); terms N/M,Unknown (mycommunitycc.com platform → likely TCM Bank; NOT Elan — that's a different same-name bank),Online,Online — apply at https://www.mycommunitycc.com/FROlvrV1uR72,https://www.met.bank,https://www.mycommunitycc.com/FROlvrV1uR72,N/M (if TCM: Experian),N/M,N/M (app portal is JS shell; no terms exposed). Do NOT import Elan/mbonlineportal data (different Metropolitan Bank).,3,N/M,None (LOC/working-capital/LC/construction/farm/CRE/multifamily full-doc),N/M,★ No-doc card — apply online,Metropolitan Bank-branded Visa business + personal (via mycommunitycc.com; SKUs N/M),NorCal / SF-East Bay,Oakland,100,MED card-exists/online; issuer likely TCM (mycommunitycc.com) but UNVERIFIED; terms N/M. NOT the Elan Metropolitan Bank. 2026-05-29,met.bank/business-banking; mycommunitycc.com/FROlvrV1uR72; FDIC cert 25869
75,74,Together Credit Union,Credit Union,★ Core SoCal,2/4  ✗SUW ✗Onl ✓SoCal ✓Card,N/M,N/M,,C — Other agent card,N/M (no bank-specific data point found),~$2.72B,—,1 LA branch; ~$2.7B,CA-HQ'd,Unknown,✅ Business card offered (skim-level; BLOC: No); terms N/M,N/M (skim),In-person,Visit branch / contact a banker (no online application),https://www.togethercu.org,https://www.togethercu.org,N/M,N/M,SEG skim 2026-06-10 — deep-dive pending.,2,N/M,N/M,"Membership: communities, employer partners, family",No-doc card — apply in branch,Business card (name N/M),SoCal / LA (1 branch; MO-HQ'd),"St. Louis, MO",CU,LOW (skim). 2026-06-10,togethercu.org (skim)
76,75,State Bank of India (California),CA Bank,★ Core SoCal,3/4  ✗SUW ✓Onl ✓SoCal ✓Card,N/M,N/M,,E — Elan agent,"Elan platform: ~$3K–$10K start, to ~$20K strong files (~$500 seen at 800+ FICO)  [myFICO #6658960]",$1.39B,N/M,"~7 CA branches (LA, San Diego, Fremont, etc.); subsidiary of State Bank of India",CA-HQ'd,No,✅ Elan biz cards; terms N/M (not published on site); $0 AF likely,Elan,Online,Online — apply at https://www.sbical.bank/business-banking/business-credit-cards,https://www.sbical.bank,https://www.sbical.bank/business-banking/business-credit-cards,TransUnion (varies EX/EQ),D&B; not personal in good standing,Elan platform: starts ~$3-10K (to $20K strong files; ~$500 seen even at 800+ FICO). PG required; ~2yr TIB preferred not required; D&B profile helps. Multiple cards same day = SEPARATE hard pull each (no 1-HP-multi). Don't check 'balance transfer' on app (=low limit). myfico.com #6658960 / #6308920 / #6244031,3,PG yes; no tax returns (<$25K),None (commercial/SBA full-doc),N/M,No-doc card — apply online (Elan),Elan business suite (low-rate / cash back / rewards; names not enumerated on site),SoCal / LA,Los Angeles,51,"HIGH issuer=Elan (own footer disclosure)/online/LA; N/M terms, HP. 2026-05-29",sbical.bank/business-banking/business-credit-cards (Elan creditor disclosure); elanfinancialservices.com
77,76,Umpqua Bank (Columbia),Regional,Other — West Coast — substantial CA branches,2/4  ✗SUW ✓Onl ✗SoCal ✓Card,N/M,N/M,,E — Elan agent,"Elan platform: ~$3K–$10K start, to ~$20K strong files (~$500 seen at 800+ FICO)  [myFICO #6658960]",~$50B (Columbia Banking System),—,~60-92 CA branches; CA/WA/OR/ID/NV; pending Pacific Premier acquisition,Major CA (branches + lending),No,✅ Elan: Business Platinum/Zero+ 0% 18cyc; Business Real Rewards 0% 6cyc; Rewards Plus ($99); $0 AF,Elan,Online,Online — apply at https://branchoffer.com/11t2/business-platinum2103,https://www.columbiabank.com/business-banking/credit-cards/,https://branchoffer.com/11t2/business-platinum2103,"Personal, varies (Elan; EX historically / TU recently)",D&B; personal delinquency-only (Elan model),Elan platform; CA/WA/OR/ID/NV eligibility. Umpqua-specific limits/CLI N/M (myFICO 403). Elan general DPs apply.,3,"PG yes (Elan, INFERENCE); no tax returns",Expresslines LOC + term = full-doc (2-3yr tax returns). No no-doc.,No,No-doc 0% card — apply online (Elan),"Umpqua/Columbia Visa Business Real Rewards, Rewards Plus ($99), Business Platinum/Zero+ (0% 18cyc)",West Coast — substantial CA branches,"Tacoma, WA (bank: Lake Oswego, OR)",Reg,HIGH issuer=Elan/lineup/18mo-0%/CA-eligibility; MED reporting (Elan general). 2026-05-28,columbiabank.com/business-banking/credit-cards; branchoffer.com/11t2 (Elan disclosure); maximizingmoney.com; newfrontierfunding.com (lending full-doc)
78,77,Altura Credit Union,Credit Union,★ Core SoCal,2/4  ✗SUW ✗Onl ✓SoCal ✓Card,N/M,N/M,,C — Other agent card,"Up to $25,000 (advertised)",~$2.0B,—,HQ Riverside (IE); ~$2B+; Riverside County FOM,CA-HQ'd,Unknown,"✅ Business Platinum: NO 0% intro; APR N/M ('competitive', consumer 'as low as 12.49%'); $0 AF; up to $25K; no LLC required",Self (likely; CU; Velera processor possible — not confirmed),In-person,Branch or phone (888) 883-7228 — no online app for the business card,https://www.alturacu.com/business-credit-card/,https://www.alturacu.com/business-credit-card/,N/M,N/M,On approved credit; 'not all members qualify'; no LLC/incorporation required (freelancers/online sellers may qualify). No forum DPs.,2,N/M (LLC NOT required; PG/docs unstated),None advertised (LLC-not-required lowers barrier but not no-income-doc),Membership required (Riverside County: live/work/worship/school + businesses in county + family; NO nationwide association path found),No-doc card — apply in branch,"Altura Business Platinum Credit Card (self-issued likely; $0 AF, up to $25K)",SoCal / Inland Empire,Riverside,CU,"MED card-exists/$0AF/$25K/no-LLC/IE; apply IN-BRANCH; suw=Unknown (issuer not confirmed); N/M APR, HP, PG. 2026-05-29",alturacu.com/business-credit-card + /faq/do-i-need-an-llc...; /benefits-of-membership/become-a-member
79,78,Skyla Credit Union,Credit Union,★ Core SoCal,2/4  ✗SUW ✗Onl ✓SoCal ✓Card,N/M,N/M,,C — Other agent card,N/M (no bank-specific data point found),~$1.66B,—,1 LA branch; ~$1.66B,CA-HQ'd,Unknown,✅ Business card + BLOC offered (skim-level); ACC fallback membership; terms N/M,N/M (skim),In-person,Visit branch / contact a banker (no online application),https://www.skylacu.com,https://www.skylacu.com,N/M,N/M,SEG skim 2026-06-10 — deep-dive pending.,2,N/M,N/M,Membership: qualifying employers/areas; ACC fallback (open path Y),No-doc card — apply in branch,Business card + BLOC (names N/M),SoCal / LA (1 branch; NC-HQ'd),"Charlotte, NC",CU,LOW (skim). 2026-06-10,skylacu.com (skim)
80,79,"Provident Savings Bank, F.S.B.",CA Bank,★ Core SoCal,3/4  ✗SUW ✓Onl ✓SoCal ✓Card,N/M,N/M,,E — Elan agent,"Elan platform: ~$3K–$10K start, to ~$20K strong files (~$500 seen at 800+ FICO)  [myFICO #6658960]",$1.22B,$0.89B,"Inland Empire/SoCal; Riverside HQ + branches; thrift (residential-heavy); Provident Financial Holdings. NOT NJ provident.bank, NOT Provident CU",CA-HQ'd,No,✅ Elan biz cards (Cash Preferred / Smart / Real Rewards); terms N/M,Elan,Online,Online — apply at https://creditcardlearnmore.com/11t3/index?ecdma-lc=10028&ecid=OTHE_25940,https://www.myprovident.com,https://creditcardlearnmore.com/11t3/index?ecdma-lc=10028&ecid=OTHE_25940,TransUnion (varies EX/EQ),D&B; not personal in good standing,Elan platform: starts ~$3-10K (to $20K strong files; ~$500 seen even at 800+ FICO). PG required; ~2yr TIB preferred not required; D&B profile helps. Multiple cards same day = SEPARATE hard pull each (no 1-HP-multi). Don't check 'balance transfer' on app (=low limit). myfico.com #6658960 / #6308920 / #6244031,3,PG yes; no tax returns (<$25K),None (commercial/SBA/CRE relationship-underwritten; residential-heavy lender),N/M,No-doc card — apply online (Elan),"Business Cash Preferred, Smart Business Rewards, Business Real Rewards (Elan)",SoCal / Inland Empire,Riverside,56,"HIGH issuer=Elan (own portal links theme=elan1, lc=10028)/online/Inland Empire; N/M terms, HP. 2026-05-29",myprovident.com/creditcard (Elan disclosure); creditcardlearnmore.com (10028); FDIC cert 30879
81,80,BluPeak Credit Union (formerly USE Credit Union),Credit Union,★ Core SoCal,3/4  ✗SUW ✓Onl ✓SoCal ✓Card,N/M,N/M,,E — Elan agent,"Elan platform: ~$3K–$10K start, to ~$20K strong files (~$500 seen at 800+ FICO)  [myFICO #6658960]",~$1.2B,—,HQ San Diego; ~$1.2B; ~6 CA branches (San Diego + Berkeley/Sacramento/Santa Clara/Davis); USE CU rebranded BluPeak 2022,CA-HQ'd,No,✅ Elan business cards (low rate / cash back / rewards); terms N/M,Elan,Online,Online — apply at https://www.blupeak.com/spend-save/credit-cards/,https://www.blupeak.com/spend-save/credit-cards/,https://www.blupeak.com/spend-save/credit-cards/,TransUnion (varies EX/EQ),D&B; not personal in good standing,Elan platform: starts ~$3-10K (to $20K strong files; ~$500 seen even at 800+ FICO). PG required; ~2yr TIB preferred not required; D&B profile helps. Multiple cards same day = SEPARATE hard pull each (no 1-HP-multi). Don't check 'balance transfer' on app (=low limit). myfico.com #6658960 / #6308920 / #6244031 Standard Elan biz app: PG + personal credit pull (joint & several).,3,PG yes; no tax returns (<$25K),"None (Elan no-PG Commercial Rewards is middle-market only, not advertised here)",Membership required (CA-only: Alameda/Sacramento/San Diego/Santa Clara/Yolo counties + State/UC/CSU employees + family; no clean nationwide path),No-doc card — apply online (Elan),Elan business Visa (names N/M; own page names Elan as creditor/issuer),SoCal / San Diego,San Diego,CU,"HIGH issuer=Elan (own footer disclosure)/apply-online/San Diego; CA-only membership; N/M terms, HP. 2026-05-29",blupeak.com/spend-save/credit-cards ('issuer is Elan Financial Services'); usecu.org→blupeak.com redirect; elan STD_BIZ.pdf
82,81,EverTrust Bank,CA Bank,★ Core SoCal,3/4  ✗SUW ✓Onl ✓SoCal ✓Card,N/M,N/M,,E — Elan agent,"Elan platform: ~$3K–$10K start, to ~$20K strong files (~$500 seen at 800+ FICO)  [myFICO #6658960]",$1.11B,N/M,"~SGV/LA branches (City of Industry, Arcadia); O-Bank (Taiwan) affiliate; Asian-American",CA-HQ'd,No,✅ Elan business Visa (low rate / cash back / rewards); terms N/M,Elan,Online,Online — apply at https://www.evertrustbank.com/Business/Visa-Credit-Cards,https://www.evertrustbank.com,https://www.evertrustbank.com/Business/Visa-Credit-Cards,TransUnion (varies EX/EQ),D&B; not personal in good standing,Elan platform: starts ~$3-10K (to $20K strong files; ~$500 seen even at 800+ FICO). PG required; ~2yr TIB preferred not required; D&B profile helps. Multiple cards same day = SEPARATE hard pull each (no 1-HP-multi). Don't check 'balance transfer' on app (=low limit). myfico.com #6658960 / #6308920 / #6244031,3,PG yes; no tax returns (<$25K),None (commercial LOC/CRE/SBA/C&I/trade full-doc),N/M,No-doc card — apply online (Elan),Elan business Visa (Cash Preferred / Real Rewards / Platinum; names not enumerated),SoCal / LA (San Gabriel Valley),City of Industry,59,"HIGH issuer=Elan (own footer disclosure)/SGV; MED apply-online (Elan portal, inferred); N/M terms. 2026-05-29",evertrustbank.com/Business/Visa-Credit-Cards (Elan creditor disclosure); FDIC cert 34010
83,82,"EverBank, N.A.",Regional,★ Core SoCal,3/4  ✗SUW ✓Onl ✓SoCal ✓Card,Yes — legacy 'TIAA' entry (DoC 2025-08-07),N/M,,E — Elan agent,"Elan platform: ~$3K–$10K start, to ~$20K strong files (~$500 seen at 800+ FICO)  [myFICO #6658960]",N/M,N/M,7 branches LA/OC/San Bernardino (FDIC SOD 2025); ex-TIAA Bank,N/M,No,✅ Elan cards ('partnered with Elan Financial Services as issuer and creditor'); terms N/M,Elan,Online,Online — apply at https://www.everbank.com/business,https://www.everbank.com,https://www.everbank.com/business,TransUnion (varies EX/EQ),D&B; not personal in good standing,Elan platform: starts ~$3-10K (to $20K strong files; ~$500 seen even at 800+ FICO). PG required; ~2yr TIB preferred not required; D&B profile helps. Multiple cards same day = SEPARATE hard pull each (no 1-HP-multi). Don't check 'balance transfer' on app (=low limit). myfico.com #6658960 / #6308920 / #6244031 Light census 2026-06-10.,3,PG yes; no tax returns (<$25K),None (C&I revolving/non-revolving LOC; SBA PLP),No,No-doc card — apply online (Elan),Elan business suite + EverBank Visa Commercial Card (program-administrator),SoCal / LA-OC-SB (7 branches; FL-HQ'd),"Jacksonville, FL",Reg,HIGH issuer=Elan (own-site verbatim)/online; N/M terms. Light census 2026-06-10,everbank.com/business (Elan disclosure); DoC Chex list 2025-08-07 (legacy TIAA entry)
84,83,"City First Bank, N.A.",Regional,★ Core SoCal,3/4  ✗SUW ✓Onl ✓SoCal ✓Card,N/M,N/M,,E — Elan agent,"Elan platform: ~$3K–$10K start, to ~$20K strong files (~$500 seen at 800+ FICO)  [myFICO #6658960]",N/M,N/M,2 LA branches (ex-Broadway Federal),N/M,No,✅ Elan cards (low rate / cash back / rewards) — 'creditor and issuer... is Elan Financial Services' verbatim,Elan,Online,Online — apply at https://creditcardlearnmore.com/11t3,https://www.cityfirstbank.com,https://creditcardlearnmore.com/11t3,TransUnion (varies EX/EQ),D&B; not personal in good standing,"Elan platform: starts ~$3-10K (to $20K strong files; ~$500 seen even at 800+ FICO). PG required; ~2yr TIB preferred not required; D&B profile helps. Multiple cards same day = SEPARATE hard pull each (no 1-HP-multi). Don't check 'balance transfer' on app (=low limit). myfico.com #6658960 / #6308920 / #6244031 CDFI, Black-led (ex-Broadway Federal LA merger 2021). Light census 2026-06-10.",3,PG yes; no tax returns (<$25K),Receivables-based LOCs + non-RE-secured small-biz loans (amounts N/M),No,No-doc card — apply online (Elan),Elan business suite,SoCal / LA (2 branches; DC-HQ'd; CDFI),"Washington, DC",Reg,HIGH issuer=Elan (verbatim)/online/LA. Light census 2026-06-10,cityfirstbank.com/2120-2 (Elan disclosure + creditcardlearnmore link)
85,84,Endeavor Bank,CA Bank,★ Core SoCal,3/4  ✗SUW ✓Onl ✓SoCal ✓Card,N/M,N/M,,E — Elan agent,"Elan platform: ~$3K–$10K start, to ~$20K strong files (~$500 seen at 800+ FICO)  [myFICO #6658960]",$0.81B,N/M,Single-market San Diego community bank (downtown SD); founded 2018; Endeavor Bancorp (OTC: EDVR),CA-HQ'd,No,✅ Elan biz cards (low rate / cash back / rewards); terms N/M,Elan,Online,Online — apply at https://creditcardlearnmore.com/11t3/index?ecdma-lc=35185&ecid=OTHE_25940#business,https://www.endeavor.bank,https://creditcardlearnmore.com/11t3/index?ecdma-lc=35185&ecid=OTHE_25940#business,TransUnion (varies EX/EQ),D&B; not personal in good standing,Elan platform: starts ~$3-10K (to $20K strong files; ~$500 seen even at 800+ FICO). PG required; ~2yr TIB preferred not required; D&B profile helps. Multiple cards same day = SEPARATE hard pull each (no 1-HP-multi). Don't check 'balance transfer' on app (=low limit). myfico.com #6658960 / #6308920 / #6244031,3,PG yes; no tax returns (<$25K),None (LOC/term/CRE/SBA 504/7(a)/equipment full-doc),N/M,No-doc card — apply online (Elan),Elan business Visa (names not enumerated),SoCal / San Diego,San Diego,69,"HIGH issuer=Elan (own footer disclosure)/San Diego; MED apply (Elan portal); N/M terms, HP. 2026-05-29",endeavor.bank/consultative-banking (Elan disclosure); creditcardlearnmore.com (35185); FDIC cert 59099
86,85,BAC Community Bank,CA Bank,Other — NorCal,2/4  ✗SUW ✓Onl ✗SoCal ✓Card,N/M,N/M,,D — TCM agent,"N/M (TCM; conservative, Experian-driven)",$0.78B,$0.67B,"8 branches; Brentwood/Stockton/Modesto (E Contra Costa, San Joaquin, Stanislaus); est 1965",CA-HQ'd,No,✅ no 0% confirmed; APR N/M; $0 AF (most); 1pt/$1 or 1% (TCM),"TCM Bank, N.A.",Online,Online — apply at https://www.bankbac.com/business/loans-credit/business-credit-cards.html,https://www.bankbac.com,https://www.bankbac.com/business/loans-credit/business-credit-cards.html,Experian,N/M (TCM reports; bureaus unnamed),TCM platform (mycommunitycc.com): Experian pull (apps + CLIs); SBA-eligible businesses only; partner bank has no underwriting say. myfico.com #6303273,3,PG likely; SBA-eligible only; no tax returns at app,None (commercial loans full-doc),N/M,★ No-doc card — apply online,"Small Business Rewards, Small Business Cash Rewards, Small Business Edition, Company Rewards Charge (TCM Visa)",NorCal / Sacramento-Stockton,Stockton,70,"HIGH issuer=TCM (own page disclosure)/products/online/HP=Experian; N/M APR, reports. 2026-05-29","bankbac.com/business/loans-credit/business-credit-cards ('issued by TCM Bank, N.A.'); mycommunitycc.com; FDIC cert 19434"
87,86,CommerceWest Bank,CA Bank,★ Core SoCal,2/4  ✗SUW ✗Onl ✓SoCal ✓Card,N/M,N/M,,C — Other agent card,N/M (TIB; financials typically required $10K+),$1.24B,N/M,Single Irvine office; OC commercial bank (CW Bancorp),CA-HQ'd,Unknown,✅ Card exists ('low intro rates' + Preferred Points); terms N/M; no CommerceWest-specific online apply,TIB (inferred — 'Preferred Points' program signature),In-person,Visit branch / contact a banker (no online application),https://www.cwbk.com,https://www.cwbk.com/business-loans/,N/M (TIB; Experian typical),N/M,TIB 'Preferred Points' program — inferred from verbatim rewards copy (1pt/$1 to 10K/mo; cash back/travel/merchandise/gift cards; $0 AF standard tier). No CommerceWest-specific disclosure/portal found. NOTE: myFICO '$12-15K' DPs are unrelated Commerce Bank MO (excluded).,2,N/M (PG typical for TIB),None (working-capital/SBA Express/ABL/CRE full-doc),Likely Yes (relationship bank),No-doc card — apply in branch,'CommerceWest Bank credit card' (TIB Preferred Points; no named tiers),SoCal / Orange County,Irvine,55,"MED issuer=TIB (inferred via 'Preferred Points' signature; not confirmed via CommerceWest doc)/OC; no online apply; N/M terms, HP. 2026-05-29",cwbk.com/business-loans; TIB Preferred Points (vista/lakestone bank corroboration); FDIC cert 57176
88,87,University Credit Union (LA),Credit Union,★ Core SoCal,2/4  ✗SUW ✗Onl ✓SoCal ✓Card,N/M,N/M,,C — Other agent card,N/M (no bank-specific data point found),~$1.19B,—,LA (UCLA-adjacent); ~$1.19B,CA-HQ'd,Unknown,"✅ Business credit card offered (skim-level: BIZ_CC Yes, BLOC No); terms/issuer N/M",N/M (skim level),In-person,Visit branch / contact a banker (no online application),https://www.ucu.org,https://www.ucu.org,N/M,N/M,SEG-skim only — deep-dive pending. Light census 2026-06-10.,2,N/M,N/M,Membership: university staff/students/alumni + family,No-doc card — apply in branch,Business credit card (name N/M),SoCal / LA (Westwood),"Los Angeles, CA",CU,LOW (skim). 2026-06-10,ucu.org (skim)
89,88,First General Bank,CA Bank,★ Core SoCal,2/4  ✗SUW ✗Onl ✓SoCal ✓Card,N/M,N/M,,C — Other agent card,N/M (no bank-specific data point found),$1.14B,N/M,"~4 branches (Rowland Heights HQ, Arcadia, Irvine, San Gabriel); CDFI; Asian-American SMB",CA-HQ'd,Unknown,⚠️ 'Business Credit Cards' listed (no detail); issuer/terms N/M; no online apply,Unknown (not disclosed; no portal; likely agent-issued),In-person,Visit branch / contact a banker (no online application),https://www.fgbusa.com,https://www.fgbusa.com/products-and-services/others,N/M,N/M,N/M (no forum data),2,N/M (nothing published),None (commercial/SBA/trade finance full-doc),Likely Yes (relationship),No-doc card — apply in branch,'Business Credit Cards' (generic; no name/terms published),SoCal / LA (San Gabriel Valley),Rowland Heights,58,"MED-HIGH card-listed/SGV-HQ/no-online; N/M issuer, terms (zero card detail published). 2026-05-29",fgbusa.com/products-and-services/others; fgbusa.com/about/bank-profile; FDIC cert 58060
90,89,Shinhan Bank America,Regional,★ Core SoCal,2/4  ✗SUW ✗Onl ✓SoCal ✓Card,N/M,N/M,,C — Other agent card,"$4,000–$100,000 PUBLISHED range ($45 AF; deposit-or-loan relationship required)  [shbamerica.com 2026-06-10]",N/M,N/M,"4 branches: LA Olympic, Buena Park, Irvine, Torrance (+San Diego)",N/M,Unknown,"✅ Business Credit Card: limit $4,000–$100,000 PUBLISHED; $45 AF; 25-day grace; relationship required",Unknown (no portal found; issuer not decodable),In-person,Visit branch / contact a banker (no online application),https://www.shbamerica.com,https://www.shbamerica.com/business-business-credit-card/,N/M,N/M,RARE published limit range $4K–$100K. Commercial LOC individualized (history/projection/collateral). Light census 2026-06-10.,2,N/M ('required documents: contact us'),None published,YES — deposit OR loan relationship required,Published $4K–$100K limit — but deposit/loan relationship gated,"Shinhan Business Credit Card ($4K–$100K, $45 AF)",SoCal / LA-OC (4 branches; NY-HQ'd; Korean-American),"New York, NY",Reg,"MED-HIGH published-limit/relationship-gate/branch-apply; N/M issuer, HP. Light census 2026-06-10",shbamerica.com/business-business-credit-card + business-commercial-line-of-credit
91,90,Habib American Bank (HAB),Regional,★ Core SoCal,2/4  ✗SUW ✗Onl ✓SoCal ✓Card,N/M,N/M,,C — Other agent card,N/M (no bank-specific data point found),N/M,N/M,LA 928 S Broadway + Artesia 18357 Pioneer Blvd,N/M,Unknown,⚠️ Visa Business Credit Card (site calls it SECURED); issuer/terms N/M,Unknown (no portal links),In-person,Visit branch / contact a banker (no online application),https://www.hab.bank,https://www.hab.bank/business/banking-services/visa-business-credit-card,N/M,N/M,Secured business card + BLOC (no amounts). Light census 2026-06-10.,2,N/M,None published,Likely Yes (secured),No-doc card — apply in branch,Visa Business Credit Card (secured),SoCal / LA (2 offices: DTLA + Artesia; NY-HQ'd),"New York, NY",Reg,"MED card-exists(secured)/branch; N/M issuer, terms. Light census 2026-06-10",hab.bank/business/banking-services/visa-business-credit-card + /locations
92,91,First Pacific Bank,CA Bank,★ Core SoCal,3/4  ✗SUW ✓Onl ✓SoCal ✓Card,N/M,N/M,,E — Elan agent,"Elan platform: ~$3K–$10K start, to ~$20K strong files (~$500 seen at 800+ FICO)  [myFICO #6658960]",$0.49B,N/M,LA + Orange County + San Diego + Inland Empire branches; est 2006; First Pacific Bancorp,CA-HQ'd,No,✅ Elan biz cards (low rate / cash back / rewards); terms N/M,Elan,Online,Online — apply at https://www.firstpacbank.com/business-banking/business-loans-and-lines-of-credit/,https://www.firstpacbank.com,https://www.firstpacbank.com/business-banking/business-loans-and-lines-of-credit/,TransUnion (varies EX/EQ),D&B; not personal in good standing,Elan platform: starts ~$3-10K (to $20K strong files; ~$500 seen even at 800+ FICO). PG required; ~2yr TIB preferred not required; D&B profile helps. Multiple cards same day = SEPARATE hard pull each (no 1-HP-multi). Don't check 'balance transfer' on app (=low limit). myfico.com #6658960 / #6308920 / #6244031,3,PG yes; no tax returns (<$25K),None (LOC/equipment/CRE/construction/truck/SBA full-doc),N/M,No-doc card — apply online (Elan),Elan business Visa (Real Rewards / Cash Preferred / Platinum; names not enumerated),SoCal / LA,Whittier,82,"HIGH issuer=Elan (own footer disclosure)/online/SoCal-multi-county; N/M terms, HP, reports. 2026-05-29",firstpacbank.com/business-banking/business-loans-and-lines-of-credit (Elan disclosure); creditcardlearnmore.com; FDIC cert 58218
93,92,Community Bank of Santa Maria,CA Bank,Other — Central Coast (Santa Barbara County),2/4  ✗SUW ✓Onl ✗SoCal ✓Card,N/M,N/M,,D — TCM agent,"N/M (TCM; conservative, Experian-driven)",$0.41B,$0.36B,~3 branches; Santa Maria HQ; Community Bancorp of Santa Maria (CYSM); est 2001,CA-HQ'd,No,✅ no 0% (intro APR only); $0 AF; Platinum/Platinum Rewards + Company Expense charge card,"TCM Bank, N.A.",Online,Online — apply at https://www.mycommunitycc.com/sx1jVR5q5Ti5,https://www.yourcbsm.com,https://www.mycommunitycc.com/sx1jVR5q5Ti5,Experian (TCM),N/M (TCM),TCM platform (mycommunitycc.com): Experian pull; SBA-eligible only; conservative. myfico.com #6303273,3,PG likely; SBA-eligible only; 'subject to credit approval',None (SBA 504/7(a)/CRE/ag/equipment/LOC/construction full-doc),N/M,★ No-doc card — apply online,"Business Visa Platinum / Platinum Rewards ($0 AF, intro APR); Company Expense Charge Card ($0 AF, pay-in-full)",Central Coast (Santa Barbara County),Santa Maria,88,"HIGH issuer=TCM (own page quote)/products/online/HP=Experian; N/M APR length, reports. 2026-05-29","yourcbsm.com/Business/Business-Loans ('issued by TCM Bank, N.A.'); mycommunitycc.com; FDIC cert 57073"
94,93,Credit Union of New Jersey,Credit Union,★ Core SoCal,2/4  ✗SUW ✗Onl ✓SoCal ✓Card,N/M,N/M,,C — Other agent card,N/M (no bank-specific data point found),~$0.50B,—,1 OC branch; ~$0.50B,CA-HQ'd,Unknown,✅ Business card offered (skim-level; BLOC unknown); 1 Orange-County branch presence; terms N/M,N/M (skim),In-person,Visit branch / contact a banker (no online application),https://www.cunj.com,https://www.cunj.com,N/M,N/M,SEG skim 2026-06-10 — deep-dive pending.,2,N/M,N/M,Membership: NJ state employees + SEGs + ACC (open path Y),No-doc card — apply in branch,Business card (name N/M),SoCal / Orange County (1 branch; NJ-HQ'd),"Ewing, NJ",CU,LOW (skim). 2026-06-10,cunj.com (skim)
95,94,CAHP Credit Union,Credit Union,★ Core SoCal,2/4  ✗SUW ✗Onl ✓SoCal ✓Card,N/M,N/M,,C — Other agent card,N/M (no bank-specific data point found),~$0.40B,—,1 SB branch; ~$0.40B,CA-HQ'd,Unknown,✅ Business card offered (skim-level; BLOC: No); CA peace-officers FOM; terms N/M,N/M (skim),In-person,Visit branch / contact a banker (no online application),https://www.cahpcu.org,https://www.cahpcu.org,N/M,N/M,SEG skim 2026-06-10 — deep-dive pending.,2,N/M,N/M,Membership: California peace officers + families (closed FOM),No-doc card — apply in branch,Business card (name N/M),SoCal / San Bernardino (1 branch; Sacramento-HQ'd),"Sacramento, CA",CU,LOW (skim). 2026-06-10,cahpcu.org (skim)
96,95,Mechanics Bank,CA Bank,Other — NorCal,2/4  ✗SUW ✓Onl ✗SoCal ✓Card,N/M,N/M,,E — Elan agent,"Elan platform: ~$3K–$10K start, to ~$20K strong files (~$500 seen at 800+ FICO)  [myFICO #6658960]",$21.40B,$18.25B,~135 CA locations; West Coast + Hawaii,CA-HQ'd,No,✅ 0% 12 cycles → 17.24-26.24%; $0 AF; 3% gas/dining/office/cell,Elan,Online,Online — apply at https://creditcardlearnmore.com/11t3/index?ecdma-lc=23692&ecid=OTHE_25940,https://www.mymechanics.com,https://creditcardlearnmore.com/11t3/index?ecdma-lc=23692&ecid=OTHE_25940,TransUnion (varies EX/EQ),D&B; not personal in good standing,Elan platform: starts ~$3-10K (to $20K strong files; ~$500 seen even at 800+ FICO). PG required; ~2yr TIB preferred not required; D&B profile helps. Multiple cards same day = SEPARATE hard pull each (no 1-HP-multi). Don't check 'balance transfer' on app (=low limit). myfico.com #6658960 / #6308920 / #6244031,3,PG yes; no tax returns (<$25K),Business LOC (CA-only promo to $250K) — relationship-underwritten,No,No-doc 0% card — apply online (Elan),"Business Cash Preferred, Smart Business Rewards ($95 AF after yr1), Business Real Rewards (0% 6 cyc)",NorCal / SF-East Bay,Walnut Creek,6,HIGH issuer/terms/PG/online; MED HP. 2026-05-28,mymechanics.com business-credit-cards; creditcardlearnmore.com; online1.elancard.com STD_BIZ.pdf
97,96,Fifth Third Bank,Regional,National (lends in CA),2/4  ✓SUW ✗Onl ✗SoCal ✓Card,N/M,N/M,,B — Self-UW (in branch),$25K max exposure (1 card 630+/2 cards 700+/3 cards 750+)  [myFICO #5418937],~$294B (combined w/ Comerica; 9th-largest US bank),—,"Midwest/SE; CA = ex-Comerica (~34 banking centers, Bay Area); Comerica brand until Q3 2026",⚠ Needs local branch/account — minimal/no CA retail (likely NOT reachable),Yes,"⚠️ Simply Business: 0% 12cyc, $0 AF, 1.67% — but CLOSED to new applicants; in-branch only; 90-day deposit acct required",Self (Fifth Third Bank NA),In-person,Visit branch / contact a banker (no online application),https://www.53.com/content/fifth-third/en/business-banking/managing-business/credit-card-solutions.html,https://www.53.com/content/fifth-third/en/business-banking/managing-business/credit-card-solutions/simply-business-card.html,TransUnion (East-Coast lean),Personal N/M; Business SBFE likely (N/M),$25K max exposure; score tiers 1 card 630+/2 cards 700+/3 cards 750+; separate HP per app (not inq-sensitive); CLI=hard pull after 6mo. myfico.com #5418937,2,PG yes (joint & several); tax returns N/M,"Commercial LOC/SBA full-doc. (Brex corporate card runs on Fifth Third rails — no-PG, but a Brex product.)",YES — Fifth Third business checking/savings active 90+ days required,⚠ Needs CA branch + closed to new applicants,Fifth Third Simply Business Card (CLOSED to new); Commercial Card; Brex-partnership corporate card,National — NEW CA via Comerica acquisition (Feb 2026),"Cincinnati, OH",Reg,HIGH self (triangulated); card CLOSED to new + branch-only + 90-day deposit gate = low practical utility. 2026-05-28,brex.com/legal/fifth-third-bank-card-agreement; CFPB TCCP data; 53.com simply-business; fitsmallbusiness.com; myfico.com #5418937
98,97,"Sunflower Bank, N.A.",Regional,★ Core SoCal,2/4  ✗SUW ✗Onl ✓SoCal ✓Card,N/M,N/M,,D — TCM agent,"N/M (TCM; conservative, Experian-driven)",N/M,N/M,Woodland Hills (LA) + Ontario (SB) + Century City corporate (FDIC SOD 2025 / LABJ),N/M,No,✅ Visa Small Business + Corporate cards; 13.20% var; $0 AF (archived 2025-10-09),TCM (mycardstatement.com + ezbusinesscardmanagement.com portals),In-person,Visit branch / contact a banker (no online application),https://www.sunflowerbank.com,https://www.sunflowerbank.com,Experian (TCM standard; INFERENCE),N/M,TCM-decoded servicing portals. Same charter family as First Foundation (FirstSun). Light census 2026-06-10.,2,N/M (TCM = SBA-eligible only typically),None published,N/M,No-doc card — apply in branch,Visa Small Business Credit Card; Corporate Card (TCM),"SoCal / LA + San Bernardino (Woodland Hills, Ontario, Century City office; CO-HQ'd)","Denver, CO",Reg,MED-HIGH issuer=TCM (portals)/13.20%/branch-apply. Light census 2026-06-10,sunflowerbank.com small-business-and-corporate-credit-cards (Wayback 2025-10-09); labusinessjournal.com
99,98,Woori America Bank,Regional,★ Core SoCal,2/4  ✗SUW ✗Onl ✓SoCal ✓Card,N/M,N/M,,D — TCM agent,"N/M (TCM; conservative, Experian-driven)",N/M,N/M,"6 branches: LA Olympic + Wilshire, Buena Park ×2, Irvine, Torrance (FDIC SOD 2025)",N/M,No,✅ Business Rewards + Business Secured Rewards Visa; terms N/M,TCM (mycardstatement.com decode; ScoreCard rewards),In-person,Visit branch / contact a banker (no online application),https://www.wooriamericabank.com,https://www.wooriamericabank.com/Business-Credit-Cards,Experian (TCM standard; INFERENCE),N/M,TCM-decoded statement portal. Commercial LOC offered (amounts N/M). Light census 2026-06-10.,2,N/M,None published,N/M,No-doc card — apply in branch,Business Rewards Visa; Business Secured Rewards Visa (TCM),SoCal / LA-OC (6 branches; NY-HQ'd; Korean-American),"New York, NY",Reg,MED-HIGH issuer=TCM (portal)/branch-apply; N/M terms. Light census 2026-06-10,wooriamericabank.com/Business-Credit-Cards + /Locations
100,99,Wallis Bank,Regional,★ Core SoCal,2/4  ✗SUW ✗Onl ✓SoCal ✓Card,N/M,N/M,,D — TCM agent,"N/M (TCM; conservative, Experian-driven)",N/M,N/M,Cerritos + Los Angeles branches,N/M,No,✅ Visa Business Credit Card (rewards points); terms N/M,"TCM (mycardstatement.com decode, archived 2020)",In-person,Visit branch / contact a banker (no online application),https://www.wallisbank.com,https://www.wallisbank.com/visa-business-credit-cards/,Experian (TCM standard; INFERENCE),N/M,TCM-decoded portal (2020 archive; live site bot-blocked). Revolving LOCs (amounts N/M). Light census 2026-06-10.,2,N/M,None published,N/M,No-doc card — apply in branch,Visa Business Credit Card (TCM),SoCal / LA (Cerritos + LA branches; TX-HQ'd),"Wallis, TX",Reg,MED issuer=TCM (2020 archive); N/M terms. Light census 2026-06-10,wallisbank.com/visa-business-credit-cards (Wayback 2020-09-19) + /commercial-loans
101,100,Poppy Bank,CA Bank,Other — NorCal,2/4  ✗SUW ✓Onl ✗SoCal ✓Card,N/M,N/M,,E — Elan agent,"Elan platform: ~$3K–$10K start, to ~$20K strong files (~$500 seen at 800+ FICO)  [myFICO #6658960]",$7.80B,$6.02B,"CA-only, extensive; Bay Area, Sacramento, LA, Orange County, San Diego, Santa Barbara",CA-HQ'd,No,✅ 0% 12 cycles → 17.24-26.24%; $0 AF,Elan,Online,Online — apply at https://creditcardlearnmore.com/11t3/index?ecdma-lc=07362&ecid=OTHE_25940#business,https://www.poppy.bank,https://creditcardlearnmore.com/11t3/index?ecdma-lc=07362&ecid=OTHE_25940#business,TransUnion (varies EX/EQ),D&B; not personal in good standing,Elan platform: starts ~$3-10K (to $20K strong files; ~$500 seen even at 800+ FICO). PG required; ~2yr TIB preferred not required; D&B profile helps. Multiple cards same day = SEPARATE hard pull each (no 1-HP-multi). Don't check 'balance transfer' on app (=low limit). myfico.com #6658960 / #6308920 / #6244031,3,PG yes; no tax returns (<$25K),None (SBA/USDA/CRE/LOC underwritten),No,No-doc 0% card — apply online (Elan),"Business Cash Preferred, Smart Business Rewards, Business Real Rewards",NorCal / SF (North Bay),Santa Rosa,13,HIGH issuer/terms/online/footprint; MED PG/HP. 2026-05-28,poppy.bank/business-checking-accounts; creditcardlearnmore.com (07362)
102,101,Partners Bank of California,CA Bank,★ Core SoCal,2/4  ✗SUW ✗Onl ✓SoCal ✓Card,N/M,N/M,,C — Other agent card,N/M (TIB; financials typically required $10K+),$0.61B,N/M,'Only business bank HQ'd in South Orange County'; Mission Viejo HQ + Beverly Hills; ticker PBKX,CA-HQ'd,No,✅ TIB Mastercard business (Preferred Points 1pt/$1 to 10K/mo); no 0%; terms N/M; no online apply,TIB,In-person,No online app — call (949) 732-4000 / TIB Card Svc 800-367-7576; relationship/branch,https://www.pbofca.com,—,Experian/TU (TIB; INFERENCE),N/M (TIB; biz-only typical),TIB Preferred Points program (24/7 line 800-367-7576 = TIB Card Services). No online app; inquiry/relationship only. No bank-specific DPs.,2,PG likely (TIB standard); docs N/M,None (business LOC/loans/CRE/SBA full-doc),Likely Yes (relationship),No-doc card — apply in branch,Mastercard Business credit card (TIB Preferred Points; 1pt/$1 up to 10K pts/mo),SoCal / Orange County,Mission Viejo,76,"MED-HIGH issuer=TIB (shared 800-367-7576 + verbatim Preferred Points copy)/OC; no online apply; N/M terms, HP. 2026-05-29",pbofca.com/product/business-banking/lending-solutions; TIB Preferred Points boilerplate match; FDIC cert 58588
103,102,Genesis Bank,CA Bank,★ Core SoCal,2/4  ✗SUW ✗Onl ✓SoCal ✓Card,N/M,N/M,,C — Other agent card,N/M (no bank-specific data point found),$0.41B,N/M,Newport Beach HQ; OC + LA + W Inland Empire; minority-owned de novo (est 2021),CA-HQ'd,Unknown,⚠️ One unnamed business card (relationship-only); issuer/terms N/M; no online apply,Unknown (not named; likely agent-issued),In-person,Visit branch / contact a banker (no online application),https://www.mygenesisbank.com,—,N/M,N/M,N/M (no forum data; not the unrelated Concora/'Genesis FS' subprime issuer),2,N/M (RM-underwritten),None (LOC/term/SBA/owner-occ CRE/equipment full-doc),Likely Yes (relationship),No-doc card — apply in branch,One unnamed business credit card ('transparent reporting for reconciliation'; no tiers),SoCal / Orange County,Newport Beach,87,"MED card-exists/OC-HQ/relationship-only; N/M issuer, terms (RM-gated). Disambiguated from Concora. 2026-05-29",mygenesisbank.com/commercial-banking/business-loans/loan-products; FDIC cert 59245
104,103,Westamerica Bank,CA Bank,Other — NorCal,2/4  ✗SUW ✓Onl ✗SoCal ✓Card,N/M,N/M,,E — Elan agent,Elan DPs: $4K–$9K (no-relationship)  [myFICO #6478775],$5.83B,$4.79B,~76-88 branches across 19 NorCal/Central counties,CA-HQ'd,No,✅ 0% 12-18 cycles → 17.24-26.24%; $0 AF,Elan,Online,Online — apply at https://creditcardlearnmore.com/11t3/index?ecdma-lc=12109,https://www.westamerica.com,https://creditcardlearnmore.com/11t3/index?ecdma-lc=12109,TransUnion (2 dated DPs; varies),D&B; not personal in good standing,"Elan DPs: Visa Business Cash $9,000 (2021); Smart Business Rewards $4,000 no-relationship (2022, TU pull, D&B 80). myfico.com #6478775",3,PG yes; no tax returns (<$25K),None (operating LOC/AR/term/CRE relationship-underwritten),No (cold-apps approved),"0% to 18 cyc; cold-app approvals, no relationship (Elan)","Business Cash Preferred, Smart Business Rewards, Business Real Rewards, Business Card (0% 18 cyc)",NorCal / SF (Marin),San Rafael,21,HIGH issuer/products/no-deposit/PG/D&B; MED HP=TU. 2026-05-28,westamerica.com/credit-card-application; creditcardlearnmore.com (12109); myfico.com #6478775
105,104,"Legacy Bank (Murrieta, CA)",CA Bank,★ Core SoCal,2/4  ✗SUW ✗Onl ✓SoCal ✓Card,N/M,N/M,,C — Other agent card,N/M (no bank-specific data point found),$0.11B,N/M,Murrieta HQ (Riverside County/IE); founded by Soboba Band of Luiseño Indians; minority-designated; de novo est 2022,CA-HQ'd,Unknown,⚠️ Business cards exist (no detail); issuer/terms N/M; no online apply,Unknown (not named; likely agent-issued; out-of-state 'Legacy' card data excluded),In-person,Visit branch / contact a banker (no online application),https://www.legacybankca.com,—,N/M,N/M,N/M (no forum data; de novo),2,N/M,None (secured loans/LOC/LC/equipment/owner-occ+investor CRE/SBA full-doc),Likely Yes (relationship),No-doc card — apply in branch,Business credit card(s) ('transparent reporting for reconciliation'; no names/terms),SoCal / Inland Empire,Murrieta,112,"MED card-exists/IE-HQ/no-online; N/M issuer, terms. Out-of-state Legacy bank data excluded. 2026-05-29",legacybankca.com/loans/commercial-lending; americanbanker.com (de novo); FDIC cert 59204
106,,Axos Bank,CA Bank,★ Core SoCal,1/4  ✗SUW ✗Onl ✓SoCal ✗Card,N/M,N/M,,Commercial-only,—,$28.24B,$22.68B,"Branchless; ~2 physical branches (1 CA, 1 NV); lends nationwide online",CA-HQ'd,Unknown,⚠️ Commercial — Visa Commercial/Charge; $0 AF; consult only,Unknown (eZBusiness/eZCardInfo agent platform),In-person,Visit branch / contact a banker (no online application),https://www.axosbank.com,https://www.axosbank.com/commercial/banking/global-treasury-management/commercial-credit-card,N/M,N/M,N/M (no forum data; relationship product),0,Financial statements + tax returns at bank discretion — NOT no-doc,None (LOC/term/ABL/SBA full-doc),N/M,Commercial / full underwriting,Axos Visa Commercial Credit Card; Commercial Charge Card,SoCal / San Diego (digital),San Diego,4,"MED-HIGH commercial classification, $0 AF; LOW issuer, APR, HP. 2026-05-28",axosbank.com/commercial/.../commercial-credit-card + /support/faqs; nav.com Axos review
107,105,Bank of Hope,CA Bank,★ Core SoCal,2/4  ✗SUW ✗Onl ✓SoCal ✓Card,N/M,N/M,,E — Elan agent,"Elan platform: ~$3K–$10K start, to ~$20K strong files (~$500 seen at 800+ FICO)  [myFICO #6658960]",$18.65B,$15.77B,"~24 CA branches; LA core, Orange County, Bay Area; largest Korean-American bank",CA-HQ'd,No,✅ 0% 9 cycles → 17.74-25.74%; $0 AF; no FX fee,Elan,In-person,Visit branch / contact a banker (no online application),https://www.bankofhope.com,https://www.bankofhope.com/business-banking/credit-cards,TransUnion (varies EX/EQ),SBFE → D&B; not personal in good standing,Elan platform: starts ~$3-10K (to $20K strong files; ~$500 seen even at 800+ FICO). PG required; ~2yr TIB preferred not required; D&B profile helps. Multiple cards same day = SEPARATE hard pull each (no 1-HP-multi). Don't check 'balance transfer' on app (=low limit). myfico.com #6658960 / #6308920 / #6244031,2,PG yes; no tax returns (<$25K),None (SBA Express needs 2yr tax returns),N/M,No-doc card — apply in branch (Elan),Business Cashback Visa; Business Rewards Visa (3pt gas/travel/dining),SoCal / LA,Los Angeles,7,"HIGH products/issuer/terms; N/M apply-online, HP. 2026-05-28",bankofhope.com/business-banking/credit-cards + agreements + Business Rewards disclosure PDF
108,106,Bank of Stockton,CA Bank,Other — NorCal,2/4  ✗SUW ✓Onl ✗SoCal ✓Card,N/M,N/M,,E — Elan agent,"Elan platform: ~$3K–$10K start, to ~$20K strong files (~$500 seen at 800+ FICO)  [myFICO #6658960]",$4.83B,$3.75B,20 branches/16 cities/9 counties (incl. Modesto Commerce Bank),CA-HQ'd,No,✅ 0% 6-12 cycles → 10.49-23.49%; $0/$50 AF,Elan,Online,Online — apply at https://www.mycardapply.com/synindex/?ecdma-lc=37171&ecid=OTHE_25940&offertype=0#business,https://bankofstockton.com,https://www.mycardapply.com/synindex/?ecdma-lc=37171&ecid=OTHE_25940&offertype=0#business,TransUnion (varies EX/EQ),D&B (infer); personal delinquency-only,Elan platform: starts ~$3-10K (to $20K strong files; ~$500 seen even at 800+ FICO). PG required; ~2yr TIB preferred not required; D&B profile helps. Multiple cards same day = SEPARATE hard pull each (no 1-HP-multi). Don't check 'balance transfer' on app (=low limit). myfico.com #6658960 / #6308920 / #6244031,3,PG yes; no tax returns (<$25K),None (commercial LOC/term/CRE/ag full underwriting),No,No-doc 0% card — apply online (Elan),Full Elan suite (Cash Preferred/Real Rewards/Smart/Zero+/Travel/Platinum),NorCal / Sacramento-Stockton,Stockton,24,"HIGH relevance/issuer/online/terms/PG; N/M HP-CA, SBFE. 2026-05-28",bankofstockton.com/business_credit_cards; mycardapply.com (37171); online1.elancard.com STD_BIZ.pdf
109,107,Bank of Marin,CA Bank,Other — NorCal,2/4  ✗SUW ✓Onl ✗SoCal ✓Card,N/M,N/M,,E — Elan agent,Elan: $10K–$20K (low $3K if BT requested)  [myFICO #6658960],$3.91B,$3.46B,CA-only; ~28 branches Marin/Sonoma/Napa/Alameda/SF/Sacramento,CA-HQ'd,No,✅ 0% 6-12 cycles; $0/$50 AF,Elan,Online,Online — apply at https://www.bankofmarin.com/products-and-services/credit-cards/,https://www.bankofmarin.com,https://www.bankofmarin.com/products-and-services/credit-cards/,TransUnion-lean in CA (DoC TU:9/EX:5/EQ:1),D&B; not personal in good standing,Elan: limits $10-20K (low $3K if BT requested); approved EX 693; '2 cards $10K each ~20min apart' = 2 SEPARATE TU pulls. myfico.com #6658960,3,PG yes; no tax returns (<$25K),"'Easy Underwrite' loan $5,001-$20,000, credit-score-based (low-doc)",N/M,No-doc 0% card — apply online (Elan),"Elan business Visa (Cash, Bonus Rewards, Bonus Rewards PLUS, Platinum)",NorCal / SF (North Bay),Novato,28,HIGH issuer/PG/no-tax/D&B; MED CA bureau; N/M go-to APR. 2026-05-28,bankofmarin.com/products-and-services/credit-cards; online1.elancard.com STD_BIZ.pdf; doctorofcredit.com (CA pull split)
110,108,Bank of the Sierra,CA Bank,Other — Central Valley,2/4  ✗SUW ✓Onl ✗SoCal ✓Card,N/M,N/M,,E — Elan agent,"Elan platform: ~$3K–$10K start, to ~$20K strong files (~$500 seen at 800+ FICO)  [myFICO #6658960]",$3.75B,$2.93B,"~35 branches/27 cities; Bakersfield, Fresno, Visalia, Tulare",CA-HQ'd,No,✅ 0% intro; APR N/M; $0 AF; 1.5% (Real Rewards),Elan,Online,Online — apply at https://www.bankofthesierra.com/business/loans-credit-cards/business-credit-cards/,https://www.bankofthesierra.com,https://www.bankofthesierra.com/business/loans-credit-cards/business-credit-cards/,TransUnion (varies EX/EQ),Personal delinquency-only; biz N/M,Elan platform: starts ~$3-10K (to $20K strong files; ~$500 seen even at 800+ FICO). PG required; ~2yr TIB preferred not required; D&B profile helps. Multiple cards same day = SEPARATE hard pull each (no 1-HP-multi). Don't check 'balance transfer' on app (=low limit). myfico.com #6658960 / #6308920 / #6244031,3,PG yes; no tax returns (<$25K),"QuickBiz LOC $5K-$30K, 100% online ~15 min, NO tax returns (deposit-tiered)",Card N/M; QuickBiz LOC requires deposit acct,QuickBiz: soft-pull no-doc LOC (Elan),"Elan: Real Rewards, Cash Preferred, Smart Business, Business Card",Central Valley / S. Sierra,Porterville,30,HIGH relevance/issuer/PG/no-tax/QuickBiz-no-doc; N/M card APR. 2026-05-28,bankofthesierra.com/.../business-credit-cards + /QuickBiz; online1.elancard.com STD_BIZ.pdf
111,109,Exchange Bank,CA Bank,Other — NorCal,2/4  ✗SUW ✓Onl ✗SoCal ✓Card,N/M,N/M,,E — Elan agent,"Elan platform: ~$3K–$10K start, to ~$20K strong files (~$500 seen at 800+ FICO)  [myFICO #6658960]",$3.27B,$2.84B,~19 branches; Sonoma County + Marin + Roseville,CA-HQ'd,No,✅ 0% 12 cycles → 17.24-26.24%; $0 AF,Elan,Online,Online — apply at https://creditcardlearnmore.com/11t3/index?ecdma-lc=02912&ecid=OTHE_25940#business,https://www.exchangebank.com,https://creditcardlearnmore.com/11t3/index?ecdma-lc=02912&ecid=OTHE_25940#business,TransUnion (varies EX/EQ),Personal delinquency-only; biz N/M,Elan platform: starts ~$3-10K (to $20K strong files; ~$500 seen even at 800+ FICO). PG required; ~2yr TIB preferred not required; D&B profile helps. Multiple cards same day = SEPARATE hard pull each (no 1-HP-multi). Don't check 'balance transfer' on app (=low limit). myfico.com #6658960 / #6308920 / #6244031,3,PG yes; no tax returns (<$25K),None (term/LOC/CRE/SBA full-doc),N/M,No-doc 0% card — apply online (Elan),"Business Cash Preferred, Smart Business Rewards, Business Real Rewards",NorCal / SF (Sonoma),Santa Rosa,33,HIGH issuer/products/terms/online; MED HP/PG. 2026-05-28,exchangebank.com/business/credit-cards; creditcardlearnmore.com (02912)
112,110,Plumas Bank,CA Bank,Other — NorCal,1/4  ✗SUW ✗Onl ✗SoCal ✓Card,N/M,N/M,,C — Other agent card,N/M (TIB; financials typically required $10K+),$2.20B,$1.78B,~19 branches NE California + N Nevada (post-2025 Cornerstone merger),CA-HQ'd,No,"✅ no 0%; 19.49% (Prime+10.99%, cap 21%); $0/$49 AF",TIB,In-person,Visit branch / contact a banker (no online application),https://www.plumasbank.com,https://www.plumasbank.com/business-banking/business-card-services,Personal HP on guarantor; bureau not named,N/M (reports personal + business; bureaus unnamed),N/M (no Plumas/TIB-card forum DPs),0,PG YES + Personal Tax Return required (most entities) — NOT no-doc,None (LOC/working capital/SBA PLP/CRE documentation-based),N/M,Full-doc — requires tax returns,Business Card-Standard ($0 AF); Business Card-Preferred Points ($49 AF),NorCal / Sacramento (NE California),Quincy,40,HIGH products/issuer (TIB)/terms/PG+tax-returns. NOTE: tax returns required = NOT no-doc. 2026-05-28,plumasbank.com/business-banking/business-card-services; card-application-2024-01-business.pdf
113,111,SMBC MANUBANK,CA Bank,★ Core SoCal,2/4  ✗SUW ✗Onl ✓SoCal ✓Card,N/M,N/M,,E — Elan agent,"Elan platform: ~$3K–$10K start, to ~$20K strong files (~$500 seen at 800+ FICO)  [myFICO #6658960]",$7.73B,$6.73B,CA-only; 8-9 offices LA + San Jose; commercial unit -> Bank of Hope 2H-2026,CA-HQ'd,No,✅ 0% 18 mo → 17.24-26.24%; $0 AF (being acquired by Bank of Hope),Elan,In-person,Visit branch / contact a banker (no online application),https://www.smbcmanubank.com,https://www.smbcmanubank.com/business-and-commercial/borrow/business-lending/business-credit-cards,Experian most-reported (Elan; varies),D&B + SBFE; personal on default,Elan platform: starts ~$3-10K (to $20K strong files; ~$500 seen even at 800+ FICO). PG required; ~2yr TIB preferred not required; D&B profile helps. Multiple cards same day = SEPARATE hard pull each (no 1-HP-multi). Don't check 'balance transfer' on app (=low limit). myfico.com #6658960 / #6308920 / #6244031,2,PG yes; no tax returns (<$25K),None (term/LOC/SBA/CRE/ABL full-doc),N/M,0% 18 mo (note: being acquired) (Elan),SMBC Visa Business; Visa Business Real Rewards (1.5X); Smart Business Rewards (2X),SoCal / LA,Los Angeles,15,MED-HIGH issuer/PG; APR via secondary source; apply-link N/M. 2026-05-28,smbcmanubank.com business-credit-cards; card.myaccountaccess.com (Elan disclosure); supermoney.com
114,,Five Star Bank,CA Bank,Other — NorCal,0/4  ✗SUW ✗Onl ✗SoCal ✗Card,N/M,N/M,,Commercial-only,—,$5.03B,$4.48B,CA-only NorCal; ~10 offices (Five Star Bancorp),CA-HQ'd,Partial (CorServ self-issue),⚠️ Commercial — CorServ Mastercard; terms N/M; no public apply,Self (CorServ platform),In-person,Visit branch / contact a banker (no online application),https://www.fivestarbank.com,https://www.fivestarbank.com/credit-cards,N/M,N/M,N/M (no forum data),0,PG likely; docs likely (commercial),"None advertised (LOC/term/SBA/CRE, full-doc)",Likely Yes (relationship),Commercial / full underwriting,CorServ business/corporate Mastercards (Platinum/Rewards/World/Corporate/Purchasing),NorCal / Sacramento,Roseville,23,"MED-HIGH commercial-only/platform; N/M terms, apply, HP, reports. Not NY Five Star (Elan). 2026-05-28",fivestarbank.com/credit-cards + business-lending; corservsolutions.com
115,112,First Northern Bank of Dixon,CA Bank,Other — NorCal,2/4  ✗SUW ✓Onl ✗SoCal ✓Card,N/M,N/M,,E — Elan agent,"Elan platform: ~$3K–$10K start, to ~$20K strong files (~$500 seen at 800+ FICO)  [myFICO #6658960]",$1.92B,$1.70B,14 branches Sacramento Valley/Solano-Yolo + Gold Country,CA-HQ'd,No,✅ 0% 12 cycles → 17.24-26.24%; $0 AF,Elan,Online,Online — apply at https://creditcardlearnmore.com/11t3/index?ecdma-lc=22292&ecid=OTHE_25940,https://www.thatsmybank.com,https://creditcardlearnmore.com/11t3/index?ecdma-lc=22292&ecid=OTHE_25940,Personal; varies TU/EX/EQ,D&B; not personal in normal use,Elan platform: starts ~$3-10K (to $20K strong files; ~$500 seen even at 800+ FICO). PG required; ~2yr TIB preferred not required; D&B profile helps. Multiple cards same day = SEPARATE hard pull each (no 1-HP-multi). Don't check 'balance transfer' on app (=low limit). myfico.com #6658960 / #6308920 / #6244031 FN cold-apps approved; stated income/revenue.,3,"PG yes; stated income, no tax returns","'Lightning Loans' $2,500-$50,000, online minutes, 'no paperwork', self-underwritten",No (cold-apps documented),Lightning Loans: no-paperwork LOC (Elan),"Business Cash Preferred, Smart Business Rewards, Business Real Rewards",NorCal / Sacramento,Dixon,45,HIGH issuer/products/terms/online/PG/no-tax/Lightning-Loans-no-doc. 2026-05-28,thatsmybank.com/business/business-credit-cards + /lightning-loans; creditcardlearnmore.com (22292)
116,,Avidbank,CA Bank,Other — NorCal,0/4  ✗SUW ✗Onl ✗SoCal ✗Card,N/M,N/M,,Commercial-only,—,$2.57B,$2.20B,"CA-only; San Jose HQ, Palo Alto, Redwood City, SF (LPOs)",CA-HQ'd,Partial (CorServ self-issue),⚠️ Commercial — CorServ (May 2024); custom rebates; relationship only,Self (CorServ Account Issuer),In-person,Visit branch / contact a banker (no online application),https://www.avidbank.com,https://www.avidbank.com/corporate-banking,N/M,N/M,N/M (no forum data; 'Avidia Bank' MA is a different entity),0,N/M (commercial-card underwriting),"None (C&I, venture debt, ABL, fund finance — full underwriting)",Yes (commercial customers),Commercial / full underwriting,Corporate & Business Credit Card + virtual cards,NorCal / Silicon Valley,San Jose,38,"MED-HIGH commercial-only/self-CorServ; N/M card specifics, HP, reports. 2026-05-28",corservsolutions.com (Avidbank); pymnts.com; avidbank.com corporate/lending
117,113,Farmers & Merchants Bank of Central California,CA Bank,Other — NorCal,1/4  ✗SUW ✗Onl ✗SoCal ✓Card,N/M,N/M,,C — Other agent card,N/M (no bank-specific data point found),$5.84B,$5.12B,"29 CA branches Central Valley + East Bay (Lodi, Stockton, Sacramento, Modesto, Oakland)",CA-HQ'd,No,✅ no 0%; APR N/M; Simply Rewards 3X,"UMB Bank, N.A. (Card Center Direct)",In-person,Visit branch / contact a banker (no online application),https://www.fmbonline.com,https://www.fmbonline.com/loans/credit-cards/business-credit-cards.html,N/M (UMB not on DoC list),N/M,N/M (no forum data; search collides w/ same-name banks),2,PG likely (UMB standard); tax returns N/M,None (term/LOC/equipment/CRE/ag/SBA full-doc),N/M,No-doc card — apply in branch,Business Visa Signature (>=$5K); Business Visa Platinum (<$5K); Simply Rewards,NorCal / Sacramento-Stockton,Lodi,20,"HIGH products/issuer (UMB)/footprint; LOW/N-M terms, HP, reports. Not fmb.com/fandm.bank (Elan). 2026-05-28",fmbonline.com/loans/credit-cards/business-credit-cards; cardcenterdirect.com + umb.com
118,114,Redwood Capital Bank,CA Bank,Other — NorCal,1/4  ✗SUW ✗Onl ✗SoCal ✓Card,N/M,N/M,,C — Other agent card,N/M (TIB; financials typically required $10K+),$0.54B,N/M,"~4 branches all Humboldt County (Eureka, Arcata, Fortuna); CA-only; SBA Preferred Lender",CA-HQ'd,No,✅ no 0%; var APR capped at 21%; $0/$49 AF; 1pt/$1 to 10K/mo (Preferred),TIB,In-person,"PDF application → fax 877-809-9162 or mail (TIB Card Service Center, Dallas); or via online banking if member",https://www.redwoodcapitalbank.com,https://www.redwoodcapitalbank.com/business/business-credit-cards,N/M (TIB; personal pull on guarantor),N/M (TIB),TIB program (Card Service Center PO Box 569120 Dallas + 800-367-7576 = TIB fingerprint). 25-day grace; 3% CA/BT; 2% FX. No bank DPs.,2,PG likely (TIB standard); docs N/M,None (SBA 7(a)/504/LOC/term/equipment full-doc),N/M,No-doc card — apply in branch,"Standard Card (MC + Visa, $0 AF); Preferred Points Rewards (MC + Visa, $49 AF)",NorCal / North Coast (Humboldt),Eureka,78,"HIGH issuer=TIB (PO Box + phone fingerprint)/products/terms (APR cap 21%); no online apply; N/M HP, reports. 2026-05-29",redwoodcapitalbank.com/business/business-credit-cards; bbb.org (PO Box 569120=TIB); FDIC cert 57610
119,115,Summit Bank (Oakland),CA Bank,Other — NorCal,1/4  ✗SUW ✗Onl ✗SoCal ✓Card,N/M,N/M,,C — Other agent card,N/M (TIB; financials typically required $10K+),$0.27B,N/M,~3 CA branches (Oakland HQ + East Bay); est 1982. NOT Summit State Bank (Santa Rosa),CA-HQ'd,No,"✅ no 0%; 16.49% var (Prime+10.99%, cap 21%); $0/$49 AF; 1pt/$1 to 10K/mo (Preferred). FULL-DOC: financials required",TIB,In-person,PDF application → fax 877-809-9162 / email banksupport@tib.bank / branch (TIB),https://www.summitbanking.com,https://www.summitbanking.com/business/loans/credit-cards/,N/M (TIB; consumer+commercial pull on guarantor),N/M (TIB),"TIB ('issuer and administrator is TIB... performable in Dallas County, TX'). PG joint & several. NOTE: terms dated 2019, verify.",2,PG YES (joint & several) + YEAR-END FINANCIAL STATEMENTS required (balance sheet + income stmt) — NOT no-doc,None (card is full-doc; commercial loans/CDARS relationship-based),N/M,No-doc card — apply in branch,"Standard Card ($0 AF); Preferred Points Card ($49 AF) — Mastercard (Visa on request), TIB",NorCal / SF-East Bay,Oakland,97,HIGH issuer=TIB (PDF verbatim)/terms (APR cap 21%)/full-doc (financials+PG = NOT no-doc); no online apply. 2026-05-29,"summitbanking.com/business/loans/credit-cards + Business-Credit-Card-Application PDF (TIB issuer, PG, financials); FDIC cert 23864"
120,,American Business Bank,CA Bank,★ Core SoCal,1/4  ✗SUW ✗Onl ✓SoCal ✗Card,N/M,N/M,,Commercial-only,—,$4.37B,$3.90B,"LA HQ + 9 LPOs (Woodland Hills, Torrance, Long Beach, Irvine, Anaheim, Ontario, Corona, Riverside, San Diego)",CA-HQ'd,Unknown,⚠️ Commercial — 'Corporate Cards'; issuer/terms N/M,Unknown (not disclosed),In-person,Visit branch / contact a banker (no online application),https://americanbb.bank,https://americanbb.bank/services/relationship-banking/credit-services/,N/M,N/M,N/M (no forum data; relationship product),0,PG likely; 2yr tax returns for loans (3rd-party review),ABL (AR/inventory/equipment) asset-based — lighter on income docs but NOT stated no-doc,Likely Yes (relationship bank),Commercial / full underwriting,'Corporate Credit Cards' (generic; no name/terms),SoCal / LA,Los Angeles,25,"HIGH commercial-only/no-online; N/M issuer, terms, HP. 2026-05-28",americanbb.bank/services/relationship-banking/credit-services; usbanklocations.com
121,116,United Business Bank,CA Bank,Other — NorCal,1/4  ✗SUW ✗Onl ✗SoCal ✓Card,N/M,N/M,,C — Other agent card,N/M (no bank-specific data point found),$2.63B,$2.27B,"Walnut Creek HQ; San Jose, Stockton, Pleasanton + CO/NV/NM/WA (BayCom Corp)",CA-HQ'd,Unknown,✅ card exists; issuer/terms unknown; Request-Info only,Unknown (not named; no portal links),In-person,Visit branch / contact a banker (no online application),https://www.unitedbusinessbank.com,https://www.unitedbusinessbank.com/loans-credit/business-credit/business-credit-cards.html,N/M,N/M,N/M (no forum data),2,N/M ('subject to credit approval'),None (LOC/ABL/term/equipment/CRE/SBA Express full-doc),N/M,No-doc card — apply in branch,'Business Credit Cards' (generic; no brand named),NorCal / SF-East Bay,Walnut Creek,37,"MED-HIGH negatives (no issuer named, no online app, no terms). Not 'United Bankers Bank' (ubb.bank). 2026-05-28",unitedbusinessbank.com/loans-credit/business-credit/business-credit-cards; dfpi.ca.gov
122,117,American Riviera Bank,CA Bank,Other — Central Coast,2/4  ✗SUW ✓Onl ✗SoCal ✓Card,N/M,N/M,,E — Elan agent,"Elan platform: ~$3K–$10K start, to ~$20K strong files (~$500 seen at 800+ FICO)  [myFICO #6658960]",$1.42B,$1.27B,"Santa Barbara + SLO counties (Santa Barbara, Montecito, Goleta, Santa Maria, SLO, Paso Robles)",CA-HQ'd,No,✅ Elan biz cards; terms N/M; apply online,Elan,Online,Online — apply at https://creditcard.arb.bank/choose,https://americanriviera.bank,https://creditcard.arb.bank/choose,TransUnion (Elan; varies),Personal default-only; D&B weak/unconfirmed,Elan platform: starts ~$3-10K (to $20K strong files; ~$500 seen even at 800+ FICO). PG required; ~2yr TIB preferred not required; D&B profile helps. Multiple cards same day = SEPARATE hard pull each (no 1-HP-multi). Don't check 'balance transfer' on app (=low limit). myfico.com #6658960 / #6308920 / #6244031,3,PG yes; no tax returns (<$25K),None (commercial LOC/ag/construction/SBA underwritten),No,No-doc card — apply online (Elan),Elan business cards (names not on site),Central Coast,Santa Barbara,50,"MED-HIGH issuer/online/Elan behavior; N/M card names, terms. 2026-05-28",americanriviera.bank/product/business-credit-cards; creditcard.arb.bank/choose
123,118,Savings Bank of Mendocino County,CA Bank,Other — NorCal,2/4  ✗SUW ✓Onl ✗SoCal ✓Card,N/M,N/M,,E — Elan agent,"Elan platform: ~$3K–$10K start, to ~$20K strong files (~$500 seen at 800+ FICO)  [myFICO #6658960]",$1.29B,N/M,CA-only; Mendocino/Lake/Sonoma county branches,CA-HQ'd,No,✅ Elan biz cards (low rate / cash back / rewards buckets); terms N/M,Elan,Online,Online — apply at https://www.savingsbank.com/business/bank-cards/,https://www.savingsbank.com,https://www.savingsbank.com/business/bank-cards/,TransUnion (varies EX/EQ),D&B; not personal in good standing,Elan platform: starts ~$3-10K (to $20K strong files; ~$500 seen even at 800+ FICO). PG required; ~2yr TIB preferred not required; D&B profile helps. Multiple cards same day = SEPARATE hard pull each (no 1-HP-multi). Don't check 'balance transfer' on app (=low limit). myfico.com #6658960 / #6308920 / #6244031,3,PG yes; no tax returns (<$25K),None (commercial/SBA full-doc),N/M,No-doc card — apply online (Elan),Elan business suite (Cash Preferred / Real Rewards / Smart / Zero+; names not enumerated),NorCal / North Coast (Mendocino),Ukiah,54,"HIGH issuer=Elan (own footer disclosure)/online; N/M terms, HP. 2026-05-29",savingsbank.com/business/bank-cards (Elan creditor disclosure); dfpi.ca.gov; elanfinancialservices.com
124,119,River Valley Community Bank,CA Bank,Other — NorCal,2/4  ✗SUW ✓Onl ✗SoCal ✓Card,N/M,N/M,,E — Elan agent,"Elan platform: ~$3K–$10K start, to ~$20K strong files (~$500 seen at 800+ FICO)  [myFICO #6658960]",$0.76B,$0.67B,"CA-only; Yuba City, Marysville, Grass Valley, Auburn; est 2006",CA-HQ'd,No,✅ Elan biz Visa (low rate / cash back / rewards); terms N/M,Elan,Online,Online — apply at https://www.mycardapply.com/synindex/?ecdma-lc=33345&ecid=OTHE_25940&offertype=0,https://www.myrvcb.com,https://www.mycardapply.com/synindex/?ecdma-lc=33345&ecid=OTHE_25940&offertype=0,TransUnion (varies EX/EQ),D&B; not personal in good standing,Elan platform: starts ~$3-10K (to $20K strong files; ~$500 seen even at 800+ FICO). PG required; ~2yr TIB preferred not required; D&B profile helps. Multiple cards same day = SEPARATE hard pull each (no 1-HP-multi). Don't check 'balance transfer' on app (=low limit). myfico.com #6658960 / #6308920 / #6244031,3,PG yes; no tax returns (<$25K),None (commercial/SBA 504/ag/construction/HELOC full-doc),N/M,No-doc card — apply online (Elan),Elan business Visa (Cash Preferred / Real Rewards / Platinum; names not enumerated),NorCal / Sacramento (Sacramento Valley),Yuba City,73,"HIGH issuer=Elan (own footer disclosure)/online/lc=33345; N/M terms, HP, reports. 2026-05-29",myrvcb.com/business/business-credit-cards-debit (Elan disclosure); mycardapply.com (33345); FDIC cert 58276
125,120,"California Bank of Commerce, N.A.",CA Bank,★ Core SoCal,2/4  ✗SUW ✗Onl ✓SoCal ✓Card,N/M,N/M,,E — Elan agent,"Elan DP: $4K (D&B 80, no relationship)  [myFICO #6478775]",$4.05B,$3.40B,18 CA locations statewide (Southern Cal Bancorp + California Bancorp 2024),CA-HQ'd,No,✅ Elan biz cards; intro/APR N/M; no public apply page,Elan,In-person,Visit branch / contact a banker (no online application),https://www.californiabankofcommerce.com,https://www.californiabankofcommerce.com/business-financing-solutions/,TransUnion (forum 'Elan = HP TU-9'),D&B; personal delinquency-only,"Elan DP: Smart Business Rewards $4K, D&B 80/EX-Biz 82, TU pull, no relationship (2022). myfico.com #6478775",2,PG yes; no tax returns (<$25K),None (LOC/term/CRE/SBA underwritten),No (forum-corroborated),No-doc card — apply in branch (Elan),Elan business suite (names N/M on site); separate commercialcardportal.com,SoCal / San Diego,San Diego,27,"HIGH issuer (Elan via portal)/PG/HP=TU/D&B; N/M card name, apply URL. 2026-05-28","californiabankofcommerce.com/online-banking-logins (theme=elan1, loc=28679); myfico.com #6478775"
126,121,"Pinnacle Bank (Gilroy, CA)",Regional,Other — NorCal,1/4  ✗SUW ✗Onl ✗SoCal ✓Card,N/M,N/M,,C — Other agent card,N/M (TIB; financials typically required $10K+),~$0.95B,—,"HQ Gilroy (Santa Clara/South Bay); 4 branches (Gilroy, Morgan Hill, Salinas, Campbell)",N/M,No,✅ Mastercard business (Platinum / Rewards / World); terms N/M; apply in-branch,TIB (The Independent BankersBank),In-person,Branch / contact (TIB; no online app),https://pinnacle.bank,https://pinnacle.bank/business/financing.php/1000,N/M (TIB typically Experian),N/M,"No online application; branch/contact only. (CA Pinnacle, NOT Pinnacle Financial Partners TN.)",2,PG likely (TIB standard); N/M,None (SBA Preferred + ABL full-doc),N/M (relationship likely),No-doc card — apply in branch,Mastercard Small Business Platinum / Rewards / World (via TIB),"NorCal / Silicon Valley (Gilroy, South Bay)","Gilroy, CA",Reg,"HIGH issuer=TIB/relevance/footprint; apply N (branch); N/M terms, HP. 2026-05-28",pinnacle.bank/business/financing (TIB issuer disclosure); FDIC cert 58297; wallethub.com
127,122,Golden Valley Bank,CA Bank,Other — NorCal,2/4  ✗SUW ✓Onl ✗SoCal ✓Card,N/M,N/M,,E — Elan agent,"Elan platform: ~$3K–$10K start, to ~$20K strong files (~$500 seen at 800+ FICO)  [myFICO #6658960]",$0.58B,N/M,Community bank; Chico/Butte County focus; est ~2006,CA-HQ'd,No,✅ Elan biz cards (low rate / cash back / rewards); terms N/M,Elan,Online,Online — apply at https://www.goldenvalley.bank/credit-cards/,https://www.goldenvalley.bank,https://www.goldenvalley.bank/credit-cards/,TransUnion (varies EX/EQ),D&B; not personal in good standing,Elan platform: starts ~$3-10K (to $20K strong files; ~$500 seen even at 800+ FICO). PG required; ~2yr TIB preferred not required; D&B profile helps. Multiple cards same day = SEPARATE hard pull each (no 1-HP-multi). Don't check 'balance transfer' on app (=low limit). myfico.com #6658960 / #6308920 / #6244031,3,PG yes; no tax returns (<$25K),None (business lending; no no-doc advertised),N/M,No-doc card — apply online (Elan),Elan business Visa (Business Card / Company / Community; names not enumerated),NorCal / Sacramento (Butte County),Chico,77,"HIGH issuer=Elan (own footer disclosure + myaccountaccess.com)/online; N/M terms, HP, reports. 2026-05-29",goldenvalley.bank/credit-cards (Elan disclosure); card.myaccountaccess.com; FDIC cert 58278
128,123,First Foundation Bank,Regional,★ Core SoCal,2/4  ✗SUW ✗Onl ✓SoCal ✓Card,N/M,N/M,,E — Elan agent,"Elan platform: ~$3K–$10K start, to ~$20K strong files (~$500 seen at 800+ FICO)  [myFICO #6658960]",N/M,N/M,~14 branches across all 4 SoCal counties (FDIC SOD 2025),N/M,No,✅ 'a number of credit card options'; Visa/Amex serviced at myaccountaccess.com = Elan; MC portal 24-7cardaccess = N/M,"Elan (Visa/Amex; MC program N/M) — NOTE: now operating under Sunflower Bank, N.A. charter (FirstSun merger, in transition)",In-person,Visit branch / contact a banker (no online application),https://www.firstfoundationinc.com,https://www.firstfoundationinc.com/business-banking/business-lending/business-credit-cards,TransUnion (varies EX/EQ),D&B; not personal in good standing,"Elan servicing portal decoded; small-business lending 'up to $350,000'. Merger transition w/ Sunflower/FirstSun — program may consolidate. Light census 2026-06-10.",2,PG yes; no tax returns (<$25K),Small-business lending to $350K (docs N/M),N/M,No-doc card — apply in branch (Elan),Elan business cards (Visa/Amex) + Mastercard program (N/M),SoCal / LA-OC-Riverside-SB (14 branches; TX-HQ'd),"Dallas, TX (CA roots: Irvine)",Reg,MED issuer=Elan (portal)/branch-apply; merger in flux. Light census 2026-06-10,firstfoundationinc.com business-credit-cards + credit-card-login (myaccountaccess=Elan)
129,,Israel Discount Bank of New York (IDB),Regional,★ Core SoCal,1/4  ✗SUW ✗Onl ✓SoCal ✗Card,N/M,N/M,,Commercial-only,—,N/M,N/M,DTLA 888 S Figueroa (→707 Wilshire ~June 2026) + Beverly Hills,N/M,Unknown,⚠️ IDBCARD Visa Commercial (eZBusiness/FIS platform); relationship-based; terms N/M,Unknown (FIS rails; issuer N/M; site blocks fetch),In-person,Visit branch / contact a banker (no online application),https://www.idbny.com,—,N/M,N/M,"Commercial card + secured/unsecured LOCs, relationship-underwritten. Light census 2026-06-10.",0,N/M,None published,Likely Yes (relationship),Commercial / full underwriting,IDBCARD Visa Commercial Card,SoCal / LA (2 offices: DTLA + Beverly Hills; NY-HQ'd),"New York, NY",Reg,MED commercial-only/relationship; N/M everything else. Light census 2026-06-10,idbny.com/business/lending/products; bankbranchlocator.com
130,,HSBC Bank USA,Regional,★ Core SoCal,1/4  ✗SUW ✗Onl ✓SoCal ✗Card,Mixed DPs (DoC 2025-08-07),"Yes — pulls, multiple DPs (DoC EWS list, acc. 2026-06-10)",,Commercial-only,—,N/M,N/M,3 branches LA/OC (FDIC SOD 2025),N/M,—,⚠️ Commercial-only (Corporate World Elite MC / VIP T&E for CMB clients; targets $100M+ revenue); NO small-business cards in US,Self (corporate programs),In-person,Visit branch / contact a banker (no online application),https://www.us.hsbc.com,—,N/M,N/M,No US SMB card (WalletHub 2026). Commercial revolving LOCs for large corporates. Light census 2026-06-10.,0,N/M,None,N/M,Commercial / full underwriting,Corporate World Elite MC; VIP T&E (commercial clients only),SoCal / LA-OC (3 branches; NY-HQ'd),"New York, NY",Reg,HIGH no-SMB-card; commercial-only. Light census 2026-06-10,business.us.hsbc.com credit-and-lending + corporate-cards; wallethub.com 2026; DoC EWS list (pulls EWS)
131,124,First Federal S&L of San Rafael,CA Bank,Other — NorCal,2/4  ✗SUW ✓Onl ✗SoCal ✓Card,N/M,N/M,,E — Elan agent,"Elan platform: ~$3K–$10K start, to ~$20K strong files (~$500 seen at 800+ FICO)  [myFICO #6658960]",$0.22B,$0.18B,CA-only thrift; ~5 Bay Area branches (Marin/SF/Oakland); est 1963,CA-HQ'd,No,✅ Elan biz cards (personal + business referenced); terms N/M; servicing via myaccountaccess.com,Elan,Online,Online — apply at https://ffsavings.com,https://ffsavings.com,—,TransUnion (varies EX/EQ),D&B; not personal in good standing,Elan platform: starts ~$3-10K (to $20K strong files; ~$500 seen even at 800+ FICO). PG required; ~2yr TIB preferred not required; D&B profile helps. Multiple cards same day = SEPARATE hard pull each (no 1-HP-multi). Don't check 'balance transfer' on app (=low limit). myfico.com #6658960 / #6308920 / #6244031 Bank card pages 403 to fetch; issuer=Elan inferred from myaccountaccess.com portal.,3,PG yes; no tax returns (<$25K),None (residential/CRE/multifamily/small-business full-doc thrift),N/M,No-doc card — apply online (Elan),Elan business Visa (names N/M; myaccountaccess.com servicing confirms Elan),NorCal / SF (Marin),San Rafael,103,"MED-HIGH issuer=Elan (myaccountaccess.com tell)/biz-card-referenced; bank pages 403, terms N/M. 2026-05-29","ffsavings.com (home: personal+business cards, myaccountaccess.com); FDIC cert 31406"
132,,East West Bank,CA Bank,★ Core SoCal,1/4  ✗SUW ✗Onl ✓SoCal ✗Card,N/M,N/M,,Commercial-only,—,$82.47B,$69.09B,~70 branches/43 CA cities; SGV + SF Bay heavy,CA-HQ'd,No,⚠️ Commercial only — One Card (corporate); terms N/M; no online apply,Elan,In-person,Visit branch / contact a banker (no online application),https://www.eastwestbank.com,https://www.eastwestbank.com/en/small-mid-size-businesses/disbursements-and-payments#corporate-card,TransUnion (varies EX/EQ),D&B; not personal in good standing,N/M East West-specific; Elan issuer-level only,0,PG yes (Elan); full commercial underwriting,None (commercial LOC/term/SBA 'subject to review'),N/M,Commercial / full underwriting (Elan),East West Bank One Card (corporate T&E/purchasing),SoCal / LA,Pasadena,2,MED-HIGH product/issuer/no-online; LOW terms/HP. 2026-05-28,eastwestbank.com corporate-card page (Elan disclosure); wallethub.com
133,,Oak Valley Community Bank,CA Bank,Other — Central Valley,0/4  ✗SUW ✗Onl ✗SoCal ✗Card,N/M,N/M,,Commercial-only,—,$2.01B,$1.78B,"Central Valley (Modesto, Oakdale, Stockton) + Eastern Sierra division",CA-HQ'd,No,⚠️ TCM white-label; terms N/M; existing-cardholders only,"TCM Bank, N.A.",In-person,Visit branch / contact a banker (no online application),https://www.ovcb.com,https://www.ovcb.com/commercial/loans/credit-cards/,Experian,N/M,TCM: Experian pull (apps + CLIs); conservative; partner bank no underwriting say. myfico.com #6303273,0,N/M (SBA-eligible small-biz cards; personal-credit underwritten),N/M (LOC/equipment/SBA + $25K-$150K loans documentation-based),N/M,Commercial / full underwriting,TCM business suite (Rewards/Cash Rewards/Edition/Company/Purchasing),Central Valley / Eastern Sierra,Oakdale,42,"MED-HIGH issuer (TCM); LOW/N-M terms, apply, HP forum-only, reports. Low no-doc utility. 2026-05-28",ovcb.com/commercial/loans/credit-cards; tcmbank.com/cardholder-services; myfico.com #6303273
134,125,Bank of San Francisco,CA Bank,Other — NorCal,1/4  ✗SUW ✗Onl ✗SoCal ✓Card,N/M,N/M,,E — Elan agent,"Elan platform: ~$3K–$10K start, to ~$20K strong files (~$500 seen at 800+ FICO)  [myFICO #6658960]",$0.77B,N/M,1-2 SF offices (Laurel Village); est 2005. NOTE: call-report assets ~$612M (Q1'25) — FDIC list shows $0.77B; flagged,CA-HQ'd,No,✅ Elan biz cards; terms N/M; no public apply (servicing login only),Elan,In-person,Visit branch / contact a banker (no online application),https://www.bankbsf.com,—,TransUnion (varies EX/EQ),D&B; not personal in good standing,Elan platform: starts ~$3-10K (to $20K strong files; ~$500 seen even at 800+ FICO). PG required; ~2yr TIB preferred not required; D&B profile helps. Multiple cards same day = SEPARATE hard pull each (no 1-HP-multi). Don't check 'balance transfer' on app (=low limit). myfico.com #6658960 / #6308920 / #6244031 No BSF-specific apply page indexed; banker-initiated.,2,PG yes; no tax returns (<$25K),None (CRE/working-capital/equipment/acquisition/SBA full-doc),N/M,No-doc card — apply in branch (Elan),Elan business Visa (names N/M; myaccountaccess.com login confirms Elan),NorCal / SF,San Francisco,72,HIGH issuer=Elan (myaccountaccess.com login tell); no public apply/terms; asset figure flagged. 2026-05-29,"bankbsf.com (business, login→myaccountaccess.com=Elan); FDIC cert 58069"
135,,The Northern Trust Company,Regional,National (lends in CA),0/4  ✗SUW ✗Onl ✗SoCal ✗Card,N/M,N/M,,Commercial-only,—,N/M,N/M,3 LA/OC offices (FDIC SOD 2025); wealth/custody,N/M,No,⚠️ Private-bank clients only — Elan-issued (myFICO 2015-10-09: 'offered... by Elan Financial Services'); ~$2M relationship cited,Elan (private-bank wrapper),In-person,Visit branch / contact a banker (no online application),https://www.northerntrust.com,—,TransUnion (varies EX/EQ),D&B; not personal in good standing,"$2M+ relationship gate (myFICO 2015 DP, dated). NO-GO for no-doc play. Light census 2026-06-10.",0,N/M,None,YES — wealth relationship,Commercial / full underwriting (Elan),"NT-branded Visa Signature etc. (Elan, clients only)",National — LA/OC private-bank offices (no retail),"Chicago, IL",Reg,MED-HIGH Elan/client-gate (dated DP). Light census 2026-06-10,northerntrust.com; ficoforums.myfico.com td-p/4269915 (2015-10-09)
136,126,First Western Trust Bank,Regional,"Other — Mountain West — Denver (LA office = wealth-only, NO banking)",1/4  ✗SUW ✗Onl ✗SoCal ✓Card,N/M (HNW manual onboarding; no DPs),N/M,EQ #4 (mentor — uncorroborated; Elan agent + $250K gate = NO-GO),E — Elan agent,"Elan platform: ~$3K–$10K start, to ~$20K strong files (~$500 seen at 800+ FICO)  [myFICO #6658960]",$3.24B,$2.85B,15 offices CO/AZ/WY/MT + 1 CA (Century City — 'Trust and Wealth Management only. No banking services.'; FDIC SOD: $0 deposits),N/M,No,⚠️ Elan card via Treasury Mgmt; $250K private-bank deposit gate; terms N/M (Elan storefront 404s),Elan,In-person,Visit branch / contact a banker (no online application),https://myfw.com,—,N/M (mentor 'EQ' uncorroborated — zero public DPs; Elan regional logic governs),D&B; not personal in good standing,Elan portal evidence: myaccountaccess.com theme=elan1 loc=17029. 'Become a client' = $250K deposit (myfw.com verbatim). ENTITY TRAP: 'First Western Bank & Trust' (Minot ND) is a DIFFERENT Elan bank.,2,PG yes; no tax returns (<$25K),None (RM-mediated commercial; opposite of no-doc),YES — $250K private-bank relationship gate,NO-GO: Elan + $250K private-bank gate (Elan),First Western Credit Card (Elan); 'One Card' commercial program,"Mountain West — Denver (LA office = wealth-only, NO banking)","Denver, CO",Reg,HIGH Elan (portal tells) + $250K gate + CA-wealth-only (all verbatim 2026-06-09). NO-GO for SoCal no-doc. 2026-06-09,myfw.com/login (myaccountaccess theme=elan1) + /become-a-new-client ($250K) + /locations/century-city; api.fdic.gov SOD cert 57607 ($0 CA deposits)
137,,Pacific Premier Bank,Regional,★ Core SoCal,1/4  ✗SUW ✗Onl ✓SoCal ✗Card,N/M,N/M,,No card,—,~$70B (Columbia combined),—,"HQ Irvine (OC); acquired by Columbia Banking System (closed Aug 31 2025), ~$70B combined; PPB brand retired",N/M,—,⚠️ DEFUNCT — brand retired Aug 2025 (acquired by Columbia Banking); legacy cards FNBO-issued; successor = Columbia Bank (Elan),(legacy FNBO; now Columbia / Elan),No,— (no business card),https://www.columbiabank.com/ppbi,—,N/M,N/M,Brand retired; customers migrated to Columbia Bank (Elan cards).,0,N/M,None,N/M,Not a card source,(legacy FNBO Business Edition Visa — now Columbia/Elan),SoCal / Orange County (Irvine) — DEFUNCT,"Irvine, CA",Reg,HIGH defunct (brand retired Aug 2025). Legacy=FNBO; successor=Columbia (Elan). Not a current target. 2026-05-28,"columbiabank.com/ppbi (transition); card.fnbo.com/mpp/fi/ppb/business/pb-visa (legacy, 404); prnewswire (merger close)"
138,,SchoolsFirst Federal Credit Union,Credit Union,★ Core SoCal,1/4  ✗SUW ✗Onl ✓SoCal ✗Card,N/M,N/M,,No card,—,~$31.9B,—,HQ Tustin (Orange County); educators-only FOM; ~70 branches; largest US educator CU,CA-HQ'd,—,❌ No business card (educator-only CU; consumer cards + no business banking),None,No,— (no business card),https://www.schoolsfirstfcu.org/products/credit-cards-personal-loans/credit-cards/,—,N/M,N/M,N/M (no business card),0,N/M,None (consumer-only; no business lending),Membership = CA educators only (closed FOM; no open path),Not a card source,None (consumer cards only),SoCal / Orange County (Tustin/Santa Ana),"Tustin, CA",CU,HIGH no-business-card (educator consumer-only). 2026-05-28,schoolsfirstfcu.org/products/credit-cards + eligibility; en.wikipedia.org
139,,HomeStreet Bank,Regional,Other — West Coast — SoCal + WA,0/4  ✗SUW ✗Onl ✗SoCal ✗Card,N/M,N/M,,No card,—,~$23B (combined),—,HomeStreet merged into Mechanics Bank Sept 2025; ex-HomeStreet had SoCal + WA/OR/HI branches; combined ~$22-23B,N/M,—,⚠️ MERGED into Mechanics Bank (Sept 2025); cards = Elan Smart Business Rewards (see Mechanics Bank row),Elan (now Mechanics Bank),No,— (no business card),https://www.mymechanics.com/business/loans-credit/business-credit-cards/,—,N/M,N/M,HomeStreet merged into Mechanics Bank; Elan-issued (duplicate of Mechanics).,0,N/M,None,N/M,Not a card source (Elan),Smart Business Rewards (Elan; now Mechanics-branded — see rank for Mechanics Bank),West Coast — SoCal + WA/OR/HI (now Mechanics Bank),"Seattle, WA (now Walnut Creek / Mechanics Bank)",Reg,HIGH merged into Mechanics Bank (Elan). Duplicate of Mechanics row. 2026-05-28,mymechanics.com business credit cards (Elan disclosure); homestreet.com (redirects to mechanicsbank); ir.mechanicsbank.com (merger)
140,,Golden 1 Credit Union,Credit Union,Other — NorCal,0/4  ✗SUW ✗Onl ✗SoCal ✗Card,N/M,N/M,,No card,—,~$21.08B (2nd-largest CA credit union),—,CA-only; ~63-70 branches; open to all Californians,CA-HQ'd,—,❌ No business card (business services = deposit-only; personal cards prohibit business use),None (self-issues personal cards only),No,— (no business card),https://www.golden1.com/business-services,—,N/M,N/M,N/M (no business card),0,N/M,None (business = deposit accounts + digital banking only),"Membership required (open to all CA residents, $1)",Not a card source,None (business = deposit accounts + digital banking only),NorCal / Sacramento (CA-statewide CU),"Sacramento, CA",CU,HIGH no-business-card (own pages + consumer agreement bars business use). 2026-05-28,golden1.com/business-services; CFPB Platinum Secured agreement (self; bars business use); wallethub.com
141,,"Bank of America California, N.A.",CA Bank,Other — NorCal,0/4  ✗SUW ✗Onl ✗SoCal ✗Card,N/M,N/M,,No card,—,$15.13B,$12.64B,Single office 555 California St; no branch network; no trust powers,CA-HQ'd,—,❌ No card (subsidiary shell; parent BofA issues),None (parent self-issues),No,— (no business card),https://www.bankofamerica.com,—,N/M,N/M,"N/M (all BofA card chatter = parent, not cert 25178)",0,N/M,N/M (mortgage/community-development vehicle),N/M,Not a card source,"None (parent 'Bank of America, N.A.' issues Business Advantage cards)",NorCal / SF,San Francisco,9,"HIGH no-card. Real BofA biz cards = parent (national issuer, capture separately). 2026-05-28",FDIC cert 25178; CFPB (no agreement); investor.bankofamerica.com
142,,Star One Credit Union,Credit Union,Other — NorCal,0/4  ✗SUW ✗Onl ✗SoCal ✗Card,N/M,N/M,,No card,—,~$9.5B,—,HQ Sunnyvale; consumer-only; sole-prop deposits only; ~10 Bay Area branches,CA-HQ'd,—,"❌ No business card (consumer-only; sole-prop deposits only, no corp/LLC accounts)",None (self-issues consumer cards),No,— (no business card),https://www.starone.org/borrow/credit-cards,—,N/M,N/M,N/M (no business card),0,N/M,None (consumer-only; no business lending),Membership required (9 NorCal counties + SEGs; no open path),Not a card source,None (consumer Visa only),NorCal / Silicon Valley (Sunnyvale),"Sunnyvale, CA",CU,HIGH no-business-card (consumer-only; excludes corp/LLC). 2026-05-28,starone.org/borrow/credit-cards + who-can-join + sole-prop membership
143,,"First American Trust, FSB",CA Bank,★ Core SoCal,1/4  ✗SUW ✗Onl ✓SoCal ✗Card,N/M,N/M,,No card,—,$8.32B,$7.80B,Santa Ana HQ (sole CA); trust/escrow/wealth; 10 branches nationwide,CA-HQ'd,—,❌ No card (trust/escrow bank),None,No,— (no business card),https://www.firstamtrust.com,—,N/M,N/M,N/M,0,N/M,"None ('does not originate any real estate, commercial, or personal loans')",N/M (deposits restricted to title/escrow/wealth),Not a card source,None,SoCal / Orange County,Santa Ana,12,HIGH no-card (own 'no loans' statement). 2026-05-28,firstamtrust.com/about-us + /banking-services; FDIC cert 26312
144,,"Mizrahi Tefahot Bank, Ltd. (UMTB USA)",CA Bank,★ Core SoCal,1/4  ✗SUW ✗Onl ✓SoCal ✗Card,N/M,N/M,,No card,—,$6.84B,$4.38B,Single LA office; insured US branch of Israeli bank; wholesale/commercial,CA-HQ'd,—,❌ No card (foreign-bank US branch),None,No,— (no business card),https://www.umtbusa.com,—,N/M,N/M,N/M,0,N/M (commercial loans full underwriting),None (venture debt/LOC/term fully underwritten),N/M (commercial-only deposits),Not a card source,"None (Venture Debt, LOC, Term, Bridge, Construction + commercial deposits)",SoCal / LA,Los Angeles,17,HIGH no-card (wholesale foreign-bank branch). 2026-05-28,umtbusa.com; dfpi.ca.gov; FDIC cert 33661
145,,Mission Federal Credit Union (Mission Fed),Credit Union,★ Core SoCal,1/4  ✗SUW ✗Onl ✓SoCal ✗Card,N/M,N/M,,No card,—,~$6.5B,—,HQ San Diego; ~$6.5B; ~34 branches (all San Diego County); 300K+ members,CA-HQ'd,—,❌ No BUSINESS card (consumer Mastercards only; business = deposits only),Self (consumer cards; no business card),No,— (no business card),https://www.missionfed.com/credit-card-benefits/,—,N/M,N/M,"Consumer-only: Preferred Platinum (0% 12mo purch+BT, 11.99-17.99%), Preferred Platinum Rewards, Premier World. No business card; no business loans/LOC marketed.",0,N/M (no business card),None (business = checking + savings only; no business card/LOC),Membership required (single-county: live/work/worship/school in San Diego County + family; NO nationwide path),Not a card source,Consumer Mastercards only (Preferred Platinum / Rewards / Premier World),SoCal / San Diego,San Diego,CU,"HIGH no business card (consumer-only; business=deposits). Single-county FOM, no open path. 2026-05-29",missionfed.com/credit-card-benefits + /business + /checking-spending/business-checking; /membership
146,,Wescom Credit Union,Credit Union,★ Core SoCal,1/4  ✗SUW ✗Onl ✓SoCal ✗Card,N/M,N/M,,No card,—,~$6.3B,—,HQ Pasadena; consumer-only; SoCal + Central Coast; ~30 branches,CA-HQ'd,—,❌ No business card (consumer-only CU; no business banking/lending),None (self-issues consumer cards),No,— (no business card),https://www.wescom.org/cards/credit-cards,—,N/M,N/M,N/M (no business card),0,N/M,None (consumer-only; no business lending),Membership required (SoCal + Central Coast; no open nationwide path),Not a card source,None (consumer Visa only),SoCal / Los Angeles (Pasadena),"Pasadena, CA",CU,HIGH no-business-card (consumer-only CU). 2026-05-28,wescom.org/cards + /loans (consumer-only); en.wikipedia.org
147,,River City Bank,CA Bank,Other — NorCal,0/4  ✗SUW ✗Onl ✗SoCal ✗Card,N/M,N/M,,No card,—,$6.05B,$5.39B,"Sacramento metro (Citrus Heights, Davis, Elk Grove, Granite Bay, Placerville, Woodland)",CA-HQ'd,—,⚠️ No consumer card (debit + commercial lending only),None (Sacramento entity),No,— (no business card),https://rivercitybank.com,—,N/M,N/M,N/M,0,N/M (commercial loans full underwriting),"None (Revolving/Non-Revolving LOC, Term, LCs, CRE - full-doc)",N/M,Not a card source,Business Debit Mastercard only ('Business Credit Card' is an unlinked heading),NorCal / Sacramento,Sacramento,18,HIGH no-consumer-card. NOT rivercity.bank GA (ServisFirst cards) nor rivercitybankky.com. 2026-05-28,rivercitybank.com home + /commercial-lending + /business-debit-card
148,,Heritage Bank of Commerce,Regional,Other — NorCal,0/4  ✗SUW ✗Onl ✗SoCal ✗Card,N/M,N/M,,No card,—,~$5.6B (pre-merger),—,HQ San Jose; merged into Citizens Business Bank Apr 17 2026; Bay Area business bank,N/M,—,⚠️ MERGED into Citizens Business Bank (Apr 2026); no standalone card; successor card = Elan (see Citizens Business Bank row),"(merged -> Citizens Business Bank, Elan)",No,— (no business card),https://heritagebankofcommerce.bank/,—,N/M,N/M,Merged into Citizens Business Bank (CVB Financial) Apr 17 2026.,0,N/M,None,N/M,Not a card source,"None standalone (now Citizens Business Bank, Elan)",NorCal / Silicon Valley (San Jose) — now Citizens Business Bank,"San Jose, CA",Reg,HIGH merged into Citizens Business Bank (Elan). No standalone card. 2026-05-28,heritagebankofcommerce.bank (now Citizens); cbbank.com/business-cards (Elan); SEC 10-K; CVB merger PR
149,,CTBC Bank Corp. (USA),CA Bank,★ Core SoCal,1/4  ✗SUW ✗Onl ✓SoCal ✗Card,N/M,N/M,,No card,—,$5.37B,$4.55B,"17 of 20 branches in CA; LA, SF, Irvine, Cupertino, SGV; CTBC Taiwan subsidiary",CA-HQ'd,—,❌ No BUSINESS card (consumer-only via TCM),None for business (TCM issues its consumer cards),No,— (no business card),https://www.ctbcbankusa.com,—,N/M,N/M,N/M (no business card),0,N/M,None (SBA/ABL/equipment/trade/CRE full-doc),N/M,Not a card source,3 CONSUMER Visa cards (TCM); no business card,SoCal / LA,Los Angeles,22,HIGH no-business-card + TCM consumer issuer. 2026-05-28,ctbcbankusa.com/Consumer-Credit-Cards + /Commercial-Banking; tcmbank.com
150,,Technology Credit Union (Tech CU),Credit Union,Other — NorCal,0/4  ✗SUW ✗Onl ✗SoCal ✗Card,N/M,N/M,,No card,—,~$4.8B,—,9 Bay Area branches + TX/ID; 15 CA counties FOM,CA-HQ'd,—,❌ No business card (business = LOC / term / SBA only),None (self-issues personal cards),No,— (no business card),https://www.techcu.com/Business,—,N/M (Experian for personal),N/M,N/M (no business card),0,N/M,"Working Capital LOC / Term / SBA = underwritten, not no-doc",Membership required (15 CA counties + tech employers + family),Not a card source,None (business = LOC/term/SBA; consumer Visa only),NorCal / Silicon Valley,"San Jose, CA",CU,HIGH no-business-card (sitemap + business pages confirm). 2026-05-28,techcu.com/Business + /Small-Business-and-Commercial-Banking + /Sitemap; en.wikipedia.org
151,,Commercial Bank of California,CA Bank,★ Core SoCal,1/4  ✗SUW ✗Onl ✓SoCal ✗Card,N/M,N/M,,No card,—,$3.90B,$3.39B,"~6 offices Orange County + Greater LA (Irvine, Costa Mesa, Anaheim, Santa Monica, LA)",CA-HQ'd,—,"❌ No card (merchant acquirer, not issuer)","None (card acceptance, not issuance)",No,— (no business card),https://cbcal.com,—,N/M,N/M,N/M,0,N/M,"None (working-capital/ABL LOC, term, SBA PLP, USDA, equipment - underwritten)",N/M,Not a card source,None (merchant acquiring/processing only),SoCal / Orange County,Irvine,29,HIGH no-card. Not Banc of California nor California Bank of Commerce. 2026-05-28,cbcal.com/business-lending + /payment-processing + /locations; FDIC cert 57417
152,,Credit Union of Southern California (CU SoCal),Credit Union,★ Core SoCal,1/4  ✗SUW ✗Onl ✓SoCal ✗Card,N/M,N/M,,No card,—,~$3.7B,—,HQ Anaheim (OC); ~$3.7B; ~25 SoCal branches + Lake Havasu AZ; est 1954,CA-HQ'd,—,❌ No BUSINESS card (consumer Visa only; 'may not be used for business purposes'); SELF-issued,Self (consumer cards; no business card),No,— (no business card),https://www.cusocal.org/cards/credit-card/,—,N/M,N/M (consumer cards report to personal bureaus),"Consumer-only: Platinum Rewards, Topaz (0% 9mo on BT only), Share Secured. No business card.",0,N/M (no business card),None (business banking = deposits + business loans; no business card),Membership required (LA/OC/IE + Lake Havasu AZ + 500 SEGs; OPEN nationwide via complimentary nonprofit association),Not a card source,"Consumer Visa only (Platinum Rewards, Topaz, Share Secured) — explicitly NOT for business use",SoCal / LA-OC-Inland Empire,Anaheim,CU,HIGH no business card (cards explicitly consumer-only). Easy nationwide membership path noted. 2026-05-29,"cusocal.org/cards/credit-card + cardholder agreement (consumer-only, self-issued); /business-banking (no card)"
153,,California Coast Credit Union,Credit Union,★ Core SoCal,1/4  ✗SUW ✗Onl ✓SoCal ✗Card,N/M,N/M,,No card,—,~$3.36B,—,7 SoCal counties; ~26 branches,CA-HQ'd,—,❌ No business card (consumer cards only; business = loans via NewtekOne),None (no business card),No,— (no business card),https://www.calcoastcu.org/business-home-page/business-services/,—,N/M,N/M,N/M (no business card),0,N/M,"Business loans via NewtekOne ($50K-$15M, LOC <=$5M) — full-doc, not no-doc","Membership required (7 SoCal counties, $5)",Not a card source,None (business = NewtekOne loans; consumer cards only),SoCal / San Diego (7-county FOM),"San Diego, CA",CU,HIGH no-business-card (3 product pages confirm). 2026-05-28,calcoastcu.org/business-services + /loans/business-loans + /credit-cards; en.wikipedia.org
154,,"El Dorado Savings Bank, F.S.B.",CA Bank,Other — NorCal,0/4  ✗SUW ✗Onl ✗SoCal ✗Card,N/M,N/M,,No card,—,$2.47B,$2.13B,31 CA branches Greater Sacramento + Sierra/Eastern Sierra,CA-HQ'd,—,❌ No card (thrift; debit only),None,No,— (no business card),https://www.eldoradosavingsbank.com,—,N/M,N/M,N/M,0,N/M,"None (lending is exclusively residential: Home Loans, Refi, HELOC)",N/M,Not a card source,Business Visa DEBIT only,NorCal / Sacramento (foothills),Placerville,39,HIGH no-card (thrift; residential-only lending). 2026-05-28,eldoradosavingsbank.com/Business + /Lending; branchspot.com
155,,Self-Help Federal Credit Union,Credit Union,★ Core SoCal,1/4  ✗SUW ✗Onl ✓SoCal ✗Card,N/M,N/M,,No card,—,~$2.41B,—,2 LA-County branches,CA-HQ'd,—,"❌ No business credit card (CDFI lender: secured term loans 2+yr operating, SBA 7(a)/504, micro-loans; CA deals $500K+)",None,No,— (no business card),https://www.self-helpfcu.org,—,N/M,N/M,CA small-biz <$500K not served (NC/Chicago only). Light census 2026-06-10.,0,N/M,None,Membership open: $5 Center for Community Self-Help path,Not a card source,None (commercial term/SBA),SoCal / LA (2 branches: LA + Wilmington),"Modesto, CA",CU,HIGH no-card. Light census 2026-06-10,self-helpfcu.org/business + join-our-credit-union
156,,Financial Partners Credit Union,Credit Union,★ Core SoCal,1/4  ✗SUW ✗Onl ✓SoCal ✗Card,N/M,N/M,,No card,—,~$2.4B,—,HQ Downey (LA County); ~$2.3-2.5B; ~7 branches; LA/OC + Bay Area; Boeing-legacy SEGs,CA-HQ'd,—,❌ No BUSINESS card (consumer Visa only; business = deposit accounts only),Self (consumer cards; no business card),No,— (no business card),https://fpcu.org/loans-credit/credit-cards,—,N/M,N/M,"Consumer-only (Visa Platinum Rewards 0% 12mo purch+BT, 12.74-30.49%, $0 AF; Platinum; Savings Secured). No business card.",0,N/M,None (business = checking/savings only),Membership required (LA/Orange/San Diego/Riverside counties + S.SF/Alameda + ~700 SEGs + family + AARP; OPEN nationwide via American Consumer Council),Not a card source,"Consumer Visa only (Platinum Rewards, Platinum, Savings Secured)",SoCal / LA,Downey,CU,HIGH no business card (personal Visa only; business=deposits). ACC nationwide path noted. 2026-05-29,fpcu.org/loans-credit/credit-cards + /checking-savings/business-accounts; depositaccounts.com
157,,Arrowhead Credit Union,Credit Union,★ Core SoCal,1/4  ✗SUW ✗Onl ✓SoCal ✗Card,N/M,N/M,,No card,—,~$2.31B,—,HQ Rancho Cucamonga (IE); ~$2.3B; ~20 branches; core FOM San Bernardino + Riverside,CA-HQ'd,—,❌ No BUSINESS card (consumer Visa only; business = loans/SBA/CRE),Self (consumer cards; no business card),No,— (no business card),https://www.arrowheadcu.org/arrowhead-visa,—,N/M (free Experian/FICO score to cardholders),N/M,Consumer-only Visa (no 0% intro; 13.49-17.25%; $0 AF; $0 BT/CA fees). No business card.,0,N/M,None (business = SBA/CRE up to ~$5M/equipment/investment-property full-doc),"Membership required (Riverside + San Bernardino counties, 17 S-LA-County cities, AZ/NV areas + family; association path via Surfrider/Community Impact Fund — Arrowhead pays fee)",Not a card source,"Consumer Visa only (Arrowhead Visa, Share-Secured Visa)",SoCal / Inland Empire,Rancho Cucamonga,CU,HIGH no business card (consumer-only; business=loans). Association membership path noted. 2026-05-29,arrowheadcu.org/arrowhead-visa + /loans/business + /eligibility (Surfrider/CIF path)
158,,F&A Federal Credit Union,Credit Union,★ Core SoCal,1/4  ✗SUW ✗Onl ✓SoCal ✗Card,N/M,N/M,,No card,—,~$2.3B,—,2 LA branches,CA-HQ'd,—,❌ No business products (consumer Visa $500–$25K only),None for business,No,— (no business card),https://www.fafcu.org,—,N/M,N/M,Fire/county FOM; LA County Fire Museum = de-facto join path. Light census 2026-06-10.,0,N/M,None,Membership: LA Co Fire + city employees + family,Not a card source,None for business,SoCal / LA (Monterey Park + Whittier),"Monterey Park, CA",CU,HIGH no-biz. Light census 2026-06-10,fafcu.org/join + /spend-and-save
159,,LBS Financial Credit Union,Credit Union,★ Core SoCal,1/4  ✗SUW ✗Onl ✓SoCal ✗Card,N/M,N/M,,No card,—,~$2.1B,—,8 branches greater Long Beach,CA-HQ'd,—,❌ No business products at all (consumer Platinum Rewards Visa only) — the Long Beach gap CONFIRMED empty,None for business,No,— (no business card),https://www.lbsfcu.org,—,N/M (reports to all 3; pull N/M),N/M,Checked for Long Beach opportunities: nothing business-side. Light census 2026-06-10.,0,N/M,None,Membership: 4 counties + ~51 LA cities; FFA $8 open path,No business products — Long Beach gap confirmed empty,None for business,SoCal / LA-Long Beach (8 branches),"Long Beach, CA",CU,HIGH no-biz-products. Light census 2026-06-10,lbsfcu.org/accounts + /member
160,,US Metro Bank,CA Bank,★ Core SoCal,1/4  ✗SUW ✗Onl ✓SoCal ✗Card,N/M,N/M,,No card,—,$1.56B,$1.36B,"Garden Grove HQ; Anaheim, LA x3, Buena Park, Torrance; Korean-American",CA-HQ'd,—,❌ No card (debit only),None,No,— (no business card),https://www.usmetrobank.com,—,N/M,N/M,N/M,0,N/M,Business LOC + Term Loans 'simple documentation' (no stated no-tax-return policy); SBA PLP full-doc,N/M,Not a card source,MasterCard DEBIT only (no credit card; no CFPB agreement),SoCal / Orange County,Garden Grove,48,"HIGH no-card (own nav, no CFPB agreement). 2026-05-28",usmetrobank.com/banking-services + /business-loans; consumerfinance.gov (no agreement)
161,,Frontwave Credit Union,Credit Union,★ Core SoCal,1/4  ✗SUW ✗Onl ✓SoCal ✗Card,N/M,N/M,,No card,—,~$1.5B,—,HQ Oceanside; ~$1.5B (post Community Valley Bank acq 2025); ~13 branches; North County SD + IE; ex-Pacific Marine CU,CA-HQ'd,—,❌ No BUSINESS card (consumer Visa only; business = loans/LOC),Self (consumer cards; no business card),No,— (no business card),https://www.frontwavecu.com,—,N/M,N/M,Consumer-only Visa (Classic/Platinum/Signature Rewards/Secured). No business credit card found.,0,N/M,"Unsecured Business LOC $5K-$250K (collateral-free, but NOT no-doc) + secured BLOC/equipment/CRE","Membership required (San Diego/Riverside/San Bernardino[/Imperial] counties + family; military/community; NO nationwide path; business acct in-person, $1,500 min)",Not a card source,Consumer Visa only; business = loans/LOC (incl. unsecured BLOC $5K-$250K),SoCal / San Diego (+ Inland Empire),Oceanside,CU,MED-HIGH no business CARD (consumer-only; site PDFs Cloudflare-blocked); unsecured BLOC $5K-$250K noted. 2026-05-29,frontwavecu.com/business-banking + /Business/Borrow/Business-Line-of-Credit; en.wikipedia.org
162,,Malaga Bank F.S.B.,CA Bank,★ Core SoCal,1/4  ✗SUW ✗Onl ✓SoCal ✗Card,N/M,N/M,,No card,—,$1.44B,$0.94B,South Bay Los Angeles since 1985,CA-HQ'd,—,❌ No card (CRE thrift; debit only),None,No,— (no business card),https://www.malagabank.com,—,N/M,N/M,N/M,0,N/M,Secured lending $10K-$2M+ (working capital/equipment/CRE); doc reqs undisclosed; no-doc not advertised,N/M,Not a card source,Business Visa DEBIT only,SoCal / LA (South Bay),Palos Verdes Peninsula,49,"HIGH no-card (CRE thrift, debit-only). 2026-05-28",malagabank.com/business-banking-services + /business-loans
163,,"The Bank of New York Mellon Trust Company, N.A.",CA Bank,★ Core SoCal,1/4  ✗SUW ✗Onl ✓SoCal ✗Card,N/M,N/M,,No card,—,$1.39B,N/M,"HQ 333 S Hope St, LA; OCC-chartered trust/custody bank; trust offices, not retail branches",CA-HQ'd,—,❌ No card (corporate trust/custody charter; no public lending),None,No,— (no business card),https://www.bnymellon.com,—,N/M,N/M,"N/M (fiduciary/securitization-trustee entity, not a card issuer)",0,N/M,None (no public-facing lending of any kind),N/M,Not a card source,None (corporate trust / custody / indenture-trustee services),SoCal / LA,Los Angeles,52,HIGH no-card (limited-purpose trust charter; LA HQ). 2026-05-29,FDIC cert 23472; ffiec.gov NPW profile 398668; bankbranchlocator.com (LA office)
164,,Column National Association,CA Bank,Other — NorCal,0/4  ✗SUW ✗Onl ✗SoCal ✗Card,N/M,N/M,,No card,—,$1.39B,N/M,HQ Chico; nationally-chartered BaaS bank (founded 2021 by Plaid co-founder); no retail branches,CA-HQ'd,—,"❌ No card (BaaS sponsor bank; serves fintechs, not end-businesses)",None (sponsors fintech card programs; not a direct issuer to businesses),No,— (no business card),https://column.com,—,N/M,N/M,N/M (developer-infrastructure / banking-as-a-service),0,N/M,None direct (provides lending/issuing rails to fintech partners e.g. Mercury/Brex/Ramp — those are partner products),N/M,Not a card source,"None to end-businesses (BaaS rails: accounts, ACH/wire/FedNow, card-issuing infrastructure for fintechs)",NorCal / Sacramento (Chico),Chico,53,HIGH no direct-to-business card (BaaS sponsor model). 2026-05-29,column.com; FDIC cert 58224; sacra.com/c/column; bankingembedded.com
165,,Bank of the Orient,CA Bank,Other — NorCal,0/4  ✗SUW ✗Onl ✗SoCal ✗Card,N/M,N/M,,No card,—,$1.16B,N/M,~6 CA branches (NorCal); SF HQ + Xiamen China; Asian-American/trade focus,CA-HQ'd,—,❌ No card (debit + commercial lending only),None,No,— (no business card),https://www.bankorient.com,—,N/M,N/M,N/M,0,N/M,None (term/LOC/SBA conventional underwriting),N/M,Not a card source,None (debit cards + commercial lending only),NorCal / SF,San Francisco,57,HIGH no-card (own site nav; debit only). 2026-05-29,"bankorient.com (site nav, Business Solutions, Debit Cards); dfpi.ca.gov"
166,,Water and Power Community Credit Union,Credit Union,★ Core SoCal,1/4  ✗SUW ✗Onl ✓SoCal ✗Card,Reports overdrawn accts to Chex (own FAQ 2026-06-10); screening N/M,N/M,,No card,—,~$1.1B,—,3 LA branches,CA-HQ'd,—,❌ No business products (consumer Mastercard only),None for business,No,— (no business card),https://www.wpccu.org,—,N/M,N/M,Chex: REPORTS overdrawn accounts (own FAQ); screening N/M. Light census 2026-06-10.,0,N/M,None,Membership OPEN: LA County community charter (live/work/worship/school),Not a card source,None for business,SoCal / LA (Sunset HQ + Westchester + Granada Hills),"Los Angeles, CA",CU,HIGH no-biz. Light census 2026-06-10,wpccu.org services + courtesy-pay FAQ + LA-county expansion blog
167,,Pacific Coast Bankers' Bank (PCBB),CA Bank,Other — NorCal,0/4  ✗SUW ✗Onl ✗SoCal ✗Card,N/M,N/M,,No card,—,$1.08B,N/M,Bankers'-bank (wholesale 'bank for banks'); national FI clientele; no retail/business channel,CA-HQ'd,—,"❌ No card (bankers' bank — serves financial institutions, not businesses)",None,No,— (no business card),https://www.pcbb.com,—,N/M,N/M,N/M ('will never compete for your customers'),0,N/M,"None (correspondent/inter-bank services only: loan hedging, participations, cash mgmt)",N/M,Not a card source,"None (advisory, international banking, cash management, lending services — all inter-bank)",NorCal / SF-East Bay,Walnut Creek,60,HIGH no-card (bankers'-bank model; no public card product at all). 2026-05-29,pcbb.com/products; pcbb.com/company; FDIC cert 34252
168,,OneUnited Bank,Regional,★ Core SoCal,1/4  ✗SUW ✗Onl ✓SoCal ✗Card,Yes — own pages confirm; U2 second-chance available (2026-06-10),N/M,,No card,—,N/M,N/M,2 LA branches: 3683 Crenshaw Blvd + 1495 N Wilmington Ave,N/M,—,❌ No business card (consumer UNITY Visa secured only; small-biz lending referred to Lendistry),None for business,No,— (no business card),https://www.oneunited.com,—,N/M,N/M,Biz accounts branch-only. Chex: YES + U2 second-chance account. Light census 2026-06-10.,0,N/M,None (Lendistry referral),N/M,Not a card source,None for business (consumer UNITY secured Visa),SoCal / LA (Crenshaw + Compton; MA-HQ'd; Black-owned),"Boston, MA",Reg,HIGH no-biz-card. Light census 2026-06-10,oneunited.com/business-banking; community.oneunited.com; unchex.com
169,,"ICBC USA, N.A.",Regional,★ Core SoCal,1/4  ✗SUW ✗Onl ✓SoCal ✗Card,N/M,N/M,,No card,—,N/M,N/M,"Alhambra, San Gabriel, Hacienda Heights, Temple City, Torrance",N/M,—,❌ No business card (4 consumer UnionPay/Visa cards only; deposit relationship required),None for business,No,— (no business card),https://www.icbc-us.com,—,N/M,N/M,Cards via email/branch. Commercial loans listed; LOC unspecified. Light census 2026-06-10.,0,N/M,None published,N/M,Not a card source,None for business (consumer cards only),SoCal / LA (5 branches; NY-HQ'd),"New York, NY",Reg,HIGH no-biz-card. Light census 2026-06-10,icbc-us.com credit-card pages; doctorofcredit.com 2016 review
170,,American First National Bank,Regional,★ Core SoCal,1/4  ✗SUW ✗Onl ✓SoCal ✗Card,N/M,N/M,,No card,—,N/M,N/M,"City of Industry, Alhambra, Arcadia",N/M,—,❌ No business card (debit only),None,No,— (no business card),https://www.afnb.com,—,N/M,N/M,"Commercial LOCs (working capital + LC) — amounts N/M, phone-driven. Light census 2026-06-10.",0,N/M,None published,N/M,Not a card source,None (commercial LOC only),SoCal / LA (3 branches; TX-HQ'd; Asian-American),"Houston, TX",Reg,HIGH no-card. Light census 2026-06-10,afnb.com/products/commercial/commercial-loans + /locations
171,,"Golden Bank, N.A.",Regional,★ Core SoCal,1/4  ✗SUW ✗Onl ✓SoCal ✗Card,N/M,N/M,,No card,—,N/M,N/M,3 branches + 1 LPO,N/M,—,❌ No business card found,None,No,— (no business card),https://www.goldenbank-na.com,—,N/M,N/M,"Revolving working-capital LOC (amounts N/M); SBA PLP, in-house approval. Light census 2026-06-10.",0,N/M,None published,N/M,Not a card source,None (LOC + SBA),"SoCal / LA-OC (Tustin, Alhambra, Rowland Heights + Irvine LPO; TX-HQ'd; Taiwanese-American)","Houston, TX",Reg,HIGH no-card. Light census 2026-06-10,goldenbank-na.com/lending/commerical/business-loans + locations
172,,Southwestern National Bank,Regional,★ Core SoCal,1/4  ✗SUW ✗Onl ✓SoCal ✗Card,N/M,N/M,,No card,—,N/M,N/M,3530 Wilshire Blvd + 2951 W Ball Rd Anaheim,N/M,—,❌ No business credit card (Business VISA DEBIT only). NOT 'Southwest National Bank' Wichita KS,None,No,— (no business card),https://www.swnbk.com,—,N/M,N/M,"BLOC page exists (amounts N/M, phone-driven). Light census 2026-06-10.",0,N/M,None published,N/M,Not a card source,None (debit only),SoCal / LA-OC (Wilshire LA + Anaheim; TX-HQ'd; Asian-American),"Houston, TX",Reg,HIGH no-card. Light census 2026-06-10,swnbk.com/Loans/Business-Line-of-Credit + /About-Us/Locations
173,,First IC Bank,Regional,★ Core SoCal,1/4  ✗SUW ✗Onl ✓SoCal ✗Card,N/M,N/M,,No card,—,N/M,N/M,1 LA branch (10 total CA/GA/NJ/NY/TX/WA),N/M,—,❌ No business card advertised ('Card Hub' = management only). MetroCity acquisition pending (~Q4 2025 close) — recheck post-merger,None found,No,— (no business card),https://www.firsticbank.com,—,N/M,N/M,SBA/commercial lending; LOC unspecified. Light census 2026-06-10.,0,N/M,None published,N/M,Not a card source,None advertised,SoCal / LA (1 branch; GA-HQ'd; Korean-American),"Doraville, GA",Reg,MED no-card (archived nav; merger in flux). Light census 2026-06-10,firsticbank.com (Wayback 2025-12-21); americanbanker.com (MetroCity deal)
174,,"Wilmington Trust, N.A.",Regional,National (lends in CA),0/4  ✗SUW ✗Onl ✗SoCal ✗Card,N/M,N/M,,No card,—,N/M,$0,"3 LA/OC offices, $0 deposits (FDIC SOD 2025)",N/M,—,❌ No card (corporate trust/custody; $0 SoCal deposits),None,No,— (no business card),https://www.wilmingtontrust.com,—,N/M,N/M,Trust charter (M&T family). Census completeness row.,0,N/M,None,N/M,Not a card source,None (fiduciary),National — LA/OC trust offices,"Wilmington, DE",Reg,HIGH no-card (charter type). 2026-06-10,FDIC SOD 2025 cert 34069
175,,"BNY Mellon, N.A.",Regional,National (lends in CA),0/4  ✗SUW ✗Onl ✗SoCal ✗Card,N/M,N/M,,No card,—,N/M,$0,"2 LA/OC offices, $0 deposits (FDIC SOD 2025)",N/M,—,"❌ No card (trust/wealth charter — second BNY entity, cert 7946; sibling of BNY Mellon Trust Co row)",None,No,— (no business card),https://www.bny.com,—,N/M,N/M,Census completeness row.,0,N/M,None,N/M,Not a card source,None (wealth/trust),National — LA/OC offices,"New York, NY",Reg,HIGH no-card (charter type). 2026-06-10,FDIC SOD 2025 cert 7946
176,,CIBC National Trust Company,Regional,National (lends in CA),0/4  ✗SUW ✗Onl ✗SoCal ✗Card,N/M,N/M,,No card,—,N/M,$0,"1 OC office, $0 deposits (FDIC SOD 2025)",N/M,—,❌ No card (trust charter),None,No,— (no business card),https://us.cibc.com,—,N/M,N/M,Census completeness row.,0,N/M,None,N/M,Not a card source,None (trust),National — 1 OC trust office,"Atlanta, GA",Reg,HIGH no-card (charter type). 2026-06-10,FDIC SOD 2025 cert 91325
177,,"TIB, N.A. (The Independent BankersBank)",Regional,National (lends in CA),0/4  ✗SUW ✗Onl ✗SoCal ✗Card,N/M,N/M,,No card,—,N/M,N/M,1 OC office (FDIC SOD 2025),N/M,—,❌ No direct-to-business card — TIB is the bankers' bank AGENT ISSUER behind many community-bank cards in this table (cardaccount.net / mypreferredpoints.com programs),None direct (TIB IS an underwriter for partner banks),No,— (no business card),https://www.tib.bank,—,N/M,N/M,Census completeness row; 1 OC office. Apply via TIB partner banks instead.,0,N/M,None,N/M,Not a card source,None direct (white-label programs for banks),National — 1 OC office (bankers' bank),"Farmers Branch, TX",Reg,HIGH bankers'-bank (PCBB precedent). 2026-06-10,FDIC SOD 2025 cert 23647; tib.bank
178,,Summit State Bank,CA Bank,Other — NorCal,0/4  ✗SUW ✗Onl ✗SoCal ✗Card,N/M,N/M,,No card,—,$1.00B,$0.89B,"CA-only; Sonoma County (Santa Rosa, Healdsburg, Rohnert Park, Petaluma); Nasdaq: SSBI",CA-HQ'd,—,❌ No card (debit only; commercial lending),None,No,— (no business card),https://summitstatebank.com,—,N/M,N/M,N/M,0,N/M,None (LOC/SBA/CRE/equipment full-doc; small-biz loans up to ~$150K),N/M,Not a card source,Debit Mastercard only (no credit card),NorCal / SF (Sonoma),Santa Rosa,61,HIGH no-card (4 product pages confirm debit-only). 2026-05-29,"summitstatebank.com (business-banking, business-lending, merchant-services); FDIC cert 32203"
179,,Golden State Bank,CA Bank,★ Core SoCal,1/4  ✗SUW ✗Onl ✓SoCal ✗Card,N/M,N/M,,No card,—,$0.97B,N/M,CA-only; Glendale HQ + Upland; serves LA/OC/Riverside/SD/Ventura/San Bernardino; founded 2003,CA-HQ'd,—,❌ No card (business debit only; relationship commercial lending),None,No,— (no business card),https://www.goldenstatebank.com,—,N/M,N/M,N/M,0,N/M,None (working capital/equipment/CRE/construction/bridge/LOC full-doc),N/M,Not a card source,Mastercard Business DEBIT only (no credit card),SoCal / LA (Glendale),Glendale,62,HIGH no-card (full site nav; debit only). Latest verified assets ~$918M (6/30/25). 2026-05-29,"goldenstatebank.com (cash-management, debit-card, company-overview); FDIC cert 57585"
180,,First City Credit Union,Credit Union,★ Core SoCal,1/4  ✗SUW ✗Onl ✓SoCal ✗Card,N/M,N/M,,No card,—,~$0.90B,—,HQ Altadena (LA County); ~$0.90B; ~7 LA County branches; est 1937 (LA County employees),CA-HQ'd,—,❌ No BUSINESS card (consumer Visa only),N/M (consumer card; issuer unverified; lone 'Elan' hit unconfirmed),No,— (no business card),https://www.firstcitycu.org/loans-credit/credit-cards,—,N/M,N/M,Consumer-only Visa (2.99% intro 6 cycles; $0 BT/CA fees). No business card; not in CFPB agreement DB.,0,N/M,None (business/commercial banking + merchant services referenced; no no-doc product),Membership required (LA County depts/orgs + 72 LA + 9 San Bernardino + 3 Kern + 1 Ventura communities + family; NO nationwide path),Not a card source,Consumer Visa only (no business card),SoCal / LA,Altadena,CU,MED-HIGH no business card (consumer-only; CFPB DB 404; site Cloudflare-blocked). SoCal-restricted FOM. 2026-05-29,firstcitycu.org/loans-credit/credit-cards + /about/how-to-join; ncuso.org; consumerfinance.gov (no agreement)
181,,"C3bank, N.A.",CA Bank,★ Core SoCal,1/4  ✗SUW ✗Onl ✓SoCal ✗Card,N/M,N/M,,No card,—,$0.88B,N/M,"Encinitas HQ (San Diego County) + San Marcos, Riverside, Nashville TN; OCC national charter",CA-HQ'd,—,❌ No card (commercial/CRE/SBA bank; business debit only),None,No,— (no business card),https://www.c3bank.com,—,N/M,N/M,N/M,0,N/M,None (commercial/CRE/SBA 504/7(a)/term/LOC full-doc),N/M,Not a card source,Business debit card only (no credit card),SoCal / San Diego,Encinitas,66,HIGH no-card (site product menu = deposits/loans/SBA only). 2026-05-29,"c3bank.com (business-loans, business-checking, locations); FDIC cert 25249"
182,,Nano Banc,CA Bank,★ Core SoCal,1/4  ✗SUW ✗Onl ✓SoCal ✗Card,N/M,N/M,,No card,—,$0.87B,N/M,"Single-branch (Irvine, OC); historically Murrieta/Temecula (Riverside); SBA",CA-HQ'd,—,❌ No card (commercial lender + deposit/treasury; debit only),None,No,— (no business card),https://www.nanobanc.com,—,N/M,N/M,N/M,0,N/M,None (C&I/CRE/equipment/working-capital/LOC full-doc),N/M,Not a card source,None (business deposits + treasury mgmt + commercial lending; debit cards only),SoCal / Orange County,Irvine,68,HIGH no business card (homepage/business/treasury/lending pages all card-free). 2026-05-29,"nanobanc.com (business-accounts, lending, ci-lending); FDIC cert 58590"
183,,First Commercial Bank (USA),CA Bank,★ Core SoCal,1/4  ✗SUW ✗Onl ✓SoCal ✗Card,N/M,N/M,,No card,—,$0.87B,N/M,8 branches; Alhambra HQ; subsidiary of First Commercial Bank (Taiwan); Taiwanese/Chinese-American (est 1997),CA-HQ'd,—,❌ No card (deposit + commercial/SBA lending; debit likely),None (NOTE: an 'Elan' search hit is a MISATTRIBUTION to IL 'FCB Banks' — not this bank),No,— (no business card),https://www.bankfcb.com,—,N/M,N/M,N/M,0,N/M,"None for business ('reduced-doc' program is RESIDENTIAL mortgage, not business; commercial/SBA/ABL full-doc)",N/M,Not a card source,None identified (deposit accounts + commercial/SBA/RE/mortgage loans; debit only),SoCal / LA (San Gabriel Valley),Alhambra,67,MED-HIGH no marketed credit card (all 3 product pages checked); Elan hit excluded as misattribution. 2026-05-29,"bankfcb.com (Commercial, Personal, Loans pages); FDIC cert 34496; dfpi.ca.gov"
184,,Pacific Valley Bank,CA Bank,Other — Central Coast,0/4  ✗SUW ✗Onl ✗SoCal ✗Card,N/M,N/M,,No card,—,$0.63B,N/M,"Monterey County; Salinas, King City, Monterey + Santa Cruz expansion",CA-HQ'd,—,❌ No card (commercial/ag lender; debit Mastercard only),None,No,— (no business card),https://www.pacificvalleybank.com,—,N/M,N/M,N/M,0,N/M,None (commercial/ag LOC/term/construction/SBA/USDA/FSA/Farmer Mac full-doc; PDF apply→branch),N/M,Not a card source,Debit Mastercard only (no credit card),Central Coast / Salinas Valley,Salinas,75,HIGH no-card (4 site pages confirm debit-only). 2026-05-29,"pacificvalleybank.com (business-banking, products-services, business-loans); FDIC cert 57740"
185,,Pacific Enterprise Bank,Regional,★ Core SoCal,1/4  ✗SUW ✗Onl ✓SoCal ✗Card,N/M,N/M,,No card,—,~$0.52B (at close),—,"HQ Irvine (OC); DEFUNCT 2022-02-02 (now United Business Bank); was SBA lender, no card",N/M,—,❌ DEFUNCT — merged into United Business Bank (Feb 2022); never issued a card (SBA lender + merchant processing only),None,No,— (no business card),https://www.pacificenterprisebank.com/home/business,—,N/M,N/M,Defunct 2022-02-02; now United Business Bank. Was SBA lender; no card ever issued.,0,N/M,None (was SBA/CRE full-doc lender),N/M,Not a card source,None (SBA loans + merchant card processing; no issued card),SoCal / Orange County (Irvine) — DEFUNCT,"Irvine, CA",Reg,HIGH defunct + never issued a card. Now United Business Bank. 2026-05-28,FDIC cert 58415 (inactive); businesswire (BayCom merger); pacificenterprisebank.com loan/business pages
186,,"New OMNI Bank, N.A.",CA Bank,★ Core SoCal,1/4  ✗SUW ✗Onl ✓SoCal ✗Card,N/M,N/M,,No card,—,$0.52B,N/M,"4 SoCal branches (Alhambra, Arcadia, Rowland Heights, Irvine); est 1979 Monterey Park; Asian-American",CA-HQ'd,—,❌ No card (commercial/SBA lender; debit only),None,No,— (no business card),https://newomnibank.com,—,N/M,N/M,N/M,0,N/M,None (CRE/construction/C&I/SBA/trade finance full-doc),N/M,Not a card source,None (business deposits + commercial lending; no card),SoCal / LA (San Gabriel Valley),Alhambra,79,HIGH no business card (all product pages card-free). 2026-05-29,"newomnibank.com (business/deposit, locations); FDIC cert 23086"
187,,First Credit Bank,CA Bank,★ Core SoCal,1/4  ✗SUW ✗Onl ✓SoCal ✗Card,N/M,N/M,,No card,—,$0.51B,N/M,"Single branch (9255 W Sunset Blvd, West Hollywood); est 1983; niche CRE lender. ⚠️ calfcb.com is a confirmed fraud site (DFPI alert)",CA-HQ'd,—,⚠️ No card (single-branch CRE/commercial lender; no website),None,No,— (no business card),N/M (bank does not operate a website; calfcb.com is a DFPI-flagged FRAUD imposter),—,N/M,N/M,N/M,0,N/M,None (CRE/construction/business term/LOC full-doc),N/M,Not a card source,None (CRE/commercial lending; no card; no website),SoCal / LA,Los Angeles (West Hollywood),81,HIGH commercial-only/no-card/no-website (FDIC single-branch CRE + DFPI 'does not operate a website'). 2026-05-29,FDIC cert 24332; dfpi.ca.gov (First Credit Bank + calfcb.com fraud alert)
188,,"Chino Commercial Bank, N.A.",CA Bank,★ Core SoCal,1/4  ✗SUW ✗Onl ✓SoCal ✗Card,N/M,N/M,,No card,—,$0.47B,N/M,"3 branches Inland Empire (Chino, Upland, Ontario, Rancho Cucamonga, Corona); San Bernardino County",CA-HQ'd,—,❌ No BUSINESS card — the 'third-party' card is CONSUMER-framed ('manage your personal finances'); Unsecured Business LOC $10K-$100K instead,None for business (consumer card via undisclosed third party),No,— (no business card),https://www.chinocommercialbank.com,—,N/M,N/M,"Re-verified 2026-05-29: card copy is consumer ('manage your personal finances'); no online app, no issuer disclosed. Not a business card.",0,N/M,Unsecured Business LOC $10K-$100K ('quick decisions' marketing; no stated no-doc; PG + financials likely),N/M,Not a card source,Consumer third-party card (NOT business); Unsecured Business LOC $10K-$100K,SoCal / Inland Empire,Chino,83,HIGH re-verify: no BUSINESS card (consumer copy); the $10K-$100K LOC is the only business funding. 2026-05-29,chinocommercialbank.com/business-banking/business-services (consumer copy) + /business-loans (LOC); FDIC cert 35366
189,,Pacific Alliance Bank,CA Bank,★ Core SoCal,1/4  ✗SUW ✗Onl ✓SoCal ✗Card,N/M,N/M,,No card,—,$0.45B,N/M,SoCal community bank; San Gabriel/LA; Asian-American; est 2006; ticker PFBN,CA-HQ'd,—,❌ No card (commercial/SBA lender; Visa debit only),None,No,— (no business card),https://www.pacificalliancebank.com,—,N/M,N/M,N/M,0,N/M,None (SBA 7(a)/504/CRE/construction/term/LOC full-doc),N/M,Not a card source,Visa DEBIT only (no credit card),SoCal / LA (San Gabriel Valley),San Gabriel,84,HIGH no-card (homepage + commercial-loans confirm debit-only). 2026-05-29,"pacificalliancebank.com (Commercial-Loans, Other-Services); FDIC cert 58234"
190,,Community Commerce Bank,CA Bank,★ Core SoCal,1/4  ✗SUW ✗Onl ✓SoCal ✗Card,N/M,N/M,,No card,—,$0.41B,N/M,"3 LA-County branches (Claremont, Monterey Park, Tarzana); TELACU family; est 1976",CA-HQ'd,—,❌ No card (CRE/SBA lender; explicitly 'no unsecured products'),None,No,— (no business card),https://ccombank.com,—,N/M,N/M,N/M (FAQ: 'we do not have any checking or unsecured line of credit products'),0,N/M,None (CRE/SBA 7(a)/house-of-worship/non-owner-occ residential full-doc),N/M,Not a card source,None (CRE + SBA lending; no unsecured/card products by own statement),SoCal / LA (Claremont),Claremont,85,HIGH no-card (own FAQ disclaims unsecured/card products). 2026-05-29,ccombank.com/faq + /loans + /about; FDIC cert 26363
191,,Balboa Thrift and Loan Association,CA Bank,★ Core SoCal,1/4  ✗SUW ✗Onl ✓SoCal ✗Card,N/M,N/M,,No card,—,$0.41B,N/M,"San Diego (Chula Vista HQ) + Claremont, La Quinta, Fresno; industrial loan co. (est 1980)",CA-HQ'd,—,❌ No card (auto + CRE thrift & loan; FDIC-insured deposits),None,No,— (no business card),https://www.balboathrift.com,—,N/M,N/M,N/M (auto via dealers/RouteOne; CRE via brokers),0,N/M,"None (auto ~75% + CRE ~25%, collateral/full-doc)",N/M,Not a card source,None (auto finance + CRE lending; deposits/CDs; no card),SoCal / San Diego,Chula Vista,86,"MED-HIGH no-card (auto+CRE lender; own site stale, third-party-corroborated). 2026-05-29",sdbj.com (auto/CRE focus); dfpi.ca.gov; FDIC cert 26704
192,,"Liberty Bank, N.A. (Irvine, CA)",CA Bank,★ Core SoCal,1/4  ✗SUW ✗Onl ✓SoCal ✗Card,N/M,N/M,,No card,—,$0.40B,N/M,4 CA branches; Irvine HQ (OC) + LA + SF Bay Area (Millbrae/Boulder Creek/Felton/S.SF); DMG Bancshares; est 2001,CA-HQ'd,—,❌ No card (commercial bank; deposits + relationship lending),None (NOTE: Elan card data online belongs to Liberty Bank of CT — different entity),No,— (no business card),https://www.libertybk.com,—,N/M,N/M,N/M,0,N/M,None (term/LOC/commercial credit/CRE construction-to-perm full-doc),N/M,Not a card source,None (deposits + commercial lending; no card),SoCal / Orange County,Irvine,89,HIGH no-card for cert 35331 (own site; NOT Liberty Bank of CT which uses Elan). 2026-05-29,"libertybk.com (businessbanking, lending); FDIC cert 35331"
193,,American Continental Bank,CA Bank,★ Core SoCal,1/4  ✗SUW ✗Onl ✓SoCal ✗Card,N/M,N/M,,No card,—,$0.38B,N/M,~7 branches (CA + WA); City of Industry HQ; Chinese-American; pending Taichung Bank (Taiwan) acquisition,CA-HQ'd,—,❌ No card (commercial/SBA lender; debit/ATM only),None,No,— (no business card),https://www.americancontinentalbank.com,—,N/M,N/M,N/M,0,N/M,None (CRE/apartment/construction/land/equipment/C&I/SBA 7(a)/504 full-doc),N/M,Not a card source,None (commercial/SBA lending; debit/ATM cards only),SoCal / LA (San Gabriel Valley),City of Industry,91,HIGH no-card (own Products & Services = debit + commercial/SBA only). 2026-05-29,americancontinentalbank.com/Products-Services; FDIC cert 57444; en.wikipedia.org
194,,Universal Bank,CA Bank,★ Core SoCal,1/4  ✗SUW ✗Onl ✓SoCal ✗Card,N/M,N/M,,No card,—,$0.37B,N/M,5 CA branches; West Covina HQ; SGV/LA thrift (est 1954),CA-HQ'd,—,❌ No BUSINESS card (Elan PERSONAL card only; business = deposits + commercial lending),None for business (Elan issues its personal card),No,— (no business card),https://www.universalbank.com,—,N/M,N/M,N/M (no business card; personal Elan card exists),0,N/M,None (commercial lending relationship-underwritten),N/M,Not a card source,Personal credit card (Elan) only; business = checking/savings/CD/Solutions + commercial lending,SoCal / LA (San Gabriel Valley),West Covina,92,HIGH no business card (own site; personal-only Elan card; business is deposit+commercial-loan). 2026-05-29,universalbank.com/Resources/All-Services (personal card 'through Elan'); FDIC cert 30722
195,,Murphy Bank,CA Bank,Other — Central Valley (Fresno),0/4  ✗SUW ✗Onl ✗SoCal ✗Card,N/M,N/M,,No card,—,$0.36B,N/M,~2 Fresno locations; specialty secured lender; est 1984 (branded 'since 1976'),CA-HQ'd,—,❌ No card (specialty secured lender; deposits),None,No,— (no business card),https://www.murphybank.com,—,N/M,N/M,N/M (Murphy USA Visa = unrelated FNBO entity),0,N/M,"None (collateral-based: mobile homes, farm/commercial equipment, semi-trucks, vehicles)",N/M,Not a card source,None (deposits + specialty secured financing; no card),Central Valley (Fresno),Fresno,93,HIGH no-card (own product nav = deposits + secured loans only). 2026-05-29,murphybank.com; FDIC cert 25726; bestcashcow.com
196,,Bank Irvine,CA Bank,★ Core SoCal,1/4  ✗SUW ✗Onl ✓SoCal ✗Card,N/M,N/M,,No card,—,$0.31B,N/M,"Single office (Irvine, OC); target OC + LA County; de novo est Oct 2022. NOT a Commercial Bank of CA rebrand",CA-HQ'd,—,❌ No card (de novo commercial bank; Mastercard debit only),None,No,— (no business card),https://www.bankirvine.com,—,N/M,N/M,N/M,0,N/M,None (C&I/CRE/multifamily/SBA full-doc),N/M,Not a card source,Mastercard business/personal DEBIT only (no credit card),SoCal / Orange County,Irvine,94,HIGH no-card (own business pages = C&I/CRE/SBA + debit only). 2026-05-29,bankirvine.com/business-banking + /debit-card; FDIC cert 59296
197,,Community Valley Bank,Regional,Coachella (low),0/4  ✗SUW ✗Onl ✗SoCal ✗Card,N/M,N/M,,No card,—,N/M,N/M,"Indio (Riverside Co) + El Centro HQ, Brawley, Julian, Borrego Springs",N/M,—,⚠️ Unknown card status — ACQUIRED by Frontwave Credit Union eff. 2025-10-01 ('no changes... until Frontwave business suite transition late 2026'); Coachella Valley presence (Indio),(→ Frontwave CU post-merger),No,— (no business card),https://www.yourcvb.com,—,N/M,N/M,Business lending continues post-merger; terms N/M. Recheck after Frontwave transition. Light census 2026-06-10.,0,N/M,None published,N/M,Not a card source,(transitioning to Frontwave CU),Coachella Valley / Riverside (Indio branch) + Imperial County,"El Centro, CA",Reg,MED merger-transition. Light census 2026-06-10,frontwavecu.com/cvb (PR 2025-01-22); yourcvb.com (Wayback 2020)
198,,Monterey County Bank,CA Bank,Other — Central Coast (Monterey County),0/4  ✗SUW ✗Onl ✗SoCal ✗Card,N/M,N/M,,No card,—,$0.30B,N/M,Monterey/Carmel/Pacific Grove/Salinas; est 1977; 2023 recap reported,CA-HQ'd,—,❌ No BUSINESS card (legacy consumer subprime 'Emblem' MC only; SBA/commercial lender),None for business (legacy Emblem run by Jefferson Capital),No,— (no business card),https://montereycountybank.com,—,N/M,N/M,"N/M (Emblem = consumer subprime credit-builder, not business; not on bank site)",0,N/M,None (SBA 7(a)/CRE/C&I full-doc; #1 SBA 7(a) lender in Monterey County),N/M,Not a card source,None for business (debit + Elavon merchant; legacy consumer Emblem MC via Jefferson Capital),Central Coast (Monterey County),Monterey,95,HIGH no business card (site = debit + merchant only; Emblem is consumer-only legacy). 2026-05-29,"montereycountybank.com (Debit-Card, Merchant-Services); FDIC cert 22460; creditcardchaser.com (legacy Emblem)"
199,,"Gateway Bank, F.S.B.",CA Bank,Other — NorCal,0/4  ✗SUW ✗Onl ✗SoCal ✗Card,N/M,N/M,,No card,—,$0.29B,N/M,Oakland + Walnut Creek; federal savings bank (thrift); est 1990. NOT AZ/AR same-name banks,CA-HQ'd,—,❌ No card (thrift; MoneyPass debit; collateral-based CRE lending),None,No,— (no business card),https://www.gatewayfsb.com,—,N/M,N/M,N/M,0,N/M,None (real-estate-collateral CRE/LOC/term full-doc),N/M,Not a card source,None (deposits + treasury + collateral CRE loans; MoneyPass debit only),NorCal / SF-East Bay,Oakland,96,HIGH no-card (own home + commercial-loans pages; debit only; assets verified $286.5M). 2026-05-29,gatewayfsb.com + /commercial-loans; FDIC cert 33103 ($286.53M)
200,,Mission National Bank,CA Bank,Other — NorCal,0/4  ✗SUW ✗Onl ✗SoCal ✗Card,N/M,N/M,,No card,—,$0.25B,N/M,Single SF office (Mission District); ~42 yrs; CA-only,CA-HQ'd,—,❌ No card (community bank; Visa debit only),None,No,— (no business card),https://mnbsf.com,—,N/M,N/M,"N/M (Prelim portal = deposit account opening, not cards)",0,N/M,None (term/LOC/CRE/letters-of-credit full-doc),N/M,Not a card source,Visa DEBIT only (no credit card),NorCal / SF,San Francisco,99,HIGH no-card (site nav = debit + commercial lending only). 2026-05-29,"mnbsf.com (home, Contact-Us); FDIC cert 23749"
201,,Neighborhood National Bank,CA Bank,★ Core SoCal,1/4  ✗SUW ✗Onl ✓SoCal ✗Card,N/M,N/M,,No card,—,$0.23B,N/M,"San Diego County (El Cajon HQ, National City); first national bank designated a CDFI; est 1997",CA-HQ'd,—,❌ No card (CDFI community bank; business debit + merchant services only),None,No,— (no business card),https://www.mynnb.com,—,N/M,N/M,N/M,0,N/M,None (term/revolving LOC/CRE/SBA 7(a)/504/Express/construction full-doc),N/M,Not a card source,Business DEBIT + merchant card services only (no issued credit card),SoCal / San Diego,El Cajon,101,HIGH no-card (home/lending/nav = debit + merchant + commercial lending only). 2026-05-29,"mynnb.com (lending/business-loans, merchant-card-services); FDIC cert 34548"
202,,Capital Bank and Trust Company,CA Bank,★ Core SoCal,1/4  ✗SUW ✗Onl ✓SoCal ✗Card,N/M,N/M,,No card,—,$0.23B,N/M,Captive trust bank of Capital Group (American Funds); Irvine HQ; savings-bank charter; 2 offices,CA-HQ'd,—,❌ No card (Capital Group / American Funds captive trust & custody bank),None,No,— (no business card),https://www.americanfunds.com,—,N/M,N/M,N/M (directed-trustee/custodial for American Funds retirement plans + IRAs),0,N/M,None (no commercial lending or card; retirement custody only),N/M,Not a card source,None (directed trustee + custodial services for retirement plans/IRAs),SoCal / Orange County,Irvine,102,HIGH no-card (captive American Funds trust/custody bank; FDIC WEBADDR=americanfunds.com). 2026-05-29,FDIC cert 35164 (WEBADDR americanfunds.com); en.wikipedia.org/wiki/Capital_Group
203,,United Pacific Bank,CA Bank,★ Core SoCal,1/4  ✗SUW ✗Onl ✓SoCal ✗Card,N/M,N/M,,No card,—,$0.19B,N/M,City of Industry HQ + Monterey Park; Asian-American; est 1982,CA-HQ'd,—,⚠️ TCM CONSUMER card only; NO business card marketed,"TCM Bank, N.A. (consumer card)",No,— (no business card),https://www.upbnet.com,—,N/M (TCM),N/M,N/M (only a 'Consumer Credit Card' page; no business card published),0,N/M,None (business loans/LOC/SBA/CRE/truck full-doc),N/M,Not a card source,Consumer Credit Card (TCM) only; no business credit card,SoCal / LA (San Gabriel Valley),City of Industry,104,MED-HIGH no BUSINESS card (only TCM consumer card published); issuer=TCM. 2026-05-29,upbnet.com/Consumer-Credit-Card (TCM); FDIC cert 23805
204,,Hatch Bank,CA Bank,★ Core SoCal,1/4  ✗SUW ✗Onl ✓SoCal ✗Card,N/M,N/M,,No card,—,$0.19B,N/M,"San Marcos (SD County); BaaS/sponsor bank (ex-Rancho Santa Fe Thrift, renamed 2019); 1 branch",CA-HQ'd,—,❌ No direct-to-business card (BaaS/fintech-sponsor bank),None (sponsor bank for fintech card programs; not direct issuer to businesses),No,— (no business card),https://www.hatchbank.com,—,N/M,N/M,N/M (B2B partner onboarding only; 'Talk to Hatch'),0,N/M,None direct (embedded lending/card-issuing rails for fintech partners e.g. Enfin/Sungage),N/M,Not a card source,"None to end-businesses (BaaS: card issuing, embedded lending, deposit rails for fintechs). NOT the unrelated 'Hatch Card' fintech",SoCal / San Diego,San Marcos,105,HIGH no direct-to-business card (BaaS sponsor model). 2026-05-29,hatchbank.com/solutions; FDIC cert 25803; dfpi.ca.gov
205,,"Beacon Business Bank, N.A.",CA Bank,Other — NorCal,0/4  ✗SUW ✗Onl ✗SoCal ✗Card,N/M,N/M,,No card,—,$0.17B,N/M,SF Financial District + San Mateo (Peninsula); NorCal only; est 1984 (ex-Trans Pacific National Bank),CA-HQ'd,—,❌ No card (Visa debit only; SBA/commercial lender),None,No,— (no business card),https://www.beaconbusinessbank.com,—,N/M,N/M,"N/M (formerly Trans Pacific National Bank, NOT Pan American)",0,N/M,None (AR/inventory financing/CRE/LOC/construction/bridge/equipment/SBA<=$5M full-doc),N/M,Not a card source,Visa DEBIT only (no credit card),NorCal / SF,San Francisco,107,HIGH no-card (4 site pages confirm debit-only). NOT the Elan-issuing 'Beacon Bank' (different). 2026-05-29,"beaconbusinessbank.com (business-loans, debit-card, history); FDIC cert 25644"
206,,"Bank of Whittier, N.A.",CA Bank,★ Core SoCal,1/4  ✗SUW ✗Onl ✓SoCal ✗Card,N/M,N/M,,No card,—,$0.16B,N/M,Single Whittier office (LA County); Riba-Free/interest-free community bank; est 1982,CA-HQ'd,—,❌ No card (Riba-Free/interest-free Islamic-principle bank; RF debit only),None,No,— (no business card),https://www.bankofwhittier.com,—,N/M,N/M,N/M (interest-bearing cards inconsistent with Riba-Free model),0,N/M,"None (RF business/commercial financing = relationship/asset-based, not no-doc)",N/M,Not a card source,RF Debit Cards only (no credit card; RF deposit + commercial financing),SoCal / LA (Whittier),Whittier,108,HIGH no-card (Riba-Free model structurally excludes interest cards; debit only). 2026-05-29,"bankofwhittier.com (home, open-business-account); FDIC cert 24211; OCC CRA eval"
207,,Eastern International Bank,CA Bank,★ Core SoCal,1/4  ✗SUW ✗Onl ✓SoCal ✗Card,N/M,N/M,,No card,—,$0.12B,N/M,2 branches (LA Chinatown + Monterey Park); Chinese-American/Pacific Rim; est 1985,CA-HQ'd,—,❌ No card (CRE lender; Visa debit only),None,No,— (no business card),https://www.eibankca.com,—,N/M,N/M,N/M,0,N/M,None (CRE: apartments/office/retail/industrial/hospitality/mixed-use full-doc),N/M,Not a card source,Visa DEBIT only (no credit card),SoCal / LA (Chinatown),Los Angeles,110,HIGH no-card (own site; CRE + debit only). 2026-05-29,"eibankca.com (home, About-Us); FDIC cert 32277"
208,,California Business Bank,CA Bank,★ Core SoCal,1/4  ✗SUW ✗Onl ✓SoCal ✗Card,N/M,N/M,,No card,—,$0.12B,$0.10B,Single Irvine office (OC); minority-owned 'fin-tech' commercial bank; est 2005,CA-HQ'd,—,❌ No card (deposits + commercial/SBA loans; no card or debit listed),None,No,— (no business card),https://www.californiabusinessbank.com,—,N/M,N/M,N/M (no card product),0,N/M,None (Streamlined SBA <=$150K is lightest-touch but still documented SBA; commercial full-doc),N/M,Not a card source,None (business deposits + commercial/SBA loans; no card),SoCal / Orange County,Irvine,111,HIGH no-card (full site reviewed; deposits+loans only). 2026-05-29,"californiabusinessbank.com (business-deposits, sba-loans); FDIC cert 58037"
209,,California Pacific Bank,CA Bank,Other — NorCal,0/4  ✗SUW ✗Onl ✗SoCal ✗Card,N/M,N/M,,No card,—,$0.10B,$0.06B,SF + Hayward + Fremont; NorCal Bay Area; Chinese-American merchant bank; est 1980,CA-HQ'd,—,❌ No card (relationship merchant/commercial bank; no card published),None,No,— (no business card),https://www.calpacificbank.com,—,N/M,N/M,N/M (third-party aggregator 'credit cards' mention unverified),0,N/M,None ('fast commercial lending' to import/export/manufacturing/wholesale/retail; no terms/no-doc published),N/M,Not a card source,None published (commercial/merchant lending + deposits; no card on own site),NorCal / SF-East Bay,Hayward,113,MED-HIGH no-card (own site has no card; tiny merchant bank). 2026-05-29,"calpacificbank.com (mission, location-and-contact); FDIC cert 23242"
210,,"California International Bank, N.A.",CA Bank,★ Core SoCal,1/4  ✗SUW ✗Onl ✓SoCal ✗Card,N/M,N/M,,No card,—,$0.10B,N/M,Single Westminster office (OC); Vietnamese-American community bank; OCC national charter; est 2005,CA-HQ'd,—,❌ No card (commercial/SBA bank; ATM/debit only),None,No,— (no business card),https://www.cali.bank,—,N/M,N/M,N/M,0,N/M,None (working capital/asset-based/expansion/CRE + SBA full-doc),N/M,Not a card source,ATM/debit cards only (no credit card),SoCal / Orange County,Westminster,114,"HIGH no-card (own site = deposits/loans/SBA, no credit card). 2026-05-29",cali.bank (product pages); FDIC cert 57974
211,,Tustin Community Bank,CA Bank,★ Core SoCal,1/4  ✗SUW ✗Onl ✓SoCal ✗Card,N/M,N/M,EXP #3 (mentor — UNCORROBORATED: no card found; call-report $0),No card,—,$0.08B,N/M,Single Tustin office (OC); ex-Tustin Thrift & Loan; subsidiary of Saddleback Bancorp; est 1981. Real domain = tustin.bank (NOT tustincommunitybank.com),CA-HQ'd,—,❌ No card — RE-VERIFIED 2026-06-09 vs mentor claim: FDIC call reports show credit-card loans (LNCRCD) = $0 for 4 straight quarters → definitively NOT a self-issuer,None (no agent-portal links sitewide; agent program can't be fully ruled out — one undated Yelp review mentions 'brochures on... credit cards'),No,— (no business card),https://www.tustin.bank,—,"Mentor (2026-06): 'Experian' — UNCORROBORATED; no card found. Likely origins: indirect-auto EX pull misfiled, or entity slip for Sunwest Bank (founded in Tustin, flagship branch on Irvine Blvd, Tustin)",N/M,"Re-verify trail: full site crawl + FDIC financials + CFPB agreement DB + myFICO/DoC/Reddit/CreditBoards = zero card evidence. RESOLUTION: call (714) 730-5662 and ask 'do you offer a business credit card, who issues it?'",0,N/M,"Business LOC advertised (no amounts/docs published; RM-mediated, asset-secured language)",N/M,Not a card source,Business DEBIT only (no credit card found),SoCal / Orange County,Tustin,115,HIGH no-self-issued-card (call report $0 = dispositive); MED-HIGH no card at all (agent loophole ajar via Yelp brochure mention). 2026-06-09,tustin.bank/products-services (crawl 2026-06-09); api.fdic.gov financials cert 32908 (LNCRCD=$0 ×4qtrs); web.archive.org 2004; yelp.com/biz/tustin-community-bank-tustin (undated snippet)
212,,Altos Bank,CA Bank,Other — NorCal,0/4  ✗SUW ✗Onl ✗SoCal ✗Card,N/M,N/M,,No card,—,$0.06B,N/M,"Single Los Altos office (Silicon Valley); de novo chartered Nov 2024, opened Mar 2025",CA-HQ'd,—,❌ No card (de novo; business debit only; commercial/SBA lending),None,No,— (no business card),https://www.altosbank.com,—,N/M,N/M,N/M (chartered Nov 2024; opened Mar 2025; product set may expand),0,N/M,None (commercial/SBA 7(a)/504/investor RE/construction/equipment full-doc),N/M,Not a card source,Business DEBIT only (no credit card),NorCal / Silicon Valley,Los Altos,116,HIGH no-card (business/deposit/lending pages = debit only; ~6mo old). 2026-05-29,"altosbank.com (business-banking, lending-solutions); FDIC cert 59339; prnewswire"
213,,Asian Pacific National Bank,CA Bank,★ Core SoCal,1/4  ✗SUW ✗Onl ✓SoCal ✗Card,N/M,N/M,,No card,—,$0.06B,N/M,San Gabriel HQ (LA County); Asian-American community bank; OCC charter 23006; est 1990,CA-HQ'd,—,❌ No card (commercial bank; debit/prepaid only),None,No,— (no business card),https://www.asianpacificbank.com,—,N/M,N/M,N/M (smallest CA-HQ'd bank by assets),0,N/M,None (business loans/LOC/CRE/construction/SBA/hotel-motel/warehouse full-doc),N/M,Not a card source,Debit/prepaid cards only (no credit card),SoCal / LA (San Gabriel Valley),San Gabriel,117,HIGH no-card (3 bank pages = no credit cards). 2026-05-29,"asianpacificbank.com (Business-Banking, Banking-Services); occ.treas.gov (charter 23006); FDIC cert 33013"
